user;PR;comments;coments_review;commit;changed_files;add_lines;delete_lines
filosganga;3;1;0;4788;1;2;2
bedla;7;6;0;1;2;278;15
costin;11;3;0;2;9;526;15
costin;9;1;0;3;9;137;11
twicksell;18;1;0;4;8;454;26
lepirlouit;20;1;0;0;0;0;0
ttddyy;1144;3;0;1;3;257;1
ttddyy;639;1;0;1;2;31;0
ttddyy;173;1;0;1;1;40;47
ttddyy;75;6;0;1;2;85;8
ttddyy;72;2;0;1;2;267;0
ttddyy;43;7;0;1;24;1171;142
ttddyy;31;4;0;1;12;531;0
ttddyy;23;2;0;1;1;5;0
swachter;28;4;0;0;0;0;0
scottfrederick;30;10;0;1;4;389;0
marschall;1282;1;0;1;1;3;3
marschall;1281;1;0;1;3;6;6
marschall;1280;4;0;1;1;2;4
marschall;1206;1;0;1;28;58;58
marschall;1205;1;0;1;2;2;5
marschall;1204;0;0;1;2;1;5
marschall;1003;2;0;1;1;5;1
marschall;797;1;0;1;3;16;10
marschall;527;1;0;1;6;10;17
marschall;526;1;0;1;12;63;64
marschall;525;1;0;1;9;70;70
marschall;524;1;0;1;12;39;39
marschall;523;1;0;1;7;22;22
marschall;522;1;0;1;10;41;43
marschall;521;1;0;1;11;0;12
marschall;520;1;0;1;13;0;21
marschall;519;1;0;1;1;7;6
marschall;518;2;0;1;14;97;107
marschall;463;1;0;1;1;11;3
marschall;397;1;0;1;1;3;3
marschall;295;4;0;1;3;339;0
marschall;292;5;0;1;8;562;0
marschall;222;15;0;1;8;606;1
marschall;64;4;0;1;1;7;1
marschall;37;6;0;1;2;30;17
marschall;34;5;0;1;11;12;30
dmak;334;1;0;14;2;141;23
dmak;330;7;0;15;2;196;92
dmak;306;13;0;13;2;234;51
dmak;235;1;0;11;2;101;0
dmak;129;16;0;10;2;561;0
dmak;128;16;0;14;3;315;11
dmak;89;1;0;9;2;311;0
dmak;88;9;1;9;2;491;0
dmak;40;4;0;7;0;0;0
mjkrumlauf;44;5;0;0;0;0;0
jyothim;52;2;0;7;2;271;3
jyothim;51;0;0;7;33;171;81
giovannidalloglio;219;3;0;2;19;744;34
giovannidalloglio;201;4;0;174;1087;10227;36994
giovannidalloglio;80;5;9;1;19;428;63
giovannidalloglio;54;5;0;3;234;11767;2009
Abdull;55;4;0;0;0;0;0
tburch;56;10;0;1;9;120;15
shred;60;4;0;0;0;0;0
dukehoops;63;2;0;1;2;80;3
lhotari;731;1;0;1;1;12;6
lhotari;531;1;0;1;4;31;0
lhotari;65;1;0;1;1;6;1
Dridi;66;4;0;0;0;0;0
djkieras;68;3;0;0;0;0;0
allnightlong;70;5;0;0;0;0;0
sgri;71;2;0;2;2;2;2
movink;74;5;0;2;1;140;0
davidthexton;78;2;0;1;8;2386;2231
JanecekPetr;81;1;0;0;0;0;0
rcrathore;82;1;0;1;1;2;1
obecker;307;0;0;1;1;17;4
obecker;85;5;1;1;6;52;43
ianbrandt;90;1;1;1;1;187;5
matsev;536;2;0;1;2;524;0
matsev;535;2;0;1;1;18;18
matsev;504;5;0;1;2;618;0
matsev;91;4;0;1;4;2;13
DavidBiesack;92;4;0;0;0;0;0
maxcom;93;3;0;1;2;9;1
tmeighen;130;1;0;1;3;15;2
tmeighen;96;4;0;1;2;128;6
jexp;100;1;0;1;1;2;1
remast;102;4;0;2;6;266;0
edalquist;165;1;0;0;0;0;0
edalquist;164;2;0;0;0;0;0
edalquist;103;1;0;0;0;0;0
satyapalreddy;114;4;0;1;16;522;60
jjYBdx4IL;119;2;0;0;0;0;0
wkleu;127;2;0;1;2;92;2
wkleu;126;2;0;1;2;92;2
billkoch;138;1;0;1;4;273;4
isopov;145;3;0;1;1;1;0
tempredirect;153;3;0;1;5;107;6
tempredirect;152;0;0;1;5;90;4
karlbennett;644;2;0;1;6;299;12
karlbennett;261;4;0;1;1;2;2
karlbennett;259;1;0;1;1;1;1
karlbennett;170;1;0;1;1;1;1
mdeinum;1140;2;0;2;2;81;7
mdeinum;1006;1;0;1;2;42;4
mdeinum;838;1;0;1;1;1;1
mdeinum;552;1;0;1;2;18;6
mdeinum;551;13;0;2;2;128;33
mdeinum;234;2;0;20;264;455;271
mdeinum;174;1;0;1;1;13;1
ericweinberg;175;4;0;1;1;19;14
EzequielB;179;1;0;2;2;2;6
EzequielB;178;1;0;1;1;117;0
EzequielB;177;2;0;1;1;1;1
stuartgunter;180;1;0;1;2;6;3
zhouzhonghua;264;1;0;3;3;31;2
zhouzhonghua;182;1;0;3;3;31;2
zhengxiaochuan;193;1;0;1;1;1;1
KingBuzzer;1115;2;0;1;1;1;1
KingBuzzer;196;0;0;1;1;1;1
habuma;204;1;0;1;1;1;0
acogoluegnes;236;1;0;1;1;8;1
acogoluegnes;233;1;0;1;1;25;0
acogoluegnes;232;2;0;1;5;225;4
acogoluegnes;205;5;0;1;4;109;2
daveboden;217;1;0;1;3;32;6
daveboden;211;2;0;4;3;32;6
daveboden;206;3;0;1;2;1107;1091
tommack;208;0;0;1;1;1;1
bijukunjummen;1273;1;0;1;2;92;1
bijukunjummen;703;0;0;1;1;5;1
bijukunjummen;662;1;0;1;6;313;264
bijukunjummen;514;3;0;1;1;1;1
bijukunjummen;464;1;0;1;3;233;15
bijukunjummen;407;0;0;1;1;10;10
bijukunjummen;404;0;0;1;4;13;13
bijukunjummen;382;1;0;1;4;61;12
bijukunjummen;324;0;0;1;4;133;1
bijukunjummen;314;0;0;1;1;1;1
bijukunjummen;213;3;0;1;1;9;6
eugenp;215;8;0;0;0;0;0
alan125;216;1;0;1;1;2;1
kdombeck;221;0;0;1;1;1;1
magruschinske;223;0;0;1;1;3;1
lemonzy;226;0;0;1;1;1;0
lemonzy;225;0;0;1;1;1;0
bill2004158;229;1;0;1;1;1;1
avbentem;230;1;0;1;1;8;0
wesleyhall;238;2;0;0;0;0;0
staale;239;2;0;1;2;40;2
nurkiewicz;837;0;0;1;2;41;9
nurkiewicz;241;3;0;2;1;1;1
jmnarloch;912;7;3;1;7;371;2
jmnarloch;886;3;0;1;1;8;4
jmnarloch;615;2;0;1;3;90;2
jmnarloch;614;3;0;1;2;77;22
jmnarloch;613;3;0;1;1;19;0
jmnarloch;243;3;0;1;1;84;0
michail-nikolaev;246;6;0;1;16;650;32
backslash47;248;1;0;1;1;5;0
dharkness;260;1;0;1;1;2;2
dharkness;252;1;0;1;1;10;14
yegorch;258;0;0;1;1;7;3
martinlippert;819;1;0;1;2;5;1
martinlippert;263;5;0;2;3;13;8
nkukhar;265;1;0;0;0;0;0
SimplyAmuthan;267;1;0;1;1;4;0
josebarragan;268;2;0;0;0;0;0
xuechong87;414;0;0;0;0;0;0
xuechong87;274;0;0;0;0;0;0
Zeouterlimits;278;1;0;1;1;2;2
adriandoyle;280;1;0;0;0;0;0
kdlan;284;1;0;1;2;2;1
Fuud;294;4;0;1;1;1;1
Fuud;290;5;0;1;6;210;48
deline;296;1;0;1;2;28;3
beamerblvd;320;1;0;1;1;47;40
beamerblvd;319;2;0;2;3;165;0
beamerblvd;318;1;0;3;5;125;3
beamerblvd;305;1;0;1;1;6;1
beamerblvd;298;3;0;1;37;2554;35
beamerblvd;297;9;0;1;13;467;24
eric-vlaanderen;300;3;0;1;1;21;3
onagano-rh;302;0;0;1;4;24;0
antonio-marrero;304;2;0;1;2;15;0
marcioj;310;2;0;0;0;0;0
sfussenegger;313;1;0;0;0;0;0
sfussenegger;311;4;0;0;0;0;0
panzhiqiu;316;1;0;77;166;2694;1804
twhitmorenz;321;1;0;1;1;8;1
Xaerxess;379;1;0;1;1;18;17
Xaerxess;326;2;0;1;1;7;7
Xaerxess;325;3;0;1;2;4;4
lonre;328;1;0;1;1;2;2
sleepred;329;2;0;1;2;69;2
clemp6r;357;2;0;0;0;0;0
clemp6r;335;3;0;0;0;0;0
bparry02;337;0;0;1;7;93;2
janm399;345;2;0;1;1;2;0
janm399;344;3;0;1;1;32;5
janm399;338;4;0;2;4;256;0
GabiAxel;339;2;3;0;0;0;0
raphw;340;2;0;1;1;4;4
byungseok;342;2;0;1;1;28;3
pbobruk;343;1;0;0;0;0;0
sivaprasadvalluru;348;4;0;3;6;261;2
vvictorlee;360;3;0;1;1;5;5
vvictorlee;352;2;0;1;1;22;2
tan9;353;1;0;1;1;1;1
nitinsha;356;0;0;275;410;14484;5472
xiaofengchen;369;0;0;162;285;4675;3050
freexiao;383;0;0;169;299;5103;3222
wayshall;384;4;0;0;0;0;0
candrews;861;1;0;1;1;12;0
candrews;860;2;0;1;1;30;0
candrews;854;2;2;1;3;139;3
candrews;829;3;0;2;2;17;0
candrews;653;7;0;2;7;818;37
candrews;630;1;0;1;1;5;8
candrews;629;1;0;1;1;13;6
candrews;532;2;0;3;11;119;14
candrews;479;1;0;1;1;1;3
candrews;478;1;0;1;1;1;3
candrews;477;2;0;1;1;2;2
candrews;385;3;0;1;2;102;10
artembilan;548;3;0;1;4;26;23
artembilan;389;0;0;1;2;7;4
artembilan;388;1;0;1;2;7;4
chelu;398;1;0;1;6;173;29
chelu;391;0;1;1;6;154;15
chelu;390;1;0;1;3;87;1
sxkolanupaka;394;1;0;182;320;5632;3493
mezhou887;401;0;0;0;0;0;0
mezhou887;400;0;0;0;0;0;0
mezhou887;399;0;0;0;0;0;0
guidomedina;454;3;0;1;1;3;16
guidomedina;405;0;0;208;371;7166;4290
cdupuis;409;0;0;1;2;13;3
evpaassen;411;4;0;1;1;3;3
samuelteixeiras;412;3;0;8;5;30;9
bwzhang2011;413;0;0;209;370;7206;4274
ericdahl;418;1;0;1;37;55;55
lehoon;420;0;0;2;14;287;37
purnimanagpal23;422;0;0;1;1;1;0
md42;424;1;0;1;1;2;2
fpavageau;425;0;0;1;1;46;2
dannyarcher;426;0;0;1;1;21;5
VasylTretiakov;558;1;0;0;0;0;0
VasylTretiakov;430;0;2;0;0;0;0
VasylTretiakov;429;1;0;0;0;0;0
VasylTretiakov;428;3;0;0;0;0;0
VasylTretiakov;427;1;0;0;0;0;0
floresj;431;5;0;1;1;1;1
snicoll;610;4;17;1;3;1046;0
snicoll;496;0;0;1;2;132;29
snicoll;492;1;0;1;3;215;2
snicoll;490;4;0;1;4;188;65
snicoll;483;4;0;1;2;28;13
snicoll;482;1;0;1;1;35;5
snicoll;480;1;0;1;3;86;1
snicoll;462;0;0;1;1;121;0
snicoll;461;1;0;1;6;347;22
snicoll;452;0;0;1;1;28;6
snicoll;448;1;0;1;43;240;603
snicoll;447;0;3;2;1;32;0
snicoll;445;5;0;2;1;9;4
snicoll;443;3;0;2;5;142;3
snicoll;442;1;0;2;3;236;28
snicoll;441;3;0;2;25;652;68
snicoll;439;1;0;1;1;2;2
snicoll;436;4;0;3;1;40;6
snicoll;435;1;0;1;1;1;1
snicoll;434;1;0;1;1;18;4
kkroner;438;4;0;1;1;10;0
malkusch;1012;2;0;1;1;6;4
malkusch;440;0;0;1;2;59;6
devashishmamgain;444;1;0;5;1;6;2
ArloL;446;1;0;1;1;20;0
robfrank;459;2;0;0;0;0;0
zhangclong;460;2;0;1;1;2;0
wjkiss000;465;1;0;379;633;14599;9410
petrukhnov;469;1;0;1;1;1;1
aweigold;473;1;0;1;1;38;0
cbaldwin74;485;2;0;1;10;742;498
cloudmark;487;5;0;1;5;80;3
bturner;491;1;0;1;1;17;6
antihate80;498;0;0;6;2;8;0
roseyoung;500;0;0;1;1;1;0
sakli1;501;1;0;1;1;1;1
arey;502;1;0;0;0;0;0
youngjee;608;0;0;1;1;1;0
youngjee;506;0;0;2;2;9;6
mbknor;510;2;0;2;2;3;3
HejiaHo;513;1;0;1;1;1;1
MoonJongMin;676;1;0;1;2;138;1
MoonJongMin;517;1;0;3;6;120;8
MoonJongMin;515;2;0;1;2;56;2
GrahamLea;516;1;0;1;1;13;0
sorra;533;2;0;1;2;30;2
Chexpir;534;1;0;1;1;1;1
romansky;542;0;0;0;0;0;0
maciejwalkowiak;543;1;0;1;4;262;72
lihuiying;545;1;0;462;734;18991;11599
jkschneider;549;1;0;1;1;1;0
zhang-yan-talendbj;550;1;0;1;17;199;449
hussamcs;555;1;0;124;256;6323;2660
paulojribp;556;2;0;0;0;0;0
ghzsw;559;1;0;124;256;6323;2660
hengyunabc;1327;1;0;1;1;1;1
hengyunabc;562;2;0;2;1;12;11
aemruli;585;1;0;1;4;79;7
aemruli;578;1;0;1;2;136;0
MykolaBova;579;0;0;4;0;0;0
bmahe-tango;580;2;0;1;1;19;3
cshannon;587;1;0;1;5;138;26
lfarmer;588;8;0;34;232;9856;2359
overmindx;683;0;0;2;2;3;3
overmindx;682;0;0;2;2;2;2
overmindx;681;1;0;3;2;6;2
overmindx;605;2;0;1;1;1;1
bsangwan;606;2;0;1;1;91;24
dharaburda;616;1;0;1;5;115;106
dharaburda;607;1;0;1;2;130;38
jinhanyun;618;0;0;205;460;9497;4683
stevensouza;619;1;0;1;2;223;78
cp149;622;3;0;216;515;10249;5446
milgarubanjuk;628;1;0;1;2;14;4
tsingheng;632;0;0;0;0;0;0
AddoSolutions;636;2;0;1;1;13;0
yuyonglucky;1022;1;0;1;0;0;0
yuyonglucky;640;0;0;1;0;0;0
nigelzor;643;0;0;1;2;18;2
mgbckr;646;1;0;3;4;58;2
olomix;648;3;0;1;1;1;1
quaff;1259;0;0;1;1;1;1
quaff;1244;2;0;1;1;6;4
quaff;998;1;0;1;4;142;0
quaff;650;2;0;1;1;11;3
unpush;651;3;0;1;1;1;1
usultis;652;2;0;1;1;5;5
adjohnson916;654;1;0;1;1;3;3
kicktipp;694;2;0;0;0;0;0
kicktipp;655;1;0;0;0;0;0
emalock3;657;1;0;1;2;45;1
K0zka;658;0;0;0;0;0;0
mobichel;661;1;0;0;0;0;0
vincentKim1218;680;0;0;8;1;6;6
vincentKim1218;674;1;0;7;1;6;6
vincentKim1218;665;1;0;2;2;1;2
luckybomb;667;3;0;1;1;3;2
luckybomb;666;0;0;1;1;3;2
antonigaudi;668;4;0;1;2;13;1
RyuSangGi;672;2;0;2;1;5;3
grootzhao;675;0;0;1;1;1;1
ksseo0701;677;2;0;2;1;2;4
iamjs77;678;2;0;1;1;1;1
hangsublim;679;0;0;1;1;3;2
steveash;686;0;0;1;1;13;0
lxr0827;689;0;0;542;937;23563;15089
lxr0827;688;0;0;0;0;0;0
wpf824;690;1;0;305;730;14843;8840
fyname;691;1;0;309;733;15125;8930
chrisirhc;698;1;0;1;1;1;1
The-Alchemist;700;1;0;1;9;55;30
marceloverdijk;706;3;0;0;0;0;0
marceloverdijk;705;0;0;0;0;0;0
mores;707;2;0;1;1;17;31
xiaolongzuo;945;2;0;1;2;75;14
xiaolongzuo;728;0;0;6;2;20;8
xiaolongzuo;725;2;0;7;1;1;1
xiaolongzuo;708;3;0;5;1;2;2
flozano;709;0;0;1;1;1;1
yihuafu;710;0;0;342;781;16635;10119
furkanzumrut;711;0;0;1;0;0;0
champagne;714;0;0;4;10;283;307
champagne;713;0;0;4;10;283;307
ericsy;718;0;0;573;971;25245;16146
shinestarwang;720;0;0;9;17;408;356
MaciejZiarko;721;1;0;0;0;0;0
mgooty;722;3;0;1;1;1;1
svolsky;723;1;0;1;2;43;6
janesser;726;1;0;1;4;227;0
nagul-git;727;0;0;24;39;749;446
ralscha;730;1;0;0;0;0;0
anupkumarsahu;733;0;0;357;793;17051;10351
lifangzhen;734;0;0;28;45;821;462
ericbottard;905;1;0;1;1;1;1
ericbottard;812;0;0;1;1;5;1
ericbottard;739;1;0;1;1;4;3
simplyakshat;740;0;0;71;128;3405;1473
jaymes-bearden;743;3;0;1;4;191;23
jaymes-bearden;742;1;0;72;131;3596;1496
ryanskow;744;3;0;1;1;9;1
tobiasmh;745;1;3;1;2;186;1
fromi;746;6;0;1;1;1;0
cooniur;747;5;0;1;2;11;1
gedrox;757;2;0;1;1;6;2
aqzwss;760;4;0;1;0;0;0
yifzhan;761;0;0;128;278;5942;3440
cynicLT;847;1;0;1;15;0;1069
cynicLT;846;2;0;1;21;388;370
cynicLT;845;0;0;1;21;180;157
cynicLT;763;3;0;1;5;119;6
luckygxf;764;1;0;131;284;6016;3470
gaods;769;0;0;140;300;6317;3661
dgtombs;771;2;0;1;1;34;49
dgtombs;770;1;0;1;1;34;49
lukiano;772;1;0;8;15;535;0
DR9885;773;3;0;1;1;45;46
wdinNJ;774;0;0;592;1002;26409;17266
kamilszymanski;1126;1;0;1;1;3;5
kamilszymanski;1038;1;0;1;1;3;3
kamilszymanski;948;1;0;1;1;1;1
kamilszymanski;874;3;0;1;1;1;1
kamilszymanski;775;1;0;1;2;21;0
mikeroda;777;1;0;1;1;2;2
ameyjadiye;778;1;0;1;1;4;2
smaldini;1250;1;0;1;12;495;695
smaldini;1239;4;0;4;11;102;86
smaldini;784;1;0;6;7;150;105
smaldini;783;3;0;1;13;388;306
wanglifeng;872;0;0;3;1;2;0
wanglifeng;798;0;0;2;1;2;0
ractive;799;1;0;1;2;33;3
echatman;801;3;0;1;1;3;3
orfjackal;802;1;0;0;0;0;0
martinmathew;803;0;0;166;355;7159;4138
AIshibashi;805;0;0;178;377;7826;4380
liuchenjun;806;0;0;603;1017;26836;17559
f429656668;807;0;0;178;377;7826;4380
litpho;808;1;0;1;3;4;4
nivolg;809;3;0;1;1;13;1
ileinone;813;2;0;199;404;8465;4588
bartprokop;817;5;0;0;0;0;0
jking-roar;818;1;0;1;2;20;3
hxc316;824;0;0;1;1;1;0
bonhamcm;831;1;0;1;2;31;13
akalotkin;832;4;0;0;0;0;0
ndebeiss;835;7;0;1;2;20;4
michalkarolik;839;1;0;1;1;2;2
felixbarny;840;4;0;1;1;3;0
jrmwang;841;0;0;0;0;0;0
dvdckl;842;0;0;1;2;7;1
paulvi;844;3;0;1;1;2;0
vincent-chua;848;0;0;610;1030;27451;17704
chrylis;849;5;0;1;1;3;2
m-szalik;850;1;0;1;1;1;1
making;1309;1;0;1;1;1;1
making;851;1;0;1;1;2;2
vladad;855;1;0;1;1;6;6
xueyumusic;862;3;0;1;1;1;1
xueyumusic;859;1;0;1;1;1;1
sbcd90;864;0;0;1;2;45;1
isalnikov;865;1;0;224;467;9891;5370
auk;868;4;0;1;1;1;4
GeorgeCGV;875;3;0;5;3;81;17
dmdeepakmittal1;876;0;0;1;1;1;1
nithril;877;1;5;0;0;0;0
pkaq;879;1;0;1;1;2;2
benkiefer;882;0;0;0;0;0;0
veryyoung;884;1;0;1;1;4;1
stoeckmann;887;1;0;0;0;0;0
josephw;891;2;0;1;2;31;0
arturgspb;892;1;0;0;0;0;0
LinkedList;1227;0;0;1;2;52;1
LinkedList;979;0;0;1;2;17;0
LinkedList;904;1;0;1;1;1;1
LinkedList;895;0;0;1;1;1;0
bendiscz;896;1;0;1;2;8;4
Hronom;897;7;1;1;3;71;15
vladsoroka;900;2;0;1;1;2;3
ksokol;927;1;0;1;3;69;15
ksokol;902;0;0;2;1;7;5
ksokol;901;0;0;2;1;7;5
bpzhang;903;0;0;3;0;0;0
haisi;908;1;0;1;1;1;1
Vladlis;909;0;0;0;0;0;0
liwei5365;911;0;0;1;0;0;0
Gordiychuk;913;1;0;1;1;12;3
willseeyou;1001;1;0;1;0;0;0
willseeyou;914;0;0;1;0;0;0
mrtinkz;918;1;0;1;1;32;1
idlsoft;919;0;0;1;1;1;1
ben-manes;938;1;0;1;1;3;1
ben-manes;921;3;0;1;7;606;1
uthark;923;3;0;1;1;1;1
uthark;922;2;0;1;1;1;1
nathanpiper;924;1;0;1;2;17;1
leoarnold;925;1;0;0;0;0;0
mhartsock;928;1;0;1;2;16;1
bedrin;1258;1;3;2;3;35;5
bedrin;1257;1;0;1;2;21;4
bedrin;929;1;0;1;3;9;2
FrankBian;930;0;0;1;0;0;0
kk2711;931;0;0;326;636;13977;7973
mnhock;1221;1;0;1;1;2;1
mnhock;934;1;0;1;1;1;2
shubh34;936;0;0;339;664;14531;8347
deki;937;1;0;1;1;1;1
sniewczas;939;1;0;0;0;0;0
hynbroth;941;1;0;348;702;15181;8843
soldierkam;1188;1;0;1;5;80;40
soldierkam;1187;1;0;1;1;1;1
soldierkam;1184;1;0;1;1;6;5
soldierkam;958;1;0;1;2;79;6
soldierkam;957;4;0;2;6;354;246
soldierkam;942;5;0;0;0;0;0
holub;944;1;0;1;1;1;1
abaro;946;0;0;81;351;13480;2370
icha024;947;3;0;1;1;20;17
madorb;950;1;0;1;2;54;0
pwielgolaski;951;2;0;1;2;47;2
sdonthu;952;0;0;19;82;1018;854
mjgpy3;953;2;0;1;1;11;0
gangashiva;954;0;0;358;794;17062;10351
sammyhk;955;1;0;1;4;21;13
logicg8;967;6;0;3;1;4;5
logicg8;960;1;0;1;1;2;3
matthew-pearson;962;1;0;1;2;94;12
casseusclay;966;0;0;51;148;1861;1394
semlali;968;0;0;2;0;0;0
yptx;971;0;0;57;164;2005;1464
fish200x;973;0;0;262;647;23617;6329
liuyong19892;975;0;0;60;169;2058;1486
mbenson;976;1;0;1;20;679;161
lonelysunshine;977;0;0;64;179;2271;1706
verydapeng;985;1;0;1;1;1;1
Shredder121;1307;3;0;1;9;11;11
Shredder121;986;10;0;1;1;2;2
andyjojo;1059;1;0;4;1;4;2
andyjojo;990;2;0;1;1;54;16
coryfklein;992;1;0;1;1;1;1
qqxxin;993;0;0;70;184;2334;1704
radai-rosenblatt;994;6;0;1;1;1;1
cristiancota;995;4;0;1;9;155;81
shigangzs;997;0;0;71;187;2424;1706
wayneeros;1002;0;0;2058;3439;212522;105064
mariusneo;1004;4;0;1;20;390;308
wsjjasper;1010;0;0;72;190;2455;1709
tokuhirom;1013;1;0;1;1;1;1
tmyjoe;1016;4;2;1;2;9;0
acc15;1019;1;0;5;2;67;42
laszlocsontos;1021;4;0;1;3;90;13
laszlocsontos;1020;1;0;1;6;229;0
jordandandan;1023;0;0;88;245;3107;2221
michael-simons;1028;3;0;1;1;2;2
nacmacfeegle;1029;1;0;0;0;0;0
mogren;1032;1;0;1;1;4;17
venilnoronha;1041;2;0;1;1;13;0
venilnoronha;1034;2;0;1;1;2;2
venilnoronha;1033;2;0;1;1;3;2
vx991;1036;0;0;132;397;5305;3864
LuoYuWuSheng;1328;1;0;5;0;0;0
LuoYuWuSheng;1040;2;0;1;0;0;0
erik-wramner;1043;4;0;1;1;2;1
samdahal;1048;0;0;1;1;1;0
zifeiyu002;1049;0;0;349;703;15181;8851
ferstl;1052;2;0;1;1;2;2
Rajesh09545;1053;0;0;359;795;17062;10359
hailin0;1056;0;0;157;438;6008;4259
sensen2030;1057;0;0;668;1083;29663;18517
rocketraman;1060;9;5;2;7;155;3
wuwen5;1061;1;0;1;2;19;1
jcagarcia;1062;3;0;1;1;4;1
eddumelendez;1098;5;1;1;6;29;83
eddumelendez;1071;1;0;1;2;60;2
eddumelendez;1063;2;0;1;1;1;1
benelog;1065;1;0;1;1;3;3
padilo;1066;20;0;8;5;650;12
varvelworld;1068;0;0;1;4;38;1
zhoulifu;1069;3;0;1;2;15;0
spodgurskiy;1070;6;0;1;2;40;1
RG9;1072;4;0;1;2;14;3
fisache;1112;0;0;2;5;5;5
fisache;1108;3;0;1;3;6;5
fisache;1105;1;0;2;1;7;7
fisache;1073;2;0;1;2;2;2
djechelon;1088;1;0;1;1;1;1
djechelon;1081;1;0;1;1;5;1
djechelon;1074;3;0;1;1;10;0
jacieyoung;1077;0;0;671;1084;29683;18525
Harries;1086;0;0;191;496;6808;4755
SnailKnows;1087;1;0;1;1;27;0
jmithmstr;1090;4;0;0;0;0;0
jayarampradhan;1091;6;0;1;1;6;0
mathieu-pousse;1093;1;0;1;1;31;38
momolalalala;1094;1;0;2;4;52;2
tangchd;1103;0;0;677;1090;29813;18601
dimitrovchi;1104;4;0;2;1;17;15
darklynx;1106;6;0;0;0;0;0
philipp-classen;1109;3;0;0;0;0;0
olaf-otto;1111;3;0;1;1;1;1
khatchad;1113;2;0;4;135;770;1674
donhuvy;1114;3;0;1;1;1;1
xenoterracide;1118;4;0;1;1;1;1
ehlxr;1120;2;0;0;0;0;0
phillescott;1124;8;0;1;2;172;0
sunnylkumar;1125;0;0;1;7;17;9
chandramcsr;1127;1;0;79;280;2694;2113
kduhyun;1129;3;0;1;2;2;2
soulfrozen;1131;1;0;94;325;3283;2509
igormukhin;1132;2;0;1;1;1;0
satimovm;1134;1;0;98;336;3533;2613
dzhiqiang;1135;2;0;1;1;1;1
olsson;1136;1;0;1;1;1;1
hall-wong;1145;7;0;1;1;1;1
ptahchiev;1146;0;0;1;1;2;0
destan;1149;4;0;0;0;0;0
neetkee;1159;1;0;2;2;2;2
neetkee;1150;12;0;2;1;6;5
sylvainlaurent;1151;3;0;0;0;0;0
sumitvyas02;1155;1;0;277;766;10378;7406
TinaLan-525;1157;1;0;349;703;15181;8851
hwhmusic;1160;1;0;0;0;0;0
qxo;1161;4;0;2;1;8;0
kosmaty;1181;1;0;1;1;1;1
kosmaty;1180;1;0;1;1;8;8
kosmaty;1172;2;0;1;1;1;0
lockLX;1177;1;0;184;469;6537;4460
danielfernandez;1296;1;0;1;1;4;3
danielfernandez;1245;1;0;1;11;21;21
danielfernandez;1182;1;0;1;1;29;6
joshlong;1183;1;0;1;1;9;8
joshlong;1;1;0;1;1;4;5
imdanshraaj;1230;1;0;1;0;0;0
imdanshraaj;1190;1;0;1;0;0;0
heart1988;1191;1;0;201;494;6999;4799
heffebaycay;1192;3;0;1;2;59;3
VikneswaranThangarasu;1195;1;0;301;799;10839;7783
yulinling1230;1196;1;0;68;270;2475;2026
hakamairi;1197;1;0;1;9;117;75
apixandru;1200;0;0;0;0;0;0
apixandru;1198;1;0;0;0;0;0
rand0m86;1203;3;0;0;0;0;0
DevWantJustHaveFun;1212;5;0;3;2;93;22
DevWantJustHaveFun;1207;11;0;1;1;89;0
caoxie;1216;1;0;224;540;7920;5395
englishman;1222;1;0;1;1;1;1
ejain;1225;3;0;0;0;0;0
huaqh1024;1226;1;0;1233;3485;103366;166775
qh529;1229;2;0;318;822;11334;8137
findepi;1231;2;0;1;3;191;1
lianyiwuming;1232;1;0;359;795;17062;10359
zlikun;1234;1;0;0;0;0;0
mp911de;1235;1;0;1;1;2;2
melgene;1323;9;0;1;2;170;6
melgene;1247;3;0;1;6;393;1
drumonii;1252;1;2;1;4;23;12
nicklasholm;1253;1;1;1;1;1;1
schjan79;1263;3;0;1;2;154;8
schjan79;1256;3;0;2;2;160;8
nbaradar;1260;1;0;699;1146;30750;19389
pgrimard;1262;3;0;2;12;163;9
pgrimard;1261;0;0;6;12;163;9
zhaoshengxuan108;1272;2;0;1;0;0;0
zhaoshengxuan108;1271;2;0;1;0;0;0
viartemev;1275;5;0;1;1;6;5
jvz;1279;2;0;1;1;73;11
MarioAriasC;1300;1;0;1;5;473;0
MarioAriasC;1289;1;0;1;4;144;0
Robin7Ma;1290;3;0;1;1;4;1
dbrimley;1292;13;0;2;2;188;2
echoAlexey;1294;3;0;1;1;1;1
eiiches;1297;1;0;1;2;28;1
rwadazhao;1299;1;0;412;855;18744;12488
hdpe;1310;1;0;1;1;2;2
grimreaper;1312;2;0;1;1;1;1
grimreaper;1311;1;0;1;1;1;1
amdw;1313;1;0;0;0;0;0
ulich;1315;6;0;0;0;0;0
aviskarBasnet;1349;2;0;2;2;8;4
aviskarBasnet;1316;0;0;1;1;2;2
jonathanborenstein;1337;5;0;1;1;2;4
jonathanborenstein;1321;8;0;1;2;7;10
msysyamamoto;1322;1;0;1;1;1;1
ywang1988;1332;2;0;1;0;0;0
stonio;1335;3;0;1;17;45;43
pistriak;1340;0;0;1;1;2;2
pistriak;1339;2;0;1;1;1;1
kineck;1341;1;0;708;1160;30882;20996
chenjianyao;1342;2;0;2;0;0;0
wltjr;1344;5;0;505;1052;23481;15026
sethrife;1348;1;0;3;2;34;12
sethrife;1347;0;0;3;2;34;12
sethrife;1346;2;0;2;2;31;16
ChengShuangGitHub;1350;1;0;1;1;1;1
neo01124;1351;4;0;1;1;1;1