"ryanofsky";1;"10039";2;0;2;1;6;3;1;9;10;0;1;19;9.5
"laanwj";1;"10038";7;2;1;2;54;7;0;6;59;0;5;155;26
"keystrike";1;"10037";3;0;1;1;1;1;0;7;35;0;3;9;3
"bitstein";1;"10033";3;0;1;1;1;1;0;6;54;0;3;7;2
"practicalswift";1;"10027";2;0;1;2;3;0;2;5;0;0;2;4;2
"jnewbery";1;"10024";4;0;2;4;10;7;2;11;30;1;4;75;7
"TheBlueMatt";1;"10013";1;0;2;1;10;6;2;10;2;NA;1;8;8
"laanwj";1;"10011";2;0;1;1;1;1;1;4;10;1;2;55;27.5
"prusnak";1;"10010";7;0;1;1;2;2;1;6;75;0;4;58;6
"practicalswift";1;"10008";2;0;1;1;1;1;0;13;10;0;2;5;2.5
"sdaftuar";1;"10006";2;3;2;6;73;27;2;12;12;0;2;23;11.5
"greenaddress";1;"10002";1;0;1;1;1;1;1;6;13;NA;1;2;2
"NicolasDorier";1;"9999";4;8;1;2;62;1;3;7;8;0;2;47;10
"askmike";1;"9995";11;0;1;1;1;1;1;6;0;0;5;221;12
"pstratem";1;"9993";6;0;1;1;1;0;2;2;13;0;5;130;8
"practicalswift";1;"9987";7;4;1;13;0;78;5;3;0;0.5;6;138;13
"laanwj";1;"9984";2;0;1;1;37;8;1;10;59;1;2;175;87.5
"sdaftuar";1;"9977";1;0;1;1;3;1;3;8;17;NA;1;114;114
"ryanofsky";1;"9974";19;6;6;9;206;38;7;5;45;0;8;947;25
"theuni";1;"9973";1;0;1;1;3;1;2;6;14;NA;1;3;3
"jnewbery";1;"9972";4;0;1;3;19;12;0;7;152;0;4;29;7.5
"sdaftuar";1;"9970";3;0;2;3;74;74;4;5;25;2;2;43;16
"laanwj";1;"9963";7;0;2;2;23;6;4;8;126;0;2;243;27
"practicalswift";1;"9962";8;0;1;1;1;1;0;5;20;0;3;603;63
"NicolasDorier";1;"9960";0;0;1;2;3;3;0;8;9;NA;NA;NA;NA
"jnewbery";1;"9956";24;7;5;160;252;260;12;3;254;0;8;1967;37.5
"sdaftuar";1;"9955";9;7;2;6;73;16;6;10;132;0.5;5;256;6
"TheBlueMatt";1;"9953";5;0;2;1;10;6;5;8;14;0.5;4;25;3
"laanwj";1;"9952";0;0;1;1;873;0;0;6;0;NA;NA;NA;NA
"jnewbery";1;"9945";2;0;1;1;9;3;1;10;64;0;2;4;2
"TheBlueMatt";1;"9940";2;2;4;3;67;63;6;14;9;3;1;14;7
"practicalswift";1;"9936";3;0;1;1;2;2;1;10;28;0;3;6;2
"TheBlueMatt";1;"9932";3;0;2;3;24;11;1;10;35;0.5;2;200;24
"laanwj";1;"9929";1;0;1;1;0;20;0;5;14;NA;1;2;2
"laanwj";1;"9921";1;0;3;4;18;11;11;9;150;NA;1;50;50
"MarcoFalke";1;"9920";4;0;1;2;3;3;0;7;52;0;3;110;27
"kobake";1;"9916";13;4;2;2;3;3;5;11;26;0;4;331;19
"sdaftuar";1;"9912";2;0;1;1;3;0;4;5;131;3;2;7;3.5
"paveljanik";1;"9911";27;6;4;5;36;36;15;4;6;0;5;1287;38
"ian-kelling";1;"9910";2;0;1;1;1;1;0;6;31;0;2;21;10.5
"ryanofsky";1;"9908";2;5;1;8;27;13;3;6;0;0;2;4;2
"instagibbs";1;"9906";3;0;1;1;4;0;3;4;19;1.5;3;24;7
"MarcoFalke";1;"9905";2;2;1;1;5;4;3;9;25;1;2;50;25
"laanwj";1;"9904";1;6;1;1;2;2;1;5;28;NA;1;11;11
"ian-kelling";1;"9903";3;0;1;1;1;1;1;6;0;0.5;3;78;21
"instagibbs";1;"9894";8;3;1;1;0;3;1;7;28;0;7;113;17
"luke-jr";1;"9892";3;0;1;1;13;1;1;7;6;0.5;3;6;2
"theuni";1;"9891";4;0;1;1;2;1;1;5;70;0;4;55;15
"MarcoFalke";1;"9888";4;0;1;1;3;3;0;7;17;0;3;62;12
"TheBlueMatt";1;"9884";3;0;1;1;104;0;0;7;87;2;2;128;24
"TheBlueMatt";1;"9880";13;4;5;5;101;12;7;10;61;0.5;5;598;28
"sdaftuar";1;"9879";1;0;1;1;1;0;1;6;12;NA;1;3;3
"ryanofsky";1;"9878";3;4;1;1;7;1;1;6;0;0;3;3;1
"laanwj";1;"9875";0;0;1;1;2;0;0;8;3;NA;NA;NA;NA
"sipa";1;"9871";33;2;1;1;43;3;2;8;70;0;8;999;22
"sipa";1;"9868";3;2;2;3;68;37;2;9;37;0.5;3;31;8
"laanwj";1;"9867";9;20;2;2;4;7;2;5;61;0;7;134;2
"TheBlueMatt";1;"9866";6;4;1;1;10;0;2;9;0;0;5;153;23
"marijnfs";1;"9865";6;3;1;2;19;19;2;7;21;0;3;202;19
"keystrike";1;"9861";5;2;1;1;3;2;3;8;18;0.5;4;209;32
"theuni";1;"9856";13;3;2;2;22;0;3;5;87;0;7;683;41
"jnewbery";1;"9853";6;12;7;13;134;140;13;6;64;0;4;76;12
"sipa";1;"9847";2;0;1;1;13;0;1;5;2;0;2;4;2
"MarcoFalke";1;"9846";4;0;1;1;3;5;0;10;29;0;4;30;2
"jnewbery";1;"9843";6;2;1;1;2;13;11;4;2;1;6;122;3.5
"jnewbery";1;"9842";7;1;1;16;119;265;21;7;114;1;3;53;8
"ryanofsky";1;"9840";9;0;1;1;3;0;1;9;5;0;6;72;7
"ryanofsky";1;"9839";3;0;1;1;18;12;4;6;35;2;3;19;2
"benma";1;"9834";7;3;1;1;14;15;7;5;32;0;4;70;6
"benma";1;"9833";2;5;1;3;5;8;1;5;8;0;2;4;2
"NicolasDorier";1;"9832";6;7;1;2;29;2;11;2;24;0;4;25;4
"theuni";1;"9831";7;0;1;2;8;2;0;8;49;0;5;133;13
"NicolasDorier";1;"9830";23;0;2;7;40;20;18;6;22;0;8;556;23
"ryanofsky";1;"9829";3;0;1;2;15;3;6;8;15;0.5;3;16;2
"ryanofsky";1;"9828";4;0;1;1;41;41;9;5;12;0;3;60;14.5
"MarcoFalke";1;"9824";6;0;1;3;15;27;1;7;17;0;3;997;68
"MarcoFalke";1;"9823";3;0;1;1;1;1;1;9;7;0.5;2;110;42
"benma";1;"9822";23;2;1;1;1;26;6;6;32;0;6;894;33
"laanwj";1;"9821";12;3;4;6;174;11;8;5;204;0;5;595;43
"ryanofsky";1;"9820";1;0;1;1;6;1;2;10;12;NA;1;9;9
"morcos";1;"9819";2;0;1;1;1;4;1;7;6;1;2;13;6.5
"ryanofsky";1;"9818";4;0;1;2;24;5;24;8;56;9;4;77;10
"jonasschnelli";1;"9817";5;0;1;1;4;1;0;10;7;0;4;184;48
"benma";1;"9815";4;1;1;2;5;5;1;8;7;0;3;43;12.5
"paveljanik";1;"9813";5;0;1;1;2;2;1;5;21;0;5;185;4
"fanquake";1;"9807";6;0;2;2;5;4;1;3;5;0;6;88;10
"petertodd";1;"9805";7;0;1;1;1;0;3;6;10;0;5;169;11
"gubatron";1;"9801";4;5;1;4;6;6;3;5;93;1;2;8;2
"kirit93";1;"9798";3;2;1;1;8;7;2;8;25;0.5;3;143;28
"MarcoFalke";1;"9795";3;2;1;4;179;100;1;6;20;0;3;6;2
"mitchellcash";1;"9794";5;0;1;1;1;1;2;6;8;0;4;106;6
"sipa";1;"9791";5;0;1;1;4;4;2;4;0;0;4;57;12
"theuni";1;"9789";10;0;2;2;19;1;6;7;33;0;5;619;42
"theuni";1;"9788";4;0;1;3;3;3;1;5;7;0;4;25;2
"theuni";1;"9787";2;7;1;1;22;0;6;6;50;3;2;17;8.5
"theuni";1;"9786";1;0;1;1;0;2;0;4;16;NA;1;3;3
"sipa";1;"9785";3;0;2;3;2;4;0;4;37;0;3;5;2
"gmaxwell";1;"9784";0;0;1;1;40;0;0;4;0;NA;NA;NA;NA
"theuni";1;"9783";5;0;1;3;3;3;0;10;28;0;4;49;12
"gmaxwell";1;"9779";7;2;1;1;4;4;1;4;0;0;4;364;29
"morcos";1;"9778";7;1;1;1;4;2;1;7;22;0;4;185;28
"jmcorgan";1;"9774";6;7;1;1;16;7;15;8;114;1;4;126;7.5
"ryanofsky";1;"9773";15;10;1;6;114;13;7;10;112;0;7;360;11
"ryanofsky";1;"9771";4;0;1;1;1;1;1;10;37;0;3;66;16.5
"jnewbery";1;"9770";10;0;1;1;2;1;1;5;20;0;6;333;32
"jnewbery";1;"9768";14;44;9;53;398;394;22;5;247;1;5;649;43
"jnewbery";1;"9766";7;3;1;1;12;7;8;5;127;0.5;3;60;2
"sdaftuar";1;"9765";4;0;1;2;13;7;1;6;40;0;3;86;13
"laanwj";1;"9764";1;0;1;1;11;11;1;12;80;NA;1;12;12
"ryanofsky";1;"9761";9;5;4;2;145;115;3;11;28;0;5;574;41
"ryanofsky";1;"9760";4;0;1;1;1;1;6;5;80;1;4;64;16.5
"jonasschnelli";1;"9758";4;2;1;2;6;0;1;4;37;0;4;23;4
"ryanofsky";1;"9756";3;0;1;2;13;0;2;8;7;0;2;95;16
"luke-jr";1;"9755";7;0;1;1;4;1;1;7;7;0;4;46;5
"34ro";1;"9744";7;0;1;6;1;14;6;5;4;1;7;15;2
"jnewbery";1;"9739";7;1;2;1;6;13;24;4;102;1;4;176;10
"laanwj";1;"9736";6;0;3;5;2084;1614;1;4;15;0;3;99;15.5
"laanwj";1;"9735";2;0;2;9;1520;224;4;8;78;2;2;7;3.5
"sipa";1;"9734";7;0;1;1;1;0;38;7;52;0;6;137;10
"jnewbery";1;"9732";6;0;1;1;0;1;19;5;35;0;6;59;4.5
"jonasschnelli";1;"9730";6;0;1;1;0;1;1;7;55;0;6;60;5
"laanwj";1;"9727";6;0;1;3;0;39;12;6;36;1;4;145;21.5
"laanwj";1;"9726";0;0;2;1;34;18;11;11;65;NA;NA;NA;NA
"luke-jr";1;"9724";2;1;3;2;50;5;12;6;16;12;2;5;2.5
"theuni";1;"9720";7;37;6;4;240;61;6;10;95;0.5;3;413;40
"luke-jr";1;"9718";12;4;3;1;8;3;1;3;0;0;7;171;8.5
"TheBlueMatt";1;"9715";9;12;4;4;135;12;7;12;16;0;8;140;5
"laanwj";1;"9712";4;0;1;2;10;9;1;6;67;0;4;187;5.5
"jnewbery";1;"9711";6;0;1;1;0;1;15;7;0;0;5;90;11.5
"TheBlueMatt";1;"9708";7;2;10;3;105;45;4;12;61;0;5;291;42
"jnewbery";1;"9707";13;3;1;2;21;4;3;4;380;0;5;893;13
"laanwj";1;"9705";3;0;2;3;70;60;1;7;57;0;3;89;2
"theuni";1;"9698";3;0;2;2;49;26;4;5;60;1.5;3;24;2
"practicalswift";1;"9696";11;0;1;8;12;12;12;7;0;0.5;4;283;5
"gmaxwell";1;"9691";1;0;1;1;2;0;1;5;11;NA;1;7;7
"da2x";1;"9690";4;0;1;1;1;1;40;6;35;0;4;211;53
"ryanofsky";1;"9682";14;18;3;4;77;13;11;5;101;1;8;300;15.5
"TheBlueMatt";1;"9679";3;0;1;1;1;1;1;7;18;0.5;3;15;2
"kokifpen";1;"9675";11;2;1;6;8;8;13;7;22;0;6;133;8
"TheBlueMatt";1;"9674";15;3;4;2;20;48;5;8;25;0;7;423;26
"ryanofsky";1;"9673";4;0;1;2;14;0;4;7;61;0;4;15;2
"TheBlueMatt";1;"9671";2;0;1;1;1;1;2;6;47;0;2;10;5
"instagibbs";1;"9663";5;0;1;1;1;1;1;5;0;0;5;75;7
"jtimon";1;"9659";3;3;3;5;19;19;6;7;28;2.5;3;35;16
"jnewbery";1;"9657";14;37;5;5;152;134;18;2;309;1;5;450;28.5
"TheBlueMatt";1;"9656";3;4;2;2;5;1;2;6;19;0.5;2;41;12
"jtimon";1;"9654";2;0;1;1;0;0;2;11;30;0;2;28;14
"practicalswift";1;"9651";13;0;1;7;9;9;8;2;7;0;4;347;11
"TheBlueMatt";1;"9650";5;2;5;3;36;4;9;6;56;2;3;125;13
"MarcoFalke";1;"9649";2;0;1;4;6;71;2;7;36;1;2;20;10
"luke-jr";1;"9647";2;0;1;1;6;0;2;10;16;1;2;33;16.5
"theuni";1;"9646";5;1;3;5;43;15;2;6;57;0;5;269;33
"kallewoof";1;"9644";10;0;1;13;179;206;3;7;157;0;7;306;18.5
"kallewoof";1;"9643";4;5;2;10;349;368;41;9;114;0;3;35;4.5
"sdaftuar";1;"9640";12;5;3;3;77;21;6;8;216;0;6;250;6.5
"MarcoFalke";1;"9638";1;0;1;1;17;21;1;6;22;NA;1;2;2
"jonasschnelli";1;"9637";4;0;1;1;4;3;1;9;21;0;4;10;1.5
"sdaftuar";1;"9628";3;2;1;1;1;1;1;7;54;0.5;3;4;1
"TheBlueMatt";1;"9626";5;6;3;2;14;46;6;7;93;0.5;4;27;3
"morcos";1;"9625";11;2;1;2;10;3;8;8;28;0;9;398;23
"jnewbery";1;"9624";4;0;1;1;1;1;0;6;5;0;4;7;2
"luke-jr";1;"9619";10;0;2;2;14;2;28;11;16;0;6;128;5
"laudaa";1;"9617";1;0;1;4;4;4;1;7;4;NA;1;16;16
"morcos";1;"9615";8;8;8;6;70;36;7;3;235;0;4;71;2.5
"ryanofsky";1;"9613";6;0;1;1;19;5;3;10;0;0;4;209;39.5
"kallewoof";1;"9612";5;2;1;1;7;2;32;6;33;0;4;37;6
"MarcoFalke";1;"9610";4;0;1;6;7;7;0;6;23;1;3;99;17.5
"theuni";1;"9609";27;19;5;4;102;111;14;5;123;0;9;1760;35
"practicalswift";1;"9607";5;1;1;8;16;16;3;6;0;0.5;5;64;7
"sdaftuar";1;"9606";11;0;1;5;28;18;6;7;77;0;5;352;17
"TheBlueMatt";1;"9605";8;6;3;8;42;46;46;7;6;2;4;58;3.5
"jnewbery";1;"9604";5;1;1;1;9;1;18;9;38;0.5;5;17;1
"morcos";1;"9602";14;25;13;40;119;682;46;9;298;1;8;341;4
"morcos";1;"9596";4;0;1;1;1;1;3;8;5;1;4;26;3
"gmaxwell";1;"9594";12;0;1;1;6;0;6;9;35;0;8;201;5.5
"ryanofsky";1;"9592";14;21;3;6;35;3;57;14;9;0;7;451;12.5
"morcos";1;"9589";17;11;6;6;57;33;11;13;54;0;6;313;8
"MarcoFalke";1;"9588";3;4;1;4;10;6;5;4;0;0.5;3;11;2
"paveljanik";1;"9587";4;0;1;1;2;2;7;7;55;0;4;44;2
"TheBlueMatt";1;"9583";8;5;1;1;8;9;4;9;35;0;7;80;2
"droark";1;"9580";4;0;1;3;41;18;14;6;65;0;2;181;52.5
"TheBlueMatt";1;"9578";9;0;1;1;2;0;18;6;0;0;6;54;3
"jnewbery";1;"9577";11;5;1;89;389;484;36;5;47;1;6;207;9
"practicalswift";1;"9576";12;0;1;1;2;6;47;4;0;0;5;175;14
"practicalswift";1;"9575";9;0;1;1;0;8;50;6;0;0;5;216;22
"fanquake";1;"9574";2;0;1;2;2;1;8;6;16;0;2;50;25
"TheBlueMatt";1;"9561";5;0;2;2;3;2;3;10;30;0.5;5;40;3
"practicalswift";1;"9556";5;0;1;3;4;4;19;3;0;0.5;4;18;2
"practicalswift";1;"9555";10;0;1;1;3;1;52;10;21;1;3;371;27
"practicalswift";1;"9554";5;0;1;1;1;1;8;8;0;0;4;103;2
"practicalswift";1;"9553";10;11;1;2;2;8;32;21;48;1;6;67;4
"jamesmacwhite";1;"9552";2;1;1;2;24;10;5;5;74;0;2;17;8.5
"gmaxwell";1;"9550";7;8;1;1;10;18;1;12;53;0;5;88;14
"morcos";1;"9548";5;0;3;9;27;22;53;4;114;2;5;50;2
"practicalswift";1;"9547";10;6;1;1;2;0;52;8;0;1;4;177;16.5
"jnewbery";1;"9542";7;6;1;1;22;1;6;3;21;1;4;481;43
"practicalswift";1;"9538";5;0;1;1;2;2;56;10;0;5;2;62;7
"TheBlueMatt";1;"9535";10;5;2;2;12;15;7;7;64;1;7;622;19.5
"practicalswift";1;"9532";10;3;2;8;2;11;26;3;0;1;6;154;8
"morcos";1;"9531";2;0;2;1;16;3;2;5;20;0;2;129;64.5
"practicalswift";1;"9528";4;0;1;4;4;4;2;5;14;0;4;131;13
"MarcoFalke";1;"9525";1;0;1;1;36;14;0;6;19;NA;1;8;8
"sipa";1;"9520";3;0;1;1;8;4;1;6;53;0.5;3;5;2
"morcos";1;"9519";28;3;1;1;7;5;15;7;37;0;13;1530;18
"ryanofsky";1;"9518";3;0;1;2;32;8;1;9;6;0;3;5;2
"kallewoof";1;"9516";9;4;2;3;95;4;12;12;144;0;5;146;12
"theuni";1;"9514";7;0;3;5;172;5;61;4;103;2;5;53;3
"theuni";1;"9513";3;0;1;1;1;1;0;6;43;0;3;25;6
"sipa";1;"9512";8;11;6;6;49;25;8;6;199;0;4;218;20.5
"morcos";1;"9511";4;0;1;1;4;3;13;7;89;3;4;7;2
"practicalswift";1;"9510";14;16;1;21;24;24;19;5;0;0;4;230;12.5
"practicalswift";1;"9508";12;0;1;10;1;17;8;4;9;0;5;340;17.5
"sdaftuar";1;"9507";6;0;1;1;1;1;1;4;3;0;6;12;2
"sipa";1;"9506";6;2;1;1;13;5;1;6;55;0;6;140;8
"JeremyRubin";1;"9505";5;0;2;3;50;6;63;3;76;7;5;63;3
"TheBlueMatt";1;"9499";17;41;10;11;105;31;10;8;115;0;6;680;20
"JeremyRubin";1;"9498";2;9;2;2;104;0;10;3;12;7;2;16;8
"JeremyRubin";1;"9497";9;21;2;3;455;10;64;3;55;1;3;136;12
"paveljanik";1;"9496";2;0;1;1;3;3;1;7;36;1;2;4;2
"gmaxwell";1;"9490";14;2;2;6;62;8;6;7;170;0;7;474;14.5
"droark";1;"9487";3;0;1;1;1;1;0;7;10;0;3;8;3
"TheBlueMatt";1;"9486";10;1;11;8;205;62;8;5;18;0;7;331;15
"mcelrath";1;"9485";16;8;4;2;158;28;46;6;27;0;8;769;39
"gmaxwell";1;"9484";24;43;2;8;266;12;10;9;218;0;11;968;12
"jonasschnelli";1;"9481";10;6;3;2;29;0;67;13;110;1;7;292;17
"kallewoof";1;"9476";10;0;2;13;192;218;63;10;120;1;6;87;5.5
"luke-jr";1;"9475";7;1;1;2;9;2;1;6;3;0;5;54;5
"sipa";1;"9474";3;1;1;1;1;1;1;8;18;0.5;3;85;23
"sipa";1;"9472";10;7;5;9;58;61;8;8;47;0;6;78;4
"fanquake";1;"9471";5;11;1;3;5;46;7;3;74;0;4;45;8
"laanwj";1;"9470";1;0;1;2;6;11;0;8;24;NA;1;2;2
"fanquake";1;"9469";12;3;4;8;39;66;11;3;189;0;5;374;25.5
"fanquake";1;"9468";7;8;6;7;43;24;8;5;40;0.5;5;130;9
"fanquake";1;"9467";1;0;1;1;1;1;0;8;16;NA;1;3;3
"gmaxwell";1;"9465";11;6;1;1;46;31;1;12;79;0;5;130;13
"MarcoFalke";1;"9462";3;0;1;2;2;7;1;6;0;0.5;3;58;25
"jonasschnelli";1;"9461";9;11;1;4;18;3;16;8;133;0;5;187;11
"laanwj";1;"9460";0;0;2;4;43;43;0;7;15;NA;NA;NA;NA
"MarcoFalke";1;"9457";3;2;2;3;91;27;2;6;2;0.5;3;12;2
"isle2983";1;"9450";2;0;1;280;280;280;4;11;6;0;2;7;3.5
"jonasschnelli";1;"9446";4;0;1;2;2;10;4;8;13;0;4;6;1.5
"theuni";1;"9441";29;37;16;4;107;125;15;6;239;0;7;1151;24
"MarcoFalke";1;"9436";1;0;1;1;15;0;1;6;13;NA;1;2;2
"ryanofsky";1;"9435";3;0;1;1;0;1;0;7;6;0;3;5;2
"droark";1;"9433";4;2;1;1;10;7;5;5;13;0;3;77;10.5
"droark";1;"9420";6;0;1;1;2;0;6;7;25;1;5;158;1.5
"sipa";1;"9417";5;0;1;1;9;8;13;6;63;0.5;4;241;38
"MarcoFalke";1;"9416";4;0;2;2;5;3;20;5;7;0;3;127;19.5
"jonasschnelli";1;"9413";6;0;1;1;13;0;13;6;41;0;3;106;3
"jonasschnelli";1;"9412";14;0;3;4;16;4;10;6;31;0;5;2098;32.5
"jonasschnelli";1;"9408";14;6;2;3;8;1;15;8;81;0;7;331;17
"anditto";1;"9407";0;0;1;3;14;14;0;9;51;NA;NA;NA;NA
"droark";1;"9406";2;0;1;2;8;3;2;7;6;1;2;11;5.5
"morcos";1;"9404";13;6;2;2;33;2;19;8;153;0;8;168;6
"instagibbs";1;"9401";1;4;1;2;23;2;14;10;23;NA;1;2;2
"instagibbs";1;"9400";19;11;1;1;28;27;25;9;99;0.5;6;1595;31
"accraze";1;"9396";3;1;1;1;1;0;14;4;12;4;3;32;6
"morcos";1;"9395";9;2;1;1;32;1;14;4;33;0;5;67;3
"MarcoFalke";1;"9393";2;0;1;1;1;0;0;6;13;0;1;20;10
"MarcoFalke";1;"9390";4;5;2;2;1;1;1;3;38;0;2;55;9.5
"MarcoFalke";1;"9389";4;0;4;11;1162;54;1;3;0;0;3;92;12.5
"kallewoof";1;"9387";18;0;4;5;160;22;16;10;54;0;3;861;37
"btcdrak";1;"9382";1;0;4;6;104;43;1;13;17;NA;1;21;21
"morcos";1;"9380";8;5;3;12;82;30;28;6;165;1;7;148;6
"ryanofsky";1;"9378";2;0;1;1;5;0;49;6;32;0;2;4;2
"jonasschnelli";1;"9377";9;1;3;5;50;4;32;9;38;1;7;218;23
"btcdrak";1;"9376";11;0;2;2;1;35;2;6;2;0;7;951;53
"TheBlueMatt";1;"9375";39;58;14;8;220;60;25;9;105;0;6;1501;37
"droark";1;"9373";6;7;2;4;97;37;19;10;26;2;2;108;11.5
"morcos";1;"9371";16;10;3;5;103;21;39;3;124;0;6;970;59.5
"ryanofsky";1;"9369";8;15;4;3;129;45;81;7;33;6;5;133;12
"MarcoFalke";1;"9367";3;0;1;1;3;3;0;13;25;0;2;21;7
"kallewoof";1;"9366";9;2;1;7;95;0;3;11;49;0;4;318;27
"ryanofsky";1;"9359";6;2;1;1;25;0;76;7;42;5;4;101;13
"sdaftuar";1;"9357";4;0;2;2;101;0;4;9;34;1;3;8;2
"sipa";1;"9354";4;0;1;1;2;2;4;5;6;0;3;206;55
"laanwj";1;"9353";4;0;5;5;19;21;25;8;66;6;4;8;2
"sdaftuar";1;"9352";10;2;2;2;97;0;5;7;53;0;8;208;3.5
"Christewart";1;"9350";4;2;1;2;2;2;75;8;0;3;4;22;2.5
"sipa";1;"9349";7;7;1;3;29;2;13;6;30;1.5;5;157;8
"MarcoFalke";1;"9347";3;3;7;7;76;33;5;3;29;2;3;54;14
"sipa";1;"9346";3;2;1;1;7;4;2;3;41;0;3;19;7
"gmaxwell";1;"9344";8;4;1;2;8;4;0;9;0;0;6;259;24
"MarcoFalke";1;"9340";3;0;2;56;4463;1014;2;4;6;0;3;81;27
"richardkiss";1;"9335";1;0;1;1;1;1;1;4;10;NA;1;3;3
"sipa";1;"9334";5;0;2;33;676;937;1;4;14;0.5;5;21;2
"ryanofsky";1;"9333";6;11;3;1;25;1;84;10;0;0;5;132;3.5
"ryanofsky";1;"9331";1;10;1;2;156;0;3;11;31;NA;1;4;4
"jonasschnelli";1;"9330";4;0;1;1;6;1;2;5;55;0;4;55;2
"jonasschnelli";1;"9329";6;0;3;2;72;21;7;5;17;1;3;131;17
"gmaxwell";1;"9326";7;0;2;2;35;17;1;5;11;0;4;63;6
"gmaxwell";1;"9323";6;1;1;1;17;2;3;11;0;0;5;47;2
"MarcoFalke";1;"9322";3;2;2;2;5;3;4;5;19;1;3;39;12
"gmaxwell";1;"9319";21;19;3;7;64;13;26;8;305;0;8;626;13
"MarcoFalke";1;"9316";4;0;1;1;3;0;10;8;53;0;4;7;2
"morcos";1;"9313";7;0;1;1;3;0;6;11;46;0;6;54;2
"morcos";1;"9312";28;0;1;1;1;1;27;7;133;0;10;1133;27.5
"morcos";1;"9311";2;0;1;1;1;2;10;4;62;9;2;11;5.5
"ryanofsky";1;"9310";6;0;1;2;24;11;31;5;43;3;5;81;9
"morcos";1;"9309";3;0;1;1;1;1;1;9;19;0.5;3;17;1
"ryanofsky";1;"9308";5;4;1;1;364;0;12;5;82;2.5;5;81;11
"ryanofsky";1;"9307";5;0;1;1;0;1;1;5;0;0;5;38;3
"kallewoof";1;"9305";3;0;1;11;32;61;4;4;59;0;3;20;2
"sipa";1;"9303";4;0;2;1;4;4;0;4;14;0;4;111;20.5
"sipa";1;"9302";17;0;1;1;4;4;5;9;0;0;9;674;24
"morcos";1;"9299";4;0;1;1;0;8;1;9;48;0;4;9;2
"Mirobit";1;"9297";6;6;1;3;43;28;37;5;5;0;5;32;2
"morcos";1;"9296";7;0;1;1;1;2;0;6;39;0;6;29;3
"jonasschnelli";1;"9295";11;0;2;2;22;1;4;9;50;0;5;194;11
"gmaxwell";1;"9293";4;0;4;8;21;52;2;14;58;0;3;74;15
"sipa";1;"9292";4;0;1;1;4;1;9;6;9;0;4;22;4
"sipa";1;"9291";2;0;1;1;0;2;2;4;62;2;2;46;23
"gmaxwell";1;"9290";13;1;1;1;4;2;8;5;118;0.5;8;157;7
"theuni";1;"9289";33;18;7;11;222;81;29;3;250;0;6;1458;36.5
"morcos";1;"9288";10;0;2;3;4;3;29;11;4;0;6;178;9.5
"sipa";1;"9283";11;5;4;15;95;72;30;5;79;2;8;90;4
"paveljanik";1;"9282";1;0;1;1;1;1;0;5;108;NA;1;10;10
"kallewoof";1;"9281";7;12;1;22;245;290;31;10;157;1;2;207;15
"jonasschnelli";1;"9280";3;0;1;5;46;19;1;10;47;0.5;3;22;5
"morcos";1;"9276";7;0;3;7;38;67;4;4;129;0;2;287;28
"MarcoFalke";1;"9274";3;0;2;5;29;15;2;9;21;0.5;2;23;10
"TheBlueMatt";1;"9273";4;0;1;6;9;10;10;6;22;3;4;88;19.5
"sipa";1;"9269";9;0;1;2;2;0;2;4;128;0;7;141;19
"TheBlueMatt";1;"9268";7;0;1;1;2;1;3;7;42;0;7;50;2
"morcos";1;"9267";3;1;1;3;30;9;1;11;67;0;3;5;1
"luke-jr";1;"9266";3;0;1;1;6;6;6;9;8;1.5;2;20;7
"laanwj";1;"9265";8;0;1;1;1;1;0;6;87;0;5;249;26
"laanwj";1;"9264";9;0;43;63;670;344;12;2;98;0.5;5;96;8
"instagibbs";1;"9262";30;48;4;7;105;44;18;11;96;0;7;989;19
"morcos";1;"9261";8;0;1;1;3;0;41;8;85;1;6;122;4.5
"TheBlueMatt";1;"9260";19;9;3;54;3158;3092;1;10;229;0;10;971;30
"sdaftuar";1;"9257";3;0;1;1;10;1;1;7;34;0.5;3;8;2
"laanwj";1;"9255";3;0;2;2;1;9;7;6;81;3;3;18;5
"TheBlueMatt";1;"9253";9;0;1;1;3;1;0;9;12;0;7;58;2
"sdaftuar";1;"9252";12;3;2;1;22;4;34;10;18;1;7;46;3
"wodry";1;"9251";7;0;0;0;0;0;2;8;2;0;6;70;2
"gmaxwell";1;"9246";5;3;1;1;31;0;2;5;14;0.5;5;33;4
"kallewoof";1;"9244";5;0;1;1;11;11;1;8;64;0;5;8;2
"TheBlueMatt";1;"9243";29;4;7;20;173;124;27;6;23;0;9;2015;30
"morcos";1;"9240";7;4;2;5;36;45;11;2;203;2;5;142;8
"morcos";1;"9239";12;11;2;5;28;13;3;7;196;0;10;505;16
"gmaxwell";1;"9236";12;4;3;10;138;64;20;11;34;0;5;144;5
"laanwj";1;"9234";10;0;1;1;1;1;2;6;47;0;8;170;8
"fsb4000";1;"9233";7;2;1;10;12;12;1;3;15;0;6;58;5
"TheBlueMatt";1;"9230";4;0;2;2;4;3;4;7;0;0;4;7;2
"TheBlueMatt";1;"9229";8;1;1;2;1;49;5;4;24;0;4;232;14.5
"pstratem";1;"9227";16;3;1;5;43;33;71;8;1;0;7;515;22.5
"gmaxwell";1;"9226";9;3;2;3;3;22;4;4;21;0;6;141;17
"TheBlueMatt";1;"9225";3;0;5;5;32;36;3;4;29;1;3;16;6
"ivdsangen";1;"9224";4;0;1;1;1;0;3;6;19;0;4;112;27
"s-matthew-english";1;"9223";1;0;1;1;10;10;6;5;27;NA;1;34;34
"dooglus";1;"9222";27;44;1;5;117;14;48;5;36;0;8;809;25
"MarcoFalke";1;"9221";6;3;1;3;19;82;7;6;9;1;4;118;21
"kallewoof";1;"9220";8;0;1;2;108;112;0;6;31;0;7;74;5.5
"laanwj";1;"9219";7;2;1;1;46;20;2;8;84;0;5;227;27
"laanwj";1;"9218";12;0;2;4;39;33;10;8;31;0;6;341;27
"paveljanik";1;"9216";5;0;1;1;1;1;0;4;7;0;3;81;13
"MarcoFalke";1;"9211";2;0;5;5;27;5;21;3;0;1;2;164;82
"AmirAbrams";1;"9207";4;2;1;1;4;4;0;8;43;0;4;18;2
"btcdrak";1;"9206";3;0;1;4;24;24;1;6;0;0;3;55;7
"in3rsha";1;"9205";4;0;1;1;1;1;1;6;20;0;4;5;1
"instagibbs";1;"9204";4;2;1;1;3;3;1;4;19;0;4;8;2
"laanwj";1;"9202";8;0;1;5;121;5;7;7;39;0;5;479;54
"laanwj";1;"9200";2;0;1;1;5;2;0;9;45;0;2;10;5
"gmaxwell";1;"9199";12;4;1;1;2;3;2;12;70;0;7;198;5
"ryanofsky";1;"9196";6;2;1;1;1;0;2;6;20;0;5;49;1.5
"instagibbs";1;"9194";29;17;2;11;45;13;16;8;52;0;8;834;15
"MarcoFalke";1;"9191";6;0;12;9;83;27;13;3;0;1;4;50;6.5
"laanwj";1;"9190";9;0;5;23;102;74;5;5;98;0;6;270;27
"sipa";1;"9189";11;1;2;4;52;32;7;7;85;0;5;163;7
"gmaxwell";1;"9188";8;0;1;1;2;1;13;7;34;1;7;24;2
"laanwj";1;"9186";2;0;1;1;4;3;1;6;110;1;2;3;1.5
"jonasschnelli";1;"9185";6;2;2;2;32;49;4;5;33;1;3;130;11
"TheBlueMatt";1;"9183";11;12;5;2;59;18;14;5;45;0.5;8;78;4
"MarcoFalke";1;"9179";6;1;1;2;6;2;4;5;0;1;6;128;15.5
"MarcoFalke";1;"9178";1;0;1;1;1;1;0;6;16;NA;1;5;5
"laanwj";1;"9172";27;11;2;6;346;0;29;5;120;0;8;1691;29
"theuni";1;"9169";6;0;1;1;9;1;1;6;51;0;5;59;6.5
"mrbandrews";1;"9168";1;0;1;2;7;3;1;8;10;NA;1;2;2
"instagibbs";1;"9165";6;0;1;1;1;1;20;4;0;2;6;86;13.5
"instagibbs";1;"9164";4;0;1;1;1;1;0;5;0;0;4;7;2
"ryanofsky";1;"9160";3;0;1;1;4;4;1;5;7;0.5;3;6;2
"ryanofsky";1;"9159";1;0;1;1;6;3;5;8;46;NA;1;2;2
"jonasschnelli";1;"9156";14;4;1;1;25;0;3;8;169;0;8;507;16
"carryforward";1;"9155";5;0;1;2;2;2;2;6;9;0.5;5;20;2
"MarcoFalke";1;"9151";1;0;1;1;12;4;3;6;0;NA;1;7;7
"MarcoFalke";1;"9145";4;6;1;7;15;34;2;7;21;0;3;35;7.5
"fanquake";1;"9144";7;8;1;1;10;10;12;6;47;0;4;130;2
"jonasschnelli";1;"9143";4;5;1;3;16;15;110;6;42;27;4;33;6
"jonasschnelli";1;"9142";3;0;1;2;11;14;11;7;0;0.5;3;6;2
"jonasschnelli";1;"9141";5;2;1;1;1;1;11;5;31;2.5;5;239;4
"luke-jr";1;"9140";1;0;1;2;11;15;3;8;13;NA;1;36;36
"ryanofsky";1;"9139";4;2;2;2;9;6;12;10;29;0;3;33;4.5
"morcos";1;"9138";17;9;10;11;94;76;55;3;38;1.5;5;475;11
"ryanofsky";1;"9136";2;2;3;1;14;7;3;2;21;0;2;5;2.5
"morcos";1;"9133";2;0;1;1;3;1;5;5;105;1;2;22;11
"jonasschnelli";1;"9132";2;0;1;1;2;4;4;3;31;0;2;4;2
"jonasschnelli";1;"9131";9;0;1;1;1;1;5;10;4;0.5;6;306;14
"paveljanik";1;"9130";18;3;1;1;8;2;11;9;29;0;9;424;14.5
"theuni";1;"9128";20;25;5;7;308;152;14;6;191;0;7;688;14.5
"sipa";1;"9125";15;26;4;27;261;171;10;8;178;0.5;6;542;22
"paveljanik";1;"9124";0;0;1;1;2;2;1;11;36;NA;NA;NA;NA
"visvirial";1;"9122";3;0;1;1;1;1;0;6;38;0;3;36;8
"paveljanik";1;"9121";3;0;1;1;1;1;0;6;47;0;3;6;2
"UdjinM6";1;"9120";4;0;1;1;1;1;1;10;25;0;4;21;4.5
"theuni";1;"9117";8;0;1;1;1;1;12;11;59;0;5;217;29
"paveljanik";1;"9115";6;5;1;1;2;0;2;5;13;0;4;162;22.5
"fanquake";1;"9114";5;0;1;1;1;1;2;5;57;0.5;5;100;2
"laanwj";1;"9112";6;2;1;1;5;1;2;9;60;0;4;93;17.5
"fanquake";1;"9111";2;0;1;1;0;1;0;6;12;0;2;5;2.5
"ryanofsky";1;"9108";23;34;5;8;206;69;99;12;103;1;9;582;10
"morcos";1;"9107";17;12;1;4;181;62;57;4;97;0;5;332;17
"dcousens";1;"9100";8;0;1;1;9;9;17;8;39;1;4;248;28.5
"MarcoFalke";1;"9098";3;1;2;2;6;7;1;6;55;0;2;115;48
"MarcoFalke";1;"9097";1;0;2;3;54;49;3;5;30;NA;1;2;2
"MarcoFalke";1;"9095";4;0;1;10;10;9;1;4;18;0;4;37;8.5
"laanwj";1;"9094";4;0;1;2;3;2;0;8;3;0;4;33;8
"MarcoFalke";1;"9093";4;0;1;1;3;1;0;9;0;0;4;35;5.5
"rebroad";1;"9088";9;0;1;1;2;2;3;5;2;0;6;167;4
"jtimon";1;"9087";8;0;1;1;1;1;3;9;22;0;6;38;2
"TheBlueMatt";1;"9085";3;0;1;2;0;7;0;3;14;0;3;15;2
"s-matthew-english";1;"9083";13;0;1;1;1;1;3;5;24;0;5;304;30
"ryanofsky";1;"9077";6;1;2;3;17;4;4;5;53;0;4;128;15
"TheBlueMatt";1;"9075";11;15;3;5;44;53;14;5;66;1;6;211;11
"instagibbs";1;"9073";5;1;1;1;1;1;0;10;27;0;3;132;10
"sipa";1;"9071";7;0;1;1;2;2;0;4;27;0;6;94;15
"kazcw";1;"9070";3;0;3;3;75;90;5;2;0;0;2;90;12
"jnewbery";1;"9069";4;4;1;2;101;81;2;5;52;0;4;49;7
"UdjinM6";1;"9067";2;13;2;4;44;24;6;3;29;0;2;12;6
"domob1812";1;"9066";1;0;1;1;0;1;0;6;26;NA;1;2;2
"laanwj";1;"9065";2;0;1;4;37;34;0;4;48;0;2;59;29.5
"paveljanik";1;"9063";8;1;1;1;10;3;0;12;6;0;3;296;20
"robmcl4";1;"9060";3;0;1;1;1;1;0;9;26;0;3;182;67
"ryanofsky";1;"9058";11;4;3;2;25;5;10;8;84;0;4;684;58
"gmaxwell";1;"9053";8;5;3;8;20;48;2;11;132;0;6;61;6
"gmaxwell";1;"9052";3;4;1;1;4;3;6;7;26;9;3;10;2
"theuni";1;"9050";5;0;2;4;33;23;3;13;30;0.5;4;65;8
"TheBlueMatt";1;"9049";12;4;3;5;82;11;10;6;9;0;5;463;25
"sdaftuar";1;"9048";1;2;3;9;81;22;9;8;5;NA;1;11;11
"TheBlueMatt";1;"9045";9;0;1;3;15;1;8;11;37;0;6;394;15
"MarcoFalke";1;"9043";6;0;1;3;8;4;2;8;4;0;2;87;12.5
"MarcoFalke";1;"9042";1;2;1;1;2;0;3;8;54;NA;1;4;4
"s-matthew-english";1;"9041";5;0;1;2;2;2;1;6;16;0;3;150;29
"sipa";1;"9039";21;9;9;39;409;543;11;5;448;0;8;485;14
"laanwj";1;"9036";10;0;1;1;1;1;6;9;75;0;7;324;16
"MarcoFalke";1;"9033";1;0;1;1;1;1;0;9;6;NA;1;1;1
"laanwj";1;"9032";6;2;1;1;27;3;6;6;83;0;4;414;25
"s-matthew-english";1;"9029";7;0;1;2;2;2;0;6;20;0;5;202;24
"sdaftuar";1;"9026";9;3;3;9;81;21;13;6;98;1;5;535;24
"jnewbery";1;"9025";10;3;2;2;58;13;28;7;31;1;4;289;17
"jnewbery";1;"9023";17;2;1;2;54;24;7;4;36;0;3;1949;40
"fanquake";1;"9022";7;3;1;2;5;1;1;10;3;0.5;5;347;34
"laanwj";1;"9020";2;0;1;1;1;1;0;8;13;0;2;3;1.5
"instagibbs";1;"9016";8;5;1;4;22;13;3;7;58;0;4;140;16
"theuni";1;"9015";7;0;1;1;1;1;1;8;36;0;5;99;16
"TheBlueMatt";1;"9014";14;33;6;7;60;40;41;4;66;1;7;368;4
"gtsui";1;"9013";3;2;1;3;5;6;8;7;21;1.5;3;152;33
"luke-jr";1;"9012";0;0;1;1;98;24;0;5;0;NA;NA;NA;NA
"laanwj";1;"9011";3;0;7;16;68;4;8;2;3;1;3;16;6
"laanwj";1;"9010";11;2;3;6;121;35;37;11;295;0.5;6;350;24
"MarcoFalke";1;"9008";4;3;1;1;0;1;1;5;48;0;3;287;76
"unsystemizer";1;"9004";2;0;1;1;4;4;1;2;147;0;2;24;12
"gmaxwell";1;"9002";9;0;1;2;6;5;1;6;19;0;6;163;15
"luke-jr";1;"8996";17;4;6;17;285;13;19;3;58;0;5;746;41
"TheBlueMatt";1;"8995";2;0;1;1;2;0;2;7;53;1;2;4;2
"paveljanik";1;"8993";0;0;1;1;1;1;3;10;11;NA;NA;NA;NA
"laanwj";1;"8990";5;0;1;5;7;7;0;5;16;0;4;81;22
"jonasschnelli";1;"8989";15;3;3;7;64;13;7;8;43;0;7;730;45
"jonasschnelli";1;"8985";1;0;2;4;9;12;1;7;13;NA;1;3;3
"s-matthew-english";1;"8982";1;0;1;1;3;3;1;5;42;NA;1;6;6
"paveljanik";1;"8981";2;0;1;1;2;2;18;9;27;0;2;4;2
"luke-jr";1;"8980";1;0;1;1;4;4;0;12;10;NA;1;27;27
"jonasschnelli";1;"8977";2;1;1;3;19;11;13;8;52;9;1;51;25.5
"laanwj";1;"8976";2;0;1;3;21;5;18;6;142;0;2;7;3.5
"jtimon";1;"8975";2;0;1;1;4;4;2;5;3;1;2;4;2
"MarcoFalke";1;"8972";5;0;1;1;4;1;0;6;3;0;5;30;4
"TheBlueMatt";1;"8969";6;9;5;3;49;29;16;5;77;3;5;86;13.5
"TheBlueMatt";1;"8968";3;0;1;1;26;21;3;9;12;5;3;6;2
"anduck";1;"8965";8;0;1;1;3;1;0;6;13;0;6;91;9.5
"mruddy";1;"8960";1;0;1;1;27;0;0;10;26;NA;1;1;1
"mruddy";1;"8955";4;0;1;1;10;5;0;10;17;0;2;108;27.5
"MarcoFalke";1;"8954";1;0;1;1;16;0;0;6;0;NA;1;1;1
"luke-jr";1;"8951";1;1;1;1;36;30;1;8;2;NA;1;10;10
"gmaxwell";1;"8949";7;3;2;1;10;3;2;11;167;0;5;398;33
"Michagogo";1;"8948";5;0;1;1;1;1;8;9;40;0.5;5;23;3
"Michagogo";1;"8947";3;1;1;1;863;0;1;6;0;0.5;3;5;2
"TheBlueMatt";1;"8944";4;0;1;1;0;1;1;8;11;0;4;12;2
"harding";1;"8943";3;5;3;1;82;4;0;11;13;0;3;25;5
"MarcoFalke";1;"8942";0;0;1;1;3;3;0;7;17;NA;NA;NA;NA
"TheBlueMatt";1;"8940";9;2;3;2;6;4;0;7;0;0;7;42;2
"sipa";1;"8939";2;0;1;1;3;3;0;5;0;0;2;5;2.5
"sipa";1;"8937";10;12;1;2;5;5;0;8;11;0;10;82;2
"rebroad";1;"8936";4;0;1;1;2;2;2;5;10;0;4;8;2
"pooleja";1;"8935";11;0;1;1;35;4;1;6;63;0;4;397;38
"btcdrak";1;"8932";4;0;1;1;1;1;2;6;6;0;4;8;2
"TheBlueMatt";1;"8930";10;12;3;2;29;20;40;5;155;0;7;170;12.5
"sigwo";1;"8929";2;0;1;1;1;0;3;2;4;1;2;4;2
"TheBlueMatt";1;"8928";2;6;1;2;7;2;4;9;21;1;2;18;9
"jl2012";1;"8927";3;0;1;3;51;2;4;10;89;4;3;18;6
"rebroad";1;"8925";5;0;1;7;34;10;3;7;20;0.5;4;66;5
"TheBlueMatt";1;"8922";6;0;2;1;19;10;3;7;21;0;5;151;10
"jtimon";1;"8921";9;1;1;5;3;9;4;4;35;0;3;267;28
"fanquake";1;"8920";10;3;2;2;6;3;3;6;39;1;7;142;7
"luke-jr";1;"8918";5;0;1;2;33;8;5;9;56;0.5;3;103;24
"laanwj";1;"8916";2;2;21;39;2016;317;4;2;32;1;2;32;16
"petertodd";1;"8915";3;2;1;1;3;1;1;7;65;0.5;3;3;1
"laanwj";1;"8914";4;13;1;28;92;66;5;6;226;0;4;44;11.5
"laanwj";1;"8911";2;0;1;1;11;7;2;8;47;0;2;4;2
"s-matthew-english";1;"8908";36;5;1;1;3;2;7;2;33;0;6;826;21.5
"MarcoFalke";1;"8906";2;0;1;2;5;4;5;6;14;1;2;5;2.5
"dagurval";1;"8904";4;0;1;1;3;1;4;9;23;0;4;26;4.5
"fanquake";1;"8899";13;4;1;2;33;0;6;9;57;0;8;179;13
"randy-waterhouse";1;"8896";1;0;1;2;5;5;3;8;7;NA;1;6;6
"JeremyRubin";1;"8895";22;40;2;7;901;41;71;3;711;1;7;1677;20.5
"jnewbery";1;"8894";8;0;1;1;20;6;35;7;43;0;4;142;12
"laanwj";1;"8892";3;2;1;1;32;0;8;6;13;2;3;6;2
"fanquake";1;"8891";5;5;1;1;5;0;3;6;0;0;3;16;3
"fanquake";1;"8890";6;0;1;1;1727;1019;13;5;55;0;3;291;23.5
"fanquake";1;"8887";2;6;1;1;24;12;1;5;16;0;2;3;1.5
"theuni";1;"8885";2;0;1;3;15;12;4;6;27;2;2;11;5.5
"luke-jr";1;"8884";3;0;1;1;1;1;1;12;15;0;3;21;2
"jnewbery";1;"8883";15;13;4;24;541;31;100;7;117;3.5;6;438;10
"sdaftuar";1;"8882";6;0;2;2;48;44;7;8;129;1;4;56;2
"jnewbery";1;"8881";5;1;1;3;65;30;4;6;14;0.5;4;487;8
"laanwj";1;"8880";8;8;3;3;26;25;11;5;49;0;5;136;10
"MarcoFalke";1;"8879";4;2;1;7;24;55;1;3;40;0;3;14;4
"luke-jr";1;"8877";25;2;11;3;131;20;91;13;8;0;7;598;16
"achow101";1;"8874";21;2;2;4;79;56;36;7;20;0;7;382;16
"ryanofsky";1;"8873";8;5;1;5;372;1;15;7;51;0;4;143;16.5
"TheBlueMatt";1;"8872";8;0;3;5;46;31;49;7;79;4;4;102;7
"MarcoFalke";1;"8866";5;0;19;39;1146;115;8;2;17;0.5;4;73;15
"TheBlueMatt";1;"8865";10;14;8;11;132;104;16;4;78;0;4;381;19
"MarcoFalke";1;"8863";3;5;2;3;7;7;1;3;5;0.5;2;108;29
"theuni";1;"8862";6;0;1;1;2;2;3;11;20;0;5;241;41
"MarcoFalke";1;"8860";1;0;1;8;12;23;2;6;10;NA;1;2;2
"laanwj";1;"8858";7;0;1;1;4;3;2;9;29;0;7;91;2
"MarcoFalke";1;"8857";6;0;1;3;3;3;1;8;124;0;3;70;4.5
"jtimon";1;"8856";3;0;1;6;12;11;2;8;45;0.5;2;53;4
"sdaftuar";1;"8854";1;0;1;2;3;1;0;7;78;NA;1;4;4
"laanwj";1;"8852";0;0;1;2;6;0;0;7;3;NA;NA;NA;NA
"MarcoFalke";1;"8851";1;0;1;2;42;37;0;10;5;NA;1;7;7
"laanwj";1;"8850";3;0;2;2;18;11;4;8;39;1.5;3;31;2
"jl2012";1;"8848";3;0;1;2;7;1;4;6;0;1.5;3;9;2
"jnewbery";1;"8845";6;3;1;1;10;2;19;10;110;1;5;43;4
"jl2012";1;"8841";1;2;1;1;2;0;1;4;41;NA;1;2;2
"laanwj";1;"8840";1;0;1;7;12;12;1;10;101;NA;1;2;2
"laanwj";1;"8839";1;0;1;1;3;2;1;6;12;NA;1;2;2
"jnewbery";1;"8838";8;0;1;1;3;1;49;9;114;0;4;277;18
"jnewbery";1;"8837";14;0;1;2;11;1;53;6;72;0;4;1067;59
"jnewbery";1;"8836";2;0;1;2;22;0;1;9;51;0;2;4;2
"MarcoFalke";1;"8835";3;0;1;1;4;6;0;6;9;0;2;68;18
"MarcoFalke";1;"8834";8;0;1;1;3;3;0;6;85;0;3;952;40
"MarcoFalke";1;"8832";2;1;1;1;2;0;1;10;5;15;1;8;4
"jnewbery";1;"8830";4;2;1;2;27;3;2;7;59;1;3;7;2
"jnewbery";1;"8829";12;0;1;12;997;1;1;4;18;0;6;362;14
"pstratem";1;"8828";3;6;1;3;74;80;35;4;8;0;2;259;47
"sdaftuar";1;"8827";2;0;1;1;4;1;1;11;121;1;2;4;2
"paveljanik";1;"8826";3;0;1;1;0;1;1;7;40;0.5;2;58;13
"laanwj";1;"8823";3;0;1;1;10;1;1;8;55;0;3;50;1
"laanwj";1;"8822";4;3;2;4;14;15;3;4;68;0;3;164;42
"MarcoFalke";1;"8821";5;0;2;3;21;14;13;6;67;3;4;36;2
"fanquake";1;"8820";4;0;1;2;27;1;1;7;65;0;3;126;30.5
"fanquake";1;"8819";7;0;1;1;3;3;2;3;22;0;5;87;10
"jnewbery";1;"8817";14;13;1;12;21;1;17;6;70;0;10;231;7
"laanwj";1;"8815";2;0;11;14;1222;129;1;3;13;0;2;4;2
"MarcoFalke";1;"8814";2;0;1;2;2;2;2;7;5;0;2;17;8.5
"laanwj";1;"8813";11;2;1;3;12;16;4;4;124;0.5;5;277;26
"laanwj";1;"8811";47;36;13;16;540;348;107;7;294;0;9;1410;23
"laanwj";1;"8810";5;0;1;1;5;1;2;7;57;0.5;2;142;21
"paveljanik";1;"8808";25;16;2;15;46;45;159;6;41;1;6;637;13
"MarcoFalke";1;"8807";2;0;2;2;24;27;0;5;3;0;2;50;25
"Derek701";1;"8805";4;0;1;2;6;6;2;4;0;0;2;100;27
"jl2012";1;"8803";6;0;1;1;3;0;3;8;42;0;3;65;10.5
"mitchellcash";1;"8802";1;0;1;2;2;2;1;4;18;NA;1;9;9
"jnewbery";1;"8796";1;2;1;1;10;7;4;7;18;NA;1;1;1
"paveljanik";1;"8794";19;2;2;2;27;0;48;4;32;0;4;421;18
"paveljanik";1;"8793";9;0;1;33;216;216;1;5;14;0;3;329;28
"MarcoFalke";1;"8791";2;0;1;1;1;1;3;5;31;1;2;56;28
"MarcoFalke";1;"8790";1;0;1;1;2;3;2;7;0;NA;1;2;2
"MarcoFalke";1;"8789";1;0;1;1;2;2;2;7;13;NA;1;3;3
"jonasschnelli";1;"8788";7;4;3;16;570;554;27;10;76;1.5;2;210;20
"AmirAbrams";1;"8787";7;1;1;1;2;0;3;7;34;0;3;251;32
"achow101";1;"8786";7;2;1;1;8;0;3;3;12;0;5;57;2
"instagibbs";1;"8785";6;8;1;1;1;0;0;4;17;0;4;176;7.5
"luke-jr";1;"8784";33;0;4;13;55;1;8;5;74;0;28;375;3
"MarcoFalke";1;"8783";0;0;1;1;0;35;1;3;7;NA;NA;NA;NA
"MarcoFalke";1;"8781";1;0;1;1;0;25;1;3;4;NA;1;100;100
"MarcoFalke";1;"8780";8;4;2;3;27;21;5;3;8;0;4;226;19.5
"MarcoFalke";1;"8779";4;0;1;4;0;325;1;3;10;0;4;61;10
"MarcoFalke";1;"8777";1;0;1;3;9;4;0;4;11;NA;1;31;31
"luke-jr";1;"8776";11;7;2;4;65;31;104;6;9;5;6;51;2
"luke-jr";1;"8775";23;25;9;11;600;423;163;7;9;1;8;472;8
"luke-jr";1;"8774";2;0;2;5;19;6;28;7;9;28;2;5;2.5
"luke-jr";1;"8773";1;0;1;1;1;1;0;10;5;NA;1;3;3
"luke-jr";1;"8772";3;0;54;70;535;283;5;2;38;2;2;67;8
"luke-jr";1;"8771";1;4;1;1;9;0;4;7;0;NA;1;14;14
"unsystemizer";1;"8769";5;1;1;1;3;3;1;5;55;0;4;75;3
"MarcoFalke";1;"8768";1;3;2;5;27;22;1;5;11;NA;1;2;2
"jonasschnelli";1;"8765";3;0;1;1;0;2;1;6;35;11.5;2;34;6
"murtyjones";1;"8762";4;0;1;1;1;1;0;3;0;0;4;6;1.5
"MarcoFalke";1;"8760";1;4;1;2;12;16;1;6;5;NA;1;2;2
"fanquake";1;"8754";3;0;1;1;1;1;1;9;35;4;2;58;16
"laanwj";1;"8753";25;17;5;15;966;410;45;3;483;0;5;1378;26
"MarcoFalke";1;"8750";0;0;1;1;10;4;2;6;25;NA;NA;NA;NA
"jnewbery";1;"8747";21;6;1;3;10;8;111;9;67;0.5;9;925;23
"MarcoFalke";1;"8744";2;0;3;4;25;10;4;3;7;1;2;5;2.5
"fanquake";1;"8743";4;4;1;11;9;100;9;9;43;4;3;42;9.5
"fanquake";1;"8742";1;0;1;1;2;0;3;6;47;NA;1;7;7
"laanwj";1;"8740";3;0;1;1;1;1;4;8;70;4.5;3;19;7
"sdaftuar";1;"8739";2;0;1;1;37;21;5;7;114;6;2;9;4.5
"paveljanik";1;"8737";0;0;1;1;1;1;4;11;21;NA;NA;NA;NA
"wjx";1;"8736";7;3;2;1;7;3;53;4;49;3;5;82;4
"laanwj";1;"8730";3;0;1;2;21;2;15;7;69;5;2;37;15
"MarcoFalke";1;"8724";0;0;1;1;4;3;5;7;9;NA;NA;NA;NA
"laanwj";1;"8722";4;0;1;1;39;3;12;5;75;0;2;90;21.5
"andersoyvind";1;"8720";2;0;1;1;1;1;5;5;15;0;2;33;16.5
"spencerlievens";1;"8717";7;0;0;0;0;0;99;6;12;0;4;116;14
"MarcoFalke";1;"8716";1;1;1;1;3;2;6;7;25;NA;1;33;33
"theuni";1;"8715";4;0;1;2;1;1;1;8;38;0;3;50;13
"MarcoFalke";1;"8714";3;5;1;1;0;3;1;5;16;0;3;3;1
"MarcoFalke";1;"8713";1;0;1;1;8;2;3;7;55;NA;1;2;2
"jonasschnelli";1;"8712";6;0;1;2;1;6;1;4;38;0;4;51;2.5
"MarcoFalke";1;"8710";3;0;3;4;26;6;0;3;22;0;3;11;4
"rebroad";1;"8709";11;0;1;1;5;4;55;8;112;0;5;888;51
"theuni";1;"8707";6;3;1;3;14;3;6;4;52;0;3;39;6
"isle2983";1;"8702";2;0;1;3;9;0;8;10;86;4;2;176;88
"isle2983";1;"8701";2;0;1;1;3;0;8;8;34;1;2;32;16
"isle2983";1;"8700";5;0;1;11;41;0;9;10;111;0.5;5;32;1
"jl2012";1;"8699";9;5;1;1;0;38;2;4;47;0;5;198;18
"rodasmith";1;"8697";6;0;1;1;2;2;3;7;57;1;6;38;3
"pstratem";1;"8696";5;8;4;3;37;18;10;7;13;1;5;55;2
"instagibbs";1;"8693";6;0;1;1;2;0;4;6;43;0;3;34;5
"sipa";1;"8690";7;1;1;1;16;7;75;9;34;9.5;4;139;10
"sipa";1;"8688";5;6;1;7;34;24;10;7;34;0;2;62;10
"bitcoinsSG";1;"8683";5;0;1;1;1;1;1;5;19;0;5;57;2
"JeremyRubin";1;"8681";8;2;1;1;7;4;2;6;49;0;4;164;16
"theuni";1;"8680";8;4;1;5;168;2;2;4;190;0;4;197;23
"sipa";1;"8679";6;0;12;20;342;122;2;3;16;0;5;54;7
"jonasschnelli";1;"8678";3;0;1;1;4;1;2;11;54;8.5;2;13;2
"paveljanik";1;"8677";11;0;1;1;3;3;2;11;77;0;7;137;12
"isle2983";1;"8676";18;0;1;9;28;0;12;4;118;0;14;258;3
"isle2983";1;"8675";9;1;1;19;19;19;61;5;24;1;5;128;7
"isle2983";1;"8674";9;3;1;3;662;76;56;11;102;1;5;438;39
"JeremyRubin";1;"8673";7;0;1;1;1;1;1;7;10;0.5;7;133;4
"Cocosoft";1;"8672";15;0;2;3;13;0;14;8;2;0;7;412;25
"JeremyRubin";1;"8671";7;0;1;1;43;19;2;9;93;0;6;72;2
"jl2012";1;"8667";8;0;1;1;1;1;4;6;12;0;7;58;5
"NicolasDorier";1;"8665";19;3;3;2;7;6;190;4;11;0.5;7;482;21
"sdaftuar";1;"8664";6;0;1;1;1;0;4;4;63;1;6;13;2
"btcdrak";1;"8662";4;0;1;1;0;0;9;4;0;1;3;139;32.5
"gmaxwell";1;"8661";10;0;1;1;5;0;20;12;10;1;6;371;33
"paveljanik";1;"8658";30;0;1;5;0;6;27;5;38;0;6;1468;31.5
"paveljanik";1;"8656";2;3;1;2;7;7;19;7;87;0;2;8;4
"paveljanik";1;"8655";16;15;1;15;89;89;25;5;13;0;4;396;19
"mrwhythat";1;"8652";6;0;2;2;7;4;11;8;25;2;3;146;27
"sipa";1;"8651";9;0;1;1;1;1;3;4;0;0;8;51;5
"droark";1;"8645";3;0;1;1;0;10;4;5;77;2.5;3;58;27
"fanquake";1;"8640";3;0;1;1;0;66;0;4;18;0;3;15;3
"djpnewton";1;"8638";8;0;1;3;16;12;1;5;0;0;6;194;16
"sipa";1;"8637";12;5;4;4;24;9;48;6;16;3;6;93;2
"jl2012";1;"8636";14;0;1;3;150;0;22;4;55;2;10;140;2.5
"jl2012";1;"8634";13;9;1;8;55;2;27;7;98;1;8;42;2
"jtimon";1;"8629";7;0;1;9;11;12;3;2;37;0.5;5;72;5
"netsafe";1;"8626";13;3;1;1;1;1;1;5;67;0;6;526;42
"isle2983";1;"8625";2;0;1;1;2;2;0;9;0;0;2;4;2
"MarcoFalke";1;"8624";4;0;1;2;7;4;0;4;2;0;4;8;2
"MarcoFalke";1;"8621";2;0;1;1;49;28;3;5;12;0;2;5;2.5
"luke-jr";1;"8617";7;15;1;2;45;1;2;14;0;0;7;65;4
"sipa";1;"8613";8;0;2;52;1942;372;100;2;26;1;3;277;24.5
"sipa";1;"8612";4;0;1;1;11;9;4;7;34;4;3;9;2.5
"sipa";1;"8611";10;0;1;1;1;1;3;9;16;0;8;53;2.5
"sipa";1;"8610";23;4;1;2;9;5;131;6;78;0.5;12;991;8
"nomnombtc";1;"8608";11;11;9;9;1244;1;17;10;104;0.5;6;731;57
"MarcoFalke";1;"8607";4;5;4;8;44;44;2;7;17;1;4;11;1
"sipa";1;"8606";6;0;1;1;21;15;12;3;17;0;4;60;9.5
"laanwj";1;"8604";4;0;2;2;38;18;5;7;123;1;4;62;8.5
"fanquake";1;"8603";1;0;1;1;2;1;0;6;4;NA;1;4;4
"fanquake";1;"8602";2;2;1;1;4;3;0;10;4;0;2;3;1.5
"laanwj";1;"8601";8;2;3;2;15;3;18;13;41;2;6;177;11
"MarcoFalke";1;"8600";2;0;1;3;23;28;0;7;17;0;2;3;1.5
"gmaxwell";1;"8594";23;0;1;1;0;6;13;8;90;0;8;2062;31
"MarcoFalke";1;"8590";7;0;1;4;2;6;1;3;9;0;5;236;13
"sipa";1;"8589";11;0;1;18;96;176;118;4;10;2;6;76;7
"rebroad";1;"8583";13;0;1;2;6;0;1;4;34;0;7;294;23
"MarcoFalke";1;"8581";7;0;1;3;22;28;2;7;0;0;7;22;3
"sipa";1;"8580";22;56;4;28;287;292;103;4;102;4;7;464;7
"MarcoFalke";1;"8578";3;1;1;4;2;23;1;4;0;0.5;3;6;2
"jonasschnelli";1;"8574";8;0;1;5;237;152;194;3;52;1;7;111;12.5
"jonasschnelli";1;"8573";4;0;1;1;1;1;4;5;11;1;4;7;2
"djpnewton";1;"8567";2;0;1;1;2;0;1;7;0;0;2;4;2
"achow101";1;"8566";19;14;4;2;391;0;7;6;83;0;7;495;16
"jonasschnelli";1;"8564";3;0;1;3;9;11;6;6;78;1.5;3;5;2
"ajtowns";1;"8563";15;0;1;2;43;0;17;5;40;1;5;430;16
"rebroad";1;"8561";1;0;1;1;1;1;3;15;7;NA;1;2;2
"cbarcenas";1;"8560";5;0;0;0;0;0;1;7;122;0;5;97;5
"laanwj";1;"8558";1;0;1;1;4;0;0;5;15;NA;1;3;3
"MarcoFalke";1;"8557";3;0;3;2;33;8;11;3;0;2;3;41;18
"domob1812";1;"8554";3;0;1;1;0;1;2;4;27;0;3;8;3
"MarcoFalke";1;"8551";1;1;1;4;3;9;3;4;0;NA;1;2;2
"MarcoFalke";1;"8548";3;0;1;4;21;21;3;10;5;1.5;3;23;2
"MarcoFalke";1;"8545";2;2;1;1;2;1;7;4;0;5;2;9;4.5
"laanwj";1;"8540";2;0;1;3;10;5;1;10;81;0;2;19;9.5
"crowning-";1;"8539";3;0;1;1;1;1;4;4;15;0.5;3;8;3
"MarcoFalke";1;"8534";3;0;1;1;5;5;1;3;6;0;3;8;2
"MarcoFalke";1;"8531";1;0;1;1;13;13;1;4;38;NA;1;4;4
"instagibbs";1;"8528";4;4;2;1;7;3;28;6;53;3;3;13;2
"jl2012";1;"8526";14;6;1;8;101;2;42;7;58;0;8;467;25
"sipa";1;"8525";8;2;2;2;29;9;24;8;109;4;4;155;4.5
"sipa";1;"8524";6;3;3;8;159;38;16;2;24;2;6;52;9.5
"laanwj";1;"8521";4;0;1;1;0;3;1;5;15;0;4;24;4.5
"laanwj";1;"8520";3;0;1;1;0;8;1;5;32;0;3;16;2
"sipa";1;"8519";2;0;3;1;24;20;0;10;0;0;2;3;1.5
"jonasschnelli";1;"8517";23;9;1;15;107;18;4;7;28;0;7;787;29
"instagibbs";1;"8516";5;0;1;1;0;4;1;5;4;0;4;34;2
"sipa";1;"8515";8;6;4;7;51;50;71;5;67;2;6;76;7.5
"JeremyRubin";1;"8513";7;0;1;1;1;1;2;10;13;0;4;156;15
"sevastos";1;"8512";2;0;1;1;1;1;3;8;43;0;2;4;2
"leijurv";1;"8505";15;0;1;7;9;9;4;6;73;0;5;164;8
"laanwj";1;"8504";8;0;2;6;5;82;4;5;222;0;5;114;6.5
"juscamarena";1;"8503";3;0;1;3;3;3;1;4;15;0;3;6;2
"jl2012";1;"8499";80;59;7;18;1329;65;67;11;8;1;11;1430;6.5
"MarcoFalke";1;"8494";8;0;1;1;1;1;40;6;9;0;4;169;11.5
"luke-jr";1;"8492";2;0;1;1;2;2;4;6;0;1;2;4;2
"luke-jr";1;"8490";8;3;3;1;25;3;9;15;0;0;4;173;4
"luke-jr";1;"8489";2;0;2;2;60;9;2;8;47;2;2;46;23
"achow101";1;"8487";18;1;2;2;16;1;17;6;69;0;5;742;32
"MarcoFalke";1;"8486";6;6;1;4;24;8;49;6;13;0;5;78;2
"MarcoFalke";1;"8482";2;0;3;7;34;24;10;7;39;9;2;17;8.5
"adlawren";1;"8481";3;0;1;1;8;3;4;6;66;16;3;18;2
"paveljanik";1;"8472";12;0;1;1;4;1;26;10;76;0;6;204;16.5
"paveljanik";1;"8467";5;0;1;1;6;6;5;7;37;0.5;4;74;5
"paveljanik";1;"8466";6;0;1;5;13;13;28;8;56;3;4;21;3.5
"sipa";1;"8465";6;0;1;1;18;0;5;4;0;0;6;13;1.5
"MarcoFalke";1;"8463";10;2;1;6;27;181;19;6;50;0;5;226;16
"Mirobit";1;"8462";3;0;1;2;3;3;20;7;6;0.5;3;16;2
"jlopp";1;"8461";9;0;1;1;3;2;15;9;37;0;7;144;10
"mrbandrews";1;"8456";40;182;3;8;715;14;168;4;368;2;11;1484;17.5
"MarcoFalke";1;"8454";2;0;1;1;12;2;0;8;4;0;2;11;5.5
"laanwj";1;"8453";10;0;2;42;3905;195;14;8;55;0;4;231;18
"pstratem";1;"8450";11;3;2;4;96;231;21;8;0;0;5;249;9
"paveljanik";1;"8449";9;3;2;2;4;5;30;7;78;0.5;5;76;7
"sipa";1;"8448";52;24;4;6;147;7;91;7;81;0;13;2701;47.5
"paveljanik";1;"8446";4;2;2;1;5;5;1;6;4;0;4;8;2
"pstratem";1;"8445";12;5;2;4;26;18;22;7;2;1;5;176;5
"sdaftuar";1;"8444";1;0;1;1;12;2;3;7;139;NA;1;28;28
"jonasschnelli";1;"8443";7;5;1;1;1;2;18;7;7;1;3;46;2
"MarcoFalke";1;"8442";1;0;1;1;64;80;2;6;24;NA;1;2;2
"paveljanik";1;"8441";7;1;1;1;5;1;2;12;3;0;4;99;10
"fanquake";1;"8439";5;0;1;2;1;1;2;8;21;1;5;44;7
"dexX7";1;"8438";8;0;1;6;15;12;10;11;19;1;6;64;7.5
"pstratem";1;"8432";3;0;1;1;1;1;2;3;3;0.5;3;6;2
"Christewart";1;"8428";4;2;1;1;9;12;5;5;8;1;4;82;20
"laanwj";1;"8427";7;0;1;1;5;0;1;5;10;0;6;123;2
"fanquake";1;"8423";11;0;3;3;7;7;55;7;88;1.5;4;284;22
"theuni";1;"8421";3;2;3;2;33;35;1;5;120;0.5;3;8;2
"sdaftuar";1;"8419";3;1;1;1;1;3;4;7;31;1.5;2;6;2
"sdaftuar";1;"8418";7;2;5;8;1026;76;5;5;149;0;4;81;6
"jonasschnelli";1;"8417";4;6;1;2;121;0;1;9;0;1;3;94;15.5
"kazcw";1;"8414";3;0;1;1;4;0;1;5;22;0;3;4;1
"jtimon";1;"8413";6;0;1;2;5;5;4;8;41;1;6;22;2
"jtimon";1;"8412";7;0;1;1;1;0;1;6;78;0;5;54;2
"sdaftuar";1;"8408";6;0;2;1;1;2;3;6;141;0;4;225;3.5
"jonasschnelli";1;"8407";8;3;1;2;24;1;2;5;130;0;3;273;24
"mrwhythat";1;"8400";3;1;2;3;102;129;7;3;36;1.5;3;22;3
"cqtenq";1;"8396";3;0;1;1;0;3;1;6;8;0;3;7;2
"sipa";1;"8393";43;20;6;9;489;241;80;7;5;1;9;969;17.5
"sipa";1;"8392";4;3;3;4;40;15;13;5;122;3;2;374;43.5
"NicolasDorier";1;"8391";13;21;1;7;83;107;14;3;55;0.5;5;348;11
"jonasschnelli";1;"8390";3;0;1;2;12;12;1;5;30;5;2;10;3
"jonasschnelli";1;"8389";21;16;2;5;59;12;7;10;5;0;7;692;18
"dooglus";1;"8382";2;0;1;1;1;1;0;3;16;0;2;4;2
"jl2012";1;"8381";26;2;2;4;89;7;6;5;13;0;11;354;12
"jafaber";1;"8380";3;0;1;1;1;1;1;6;0;0;3;7;2
"jl2012";1;"8379";3;0;1;1;0;1;0;6;0;0;3;21;3
"pstratem";1;"8378";3;0;1;1;3;3;0;6;16;0;3;10;2
"sdaftuar";1;"8374";11;9;1;1;62;0;2;6;0;0;4;440;29
"theuni";1;"8373";6;0;1;2;34;0;1;4;20;0;6;46;2.5
"jonasschnelli";1;"8371";37;8;7;17;708;29;66;6;84;0;10;775;22.5
"jonasschnelli";1;"8367";5;3;1;2;5;1;1;8;107;0;3;202;44
"jonasschnelli";1;"8366";0;0;1;3;7;1;1;9;106;NA;NA;NA;NA
"sipa";1;"8365";38;3;1;6;15;12;8;9;78;0;7;2062;49
"sdaftuar";1;"8363";6;0;1;18;69;69;1;6;192;0;6;91;2
"sdaftuar";1;"8362";7;0;1;1;1;1;7;6;9;0;5;285;15
"sipa";1;"8361";0;0;1;1;33;0;1;7;0;NA;NA;NA;NA
"laanwj";1;"8360";0;0;1;1;22;4;1;8;19;NA;NA;NA;NA
"laanwj";1;"8359";3;0;1;1;1;1;0;5;4;0;3;6;2
"MarcoFalke";1;"8358";8;0;1;1;3;3;8;9;14;0;4;128;13
"maiiz";1;"8357";14;0;1;1;1;1;71;5;7;0;5;208;13.5
"mrwhythat";1;"8353";10;8;3;2;10;6;27;4;3;1;5;81;8
"jtimon";1;"8348";4;0;1;1;1;1;11;7;81;0;4;9;2
"jtimon";1;"8347";14;0;1;2;4;4;5;9;82;0;9;360;18
"jtimon";1;"8346";24;10;1;2;20;2;15;6;113;0;7;451;10.5
"NicolasDorier";1;"8342";19;3;1;1;9;9;6;7;35;0;8;684;24
"NicolasDorier";1;"8341";5;3;1;1;4;4;6;7;24;0.5;5;15;2
"MarcoFalke";1;"8340";2;0;1;1;1;1;0;7;9;0;2;3;1.5
"dcousens";1;"8332";8;0;1;1;5;3;16;8;48;0;7;50;4
"jonasschnelli";1;"8324";7;0;1;2;2;2;5;6;50;0.5;3;172;17
"jonasschnelli";1;"8323";7;8;6;6;43;7;9;9;51;0.5;5;88;7
"tjps";1;"8321";15;1;1;2;23;16;20;5;18;1;5;778;49
"KrzysiekJ";1;"8320";7;0;1;1;8;4;10;7;56;0;3;620;56
"btcdrak";1;"8318";1;0;2;9;86;60;3;7;3;NA;1;4;4
"MarcoFalke";1;"8317";8;0;1;1;3;3;3;5;28;0;3;240;35
"theuni";1;"8315";3;0;1;1;34;6;0;6;17;0;2;31;6
"theuni";1;"8314";2;0;2;2;34;13;1;5;64;0;2;34;17
"sdaftuar";1;"8312";5;3;2;2;56;8;7;7;198;1;4;99;7
"mcelrath";1;"8311";7;0;1;6;40;40;7;4;37;1;5;88;12
"theuni";1;"8310";2;0;1;1;1;1;2;5;11;1;2;10;5
"MarcoFalke";1;"8309";2;2;2;3;82;0;2;4;0;0;2;27;13.5
"gmaxwell";1;"8306";7;0;1;1;1;8;1;8;11;0.5;4;313;16
"sdaftuar";1;"8305";15;2;2;3;145;1;13;5;159;0;7;390;4
"MarcoFalke";1;"8304";10;0;1;1;1;1;2;3;20;0;4;236;21.5
"fanquake";1;"8303";3;0;1;1;3;3;3;6;4;1;3;30;2
"MarcoFalke";1;"8302";2;0;1;2;13;0;7;9;6;0;2;4;2
"laanwj";1;"8298";7;0;1;2;0;24;5;5;39;0.5;5;215;33
"MarcoFalke";1;"8296";0;0;1;4;17;9;48;7;14;NA;NA;NA;NA
"sdaftuar";1;"8295";2;2;5;5;36;89;18;4;88;6;2;118;59
"luke-jr";1;"8293";9;0;1;1;13;3;44;7;0;4;4;134;5
"MarcoFalke";1;"8291";3;16;1;1;4;5;63;6;2;31;2;149;8
"roques";1;"8289";16;2;1;5;224;100;12;6;21;0;6;887;58.5
"laanwj";1;"8288";4;1;1;1;19;1;7;4;62;0;4;15;3.5
"MarcoFalke";1;"8287";3;0;2;3;7;7;111;5;33;21.5;2;68;19
"laanwj";1;"8285";10;0;2;4;4;0;2;6;182;0;3;294;22.5
"EthanHeilman";1;"8282";23;24;1;4;83;9;58;11;494;0;7;1930;23
"laanwj";1;"8281";6;0;1;4;26;56;1;7;52;0;5;67;2.5
"sdaftuar";1;"8280";1;0;1;1;2;2;6;6;45;NA;1;25;25
"btcdrak";1;"8275";5;0;1;5;0;150;9;6;36;0.5;5;162;21
"laanwj";1;"8274";4;2;2;3;375;355;32;3;71;1;4;15;2.5
"laanwj";1;"8273";24;6;2;3;27;7;9;5;254;0;7;895;22
"sipa";1;"8272";8;5;1;3;7;7;68;7;4;0;4;101;9
"sipa";1;"8271";11;0;1;1;1;1;18;7;21;0;4;518;50
"ChoHag";1;"8270";3;7;2;10;10;10;50;8;44;16.5;3;6;2
"paveljanik";1;"8261";3;0;1;1;1;1;3;10;20;0;2;6;2
"jl2012";1;"8258";6;0;1;1;12;3;3;7;52;1;5;55;7
"sipa";1;"8257";5;2;1;4;13;1;4;8;11;0.5;4;78;4
"fsb4000";1;"8256";3;1;1;1;2;0;0;3;66;0;3;35;8
"fanquake";1;"8254";1;1;1;1;7;1;0;8;5;NA;1;2;2
"fanquake";1;"8252";3;0;1;1;1;0;0;6;0;0;3;17;2
"laanwj";1;"8249";6;0;2;2;41;8;95;8;5;4;3;350;57
"sipa";1;"8247";5;0;1;1;1;1;1;6;0;0.5;4;35;3
"laanwj";1;"8246";4;0;1;3;9;9;0;6;15;0;4;52;11
"dcousens";1;"8244";5;0;1;1;0;2;2;5;25;0;5;15;2
"laanwj";1;"8240";2;4;1;1;22;0;3;10;5;1;2;10;5
"fanquake";1;"8238";10;0;1;5;65;8;38;7;264;1;5;126;7
"MarcoFalke";1;"8236";2;2;1;3;1105;134;0;5;17;0;2;4;2
"laanwj";1;"8234";2;1;1;69;11761;2714;1;4;106;1;2;680;340
"laanwj";1;"8233";4;0;3;3;31;3;1;9;8;0;3;43;11.5
"jonasschnelli";1;"8231";5;1;1;1;5;0;1;13;41;0;2;161;31
"thelazier";1;"8230";8;0;1;1;1;1;1;4;8;0;5;353;31.5
"fanquake";1;"8229";6;0;1;3;24;28;1;9;59;0;4;109;8
"wbnns";1;"8226";9;0;1;1;109;33;67;8;92;0;6;229;14
"wbnns";1;"8224";5;0;1;1;1;1;1;4;96;0;4;75;11
"domob1812";1;"8223";4;5;1;5;15;24;122;6;24;1;4;45;9
"sipa";1;"8222";4;0;1;1;1;0;4;7;15;1;4;59;10
"sipa";1;"8220";8;0;1;1;1;1;2;6;45;0;5;94;2
"MarcoFalke";1;"8216";3;0;4;2;29;77;4;6;9;0.5;2;42;2
"MarcoFalke";1;"8215";2;1;1;1;25;21;1;6;55;1;2;4;2
"MarcoFalke";1;"8214";2;0;1;1;1;1;0;9;27;0;2;15;7.5
"jonasschnelli";1;"8210";23;4;5;10;134;71;4;4;13;0;6;896;29
"sipa";1;"8208";3;0;1;3;14;12;1;10;61;0.5;3;8;2
"MarcoFalke";1;"8207";19;4;1;1;10;1;1;14;3;0;7;417;15
"jonasschnelli";1;"8206";11;10;1;2;27;4;42;6;133;1;4;520;9
"petertodd";1;"8204";5;0;1;1;1;1;8;4;6;0;3;178;42
"nathaniel-mahieu";1;"8203";1;8;1;1;14;4;6;7;20;NA;1;2;2
"MarcoFalke";1;"8201";2;1;2;3;22;12;1;6;27;1;2;47;23.5
"fanquake";1;"8198";4;0;1;1;275;275;1;6;30;0;4;176;37
"fanquake";1;"8197";4;0;1;1;1;0;1;3;11;0;3;194;57
"MarcoFalke";1;"8194";2;0;1;3;12;6;2;6;29;0;2;559;279.5
"fanquake";1;"8193";2;1;1;1;6;6;1;8;0;0;2;4;2
"fanquake";1;"8192";13;7;1;1;3;3;64;7;9;0;6;333;16
"paveljanik";1;"8191";5;4;1;4;15;15;81;6;37;15.5;4;23;3
"instagibbs";1;"8189";5;0;1;1;5;5;54;4;18;2;3;27;3
"theuni";1;"8188";8;0;2;6;57;17;3;4;56;0;3;555;16
"MarcoFalke";1;"8187";5;0;1;69;494;531;83;6;40;1.5;3;113;23
"MarcoFalke";1;"8185";1;0;15;20;349;186;11;6;23;NA;1;2;2
"laanwj";1;"8181";7;0;1;5;2;19;1;5;32;0;5;26;2
"luke-jr";1;"8180";8;0;1;1;0;0;0;4;5;0;3;211;25
"gmaxwell";1;"8179";7;3;5;3;108;32;11;10;50;0.5;4;117;5
"sipa";1;"8178";9;10;1;1;48;0;1;10;0;0;8;98;5
"kazcw";1;"8177";9;0;1;1;4;5;2;5;0;0;4;559;41
"luke-jr";1;"8176";2;0;4;7;150;14;85;4;7;77;2;7;3.5
"laanwj";1;"8175";3;0;1;1;1;1;1;8;13;0.5;3;19;3
"laanwj";1;"8173";8;0;5;8;152;62;0;6;21;0;5;123;11
"sipa";1;"8172";7;0;1;2;2;2;1;9;16;0;5;188;8
"jonasschnelli";1;"8171";3;0;1;2;21;2;8;8;35;3;3;11;2
"jonasschnelli";1;"8169";4;0;1;1;1;1;1;6;25;0;2;89;21
"laanwj";1;"8168";4;4;1;4;112;1;1;5;56;0;4;34;6
"theuni";1;"8167";8;0;3;4;49;30;1;7;93;0;4;300;42
"paveljanik";1;"8166";2;0;1;4;8;8;2;6;6;1;2;17;8.5
"jonasschnelli";1;"8164";3;5;1;2;4;2;1;9;22;0.5;2;34;15
"paveljanik";1;"8163";4;5;1;8;19;19;85;8;109;25;3;11;2.5
"kazcw";1;"8154";2;5;1;1;3;0;3;7;36;2;2;4;2
"MarcoFalke";1;"8153";12;13;2;5;51;21;2;5;0;0;5;213;18
"pstratem";1;"8152";21;10;3;5;121;128;56;6;9;0;7;452;17
"MarcoFalke";1;"8151";7;0;1;1;2;1;1;6;2;0;6;54;5
"sipa";1;"8149";15;12;27;80;5305;571;18;3;103;1.5;10;534;12
"jmcorgan";1;"8148";18;0;3;4;109;21;23;6;55;0;6;501;22.5
"MarcoFalke";1;"8144";9;5;1;2;3;3;5;5;25;0;3;205;18
"instagibbs";1;"8143";4;2;1;1;2;2;1;5;0;0;4;7;2
"pstratem";1;"8142";7;0;1;3;43;30;3;7;8;0;4;117;12
"mrbandrews";1;"8141";13;0;4;5;1075;129;11;6;59;0;6;286;14
"sipa";1;"8139";2;0;1;1;5;0;1;9;0;1;2;23;11.5
"pstratem";1;"8137";3;0;1;3;36;27;4;7;8;0;3;21;4
"jonasschnelli";1;"8136";9;3;1;1;10;1;5;6;79;0;4;219;13
"theuni";1;"8133";16;11;7;9;80;25;9;5;64;0;4;822;24.5
"UdjinM6";1;"8129";3;0;1;1;9;3;2;5;88;0.5;3;13;3
"theuni";1;"8128";18;8;8;21;1246;1136;76;8;70;1;6;362;9.5
"sipa";1;"8126";19;13;6;5;144;84;9;6;46;0;5;367;16
"sipa";1;"8123";2;0;2;3;4;5;2;6;3;1;2;52;26
"fanquake";1;"8121";4;0;1;1;5;1;2;5;0;1;4;51;10.5
"jonasnick";1;"8118";5;0;1;1;5;2;8;5;134;1.5;4;61;2
"gmaxwell";1;"8115";5;0;1;2;28;14;2;8;243;0;4;88;2
"sipa";1;"8113";17;3;3;4;115;125;19;3;126;1;6;892;29
"sipa";1;"8111";3;0;1;1;25;0;2;2;0;0.5;3;52;13
"fanquake";1;"8110";3;8;1;2;31;0;4;4;14;2;3;24;5
"paveljanik";1;"8109";22;0;1;2;10;10;91;5;37;0;6;544;21.5
"paveljanik";1;"8108";4;0;1;1;0;1;0;8;0;0;4;8;2
"mrwhythat";1;"8107";5;0;1;2;58;1;3;5;6;0;5;37;4
"sdaftuar";1;"8104";4;0;1;1;13;9;3;7;44;1;4;23;2.5
"sipa";1;"8102";3;0;1;1;1;1;0;10;63;0;3;58;22
"MarcoFalke";1;"8098";4;0;1;1;2;0;3;6;13;0;3;121;33.5
"sdaftuar";1;"8095";8;0;1;1;3;1;1;8;74;0;5;67;2
"mitchellcash";1;"8092";2;0;1;1;2;2;1;5;0;0;2;5;2.5
"Christewart";1;"8090";12;3;1;2;11;1;8;5;24;0;5;182;11
"theuni";1;"8085";27;53;33;32;1381;903;110;3;255;1;8;677;17
"gmaxwell";1;"8084";14;9;2;4;61;17;25;8;36;0;7;39;2
"jonasschnelli";1;"8083";16;0;1;3;18;4;18;10;15;0;7;617;33
"gmaxwell";1;"8082";13;2;1;3;30;31;11;8;38;0.5;7;251;11
"gmaxwell";1;"8080";6;4;1;5;19;2;10;14;43;1;6;37;2
"petertodd";1;"8078";13;1;2;2;106;0;19;9;21;0;8;159;11
"jtimon";1;"8077";5;0;1;2;16;17;12;6;49;1.5;5;16;2
"sdaftuar";1;"8076";7;0;1;2;7;2;5;8;84;0.5;7;51;2
"rat4";1;"8073";5;0;1;2;18;4;7;7;16;0.5;3;108;21
"MarcoFalke";1;"8072";3;0;1;1;1;1;1;7;61;0;3;6;2
"EthanHeilman";1;"8070";1;1;2;1;10;1;1;7;29;NA;1;65;65
"TheBlueMatt";1;"8068";51;109;18;18;1162;54;35;2;86;1;10;3963;24.5
"theuni";1;"8067";8;1;1;1;26;37;23;8;101;1;4;109;9
"MarcoFalke";1;"8066";7;0;1;1;8;3;34;8;8;0.5;4;211;32
"gmaxwell";1;"8065";9;0;2;5;31;17;22;3;134;1;5;128;8
"pstratem";1;"8063";8;0;1;1;11;3;8;7;13;0;7;260;15.5
"pstratem";1;"8061";8;0;2;6;80;78;8;4;14;0;7;75;3
"gmaxwell";1;"8059";4;0;1;7;17;25;0;6;14;0;4;7;2
"AmirAbrams";1;"8058";18;1;1;1;23;0;93;4;163;1;8;549;17.5
"MarcoFalke";1;"8056";4;1;2;58;291;138;5;7;85;2;4;18;2.5
"domob1812";1;"8054";13;0;1;1;8;1;4;5;164;0.5;9;324;18
"laanwj";1;"8049";4;4;2;5;8;3;14;10;7;4;4;7;2
"laanwj";1;"8048";3;2;2;1;2;8;6;8;30;3;3;12;5
"MarcoFalke";1;"8047";4;0;1;1;4;2;8;7;23;0;3;158;14.5
"jonasschnelli";1;"8046";2;6;1;1;1;0;0;9;77;0;2;28;14
"jonasschnelli";1;"8042";7;0;1;2;13;0;12;13;34;0;4;272;32
"MarcoFalke";1;"8041";7;0;1;1;3;0;1;5;20;0;4;171;27
"laanwj";1;"8039";6;0;1;2;55;1;2;5;19;0;5;105;3
"MarcoFalke";1;"8038";2;1;4;4;9;8;7;5;13;0;2;2;1
"laanwj";1;"8036";4;0;1;2;1;5;0;7;46;0;4;18;2
"jonasschnelli";1;"8035";48;41;4;6;173;4;35;7;76;0;11;727;11.5
"fanquake";1;"8034";9;6;1;1;21;7;16;8;2;0.5;6;127;5
"wtogami";1;"8033";10;4;4;1;22;15;9;12;78;0;6;145;11.5
"s-matthew-english";1;"8031";5;2;1;1;1;2;9;3;23;0;5;25;2
"laanwj";1;"8030";2;0;1;1;2;2;0;6;63;0;2;16;8
"fanquake";1;"8029";8;5;1;1;50;86;24;6;36;2;4;225;19
"pstratem";1;"8028";5;0;1;4;10;18;1;6;0;0;5;10;2
"sipa";1;"8020";15;10;4;9;166;88;12;6;70;1;7;387;18
"instagibbs";1;"8019";5;0;2;3;5;7;4;8;15;0.5;5;25;2
"jonasschnelli";1;"8018";6;1;1;1;1;1;3;4;0;0;3;152;22.5
"paveljanik";1;"8016";15;0;2;2;1;2;4;6;62;0;5;344;20
"21E14";1;"8015";3;0;1;1;5;0;20;2;44;6.5;3;29;8
"Tyler-Hardin";1;"8014";14;0;1;2;2;2;17;5;37;0;6;394;19.5
"wtogami";1;"8013";2;0;1;1;2;2;0;9;6;0;2;27;13.5
"Tyler-Hardin";1;"8012";22;6;1;2;71;4;5;6;44;0;6;461;10.5
"kazcw";1;"8011";5;0;1;4;0;26;1;6;13;0;5;8;2
"JeremyRand";1;"8009";6;0;1;1;2;2;1;7;51;0;4;95;5.5
"kazcw";1;"8007";15;1;1;1;11;4;32;3;61;1;6;304;11
"Tyler-Hardin";1;"8006";16;1;1;7;65;2;7;9;128;0;3;334;9.5
"catilac";1;"8004";9;0;0;0;0;0;7;9;21;1;7;80;6
"fanquake";1;"8002";2;0;1;1;1;1;1;7;2;1;2;5;2.5
"MarcoFalke";1;"8001";3;0;2;6;2193;2057;27;4;3;11;3;39;11
"laanwj";1;"8000";10;0;2;2;19;26;1;3;28;0;5;179;11
"kazcw";1;"7997";16;5;1;6;96;41;30;5;179;0;5;297;7.5
"Christewart";1;"7994";3;3;1;1;10;1;13;6;5;3.5;3;43;15
"fanquake";1;"7993";11;2;6;7;41;34;36;7;27;1.5;4;268;23
"TheBlueMatt";1;"7992";3;2;3;2;122;1;30;6;0;7;3;11;3
"tuladhar";1;"7989";5;0;1;1;1;1;2;7;0;0;4;73;14
"theuni";1;"7982";4;0;1;2;2;19;4;8;4;0;3;75;14.5
"MarcoFalke";1;"7980";11;0;2;1;7;8;3;6;18;0;3;485;30
"domob1812";1;"7977";3;5;1;3;4;4;5;5;16;0;3;6;2
"21E14";1;"7976";3;2;1;4;8;9;9;7;21;3.5;3;9;2
"MarcoFalke";1;"7975";3;0;1;6;12;12;5;5;0;1;3;6;2
"gmaxwell";1;"7974";2;0;1;1;11;2;5;7;36;1;2;9;4.5
"MarcoFalke";1;"7972";17;0;2;5;121;21;11;7;5;0;7;747;20
"MarcoFalke";1;"7971";9;6;4;5;79;57;10;6;19;0;3;314;23
"wtogami";1;"7968";6;5;1;1;18;0;7;4;0;0;4;57;7.5
"jonasschnelli";1;"7967";4;4;2;5;34;6;36;6;34;11;4;41;3
"laanwj";1;"7966";3;16;4;1;12;17;7;9;43;0.5;2;35;7
"laanwj";1;"7964";8;0;2;4;5;5;4;5;47;0;8;15;2
"21E14";1;"7962";4;0;1;1;0;2;0;2;13;0;4;25;3
"sdaftuar";1;"7960";9;0;1;1;4;9;35;5;24;3.5;5;306;24
"kazcw";1;"7959";3;2;1;1;3;2;5;9;66;1;3;7;2
"paveljanik";1;"7958";7;0;1;1;6;9;12;5;6;0.5;6;170;20
"jonasschnelli";1;"7957";5;3;3;6;41;8;41;6;0;2.5;4;25;2
"theuni";1;"7954";3;0;1;1;15;6;0;8;161;0;3;123;3
"achow101";1;"7953";6;13;2;3;84;0;8;3;23;0;4;49;7
