"vanduynslagerp";1;"22234";0;0;10;1;2;2;0;7;72;NA;NA;NA;NA
"bardiharborow";1;"22233";0;0;1;7;9;38;0;3;48;NA;NA;NA;NA
"mdo";1;"22232";2;0;1;16;39;30;0;4;14;0;1;36;18
"bardiharborow";1;"22218";0;0;1;20;8956;305;0;2;11;NA;NA;NA;NA
"mdo";1;"22217";1;0;8;5;48;63;0;3;79;NA;1;5;5
"bardiharborow";1;"22213";0;0;1;1;2;2;0;2;22;NA;NA;NA;NA
"Theriault";1;"22176";0;0;1;1;1;1;5;5;28;NA;NA;NA;NA
"bardiharborow";1;"22168";0;0;1;4;21;11;0;2;70;NA;NA;NA;NA
"bardiharborow";1;"22167";0;0;1;8;418;366;0;2;16;NA;NA;NA;NA
"intellix";1;"22164";1;0;1;1;6;6;2;6;43;NA;1;166;166
"ffoodd";1;"22154";1;5;0;0;0;0;9;2;70;NA;1;42;42
"naicko";1;"22151";0;1;10;15;26;23;8;8;10;NA;NA;NA;NA
"jak";1;"22147";0;0;1;1;25;8;9;5;27;NA;NA;NA;NA
"Johann-S";1;"22138";4;0;3;2;34;3;11;4;12;0;2;70;10.5
"Starsam80";1;"22125";1;0;1;3;22;42;0;6;17;NA;1;1;1
"mdo";1;"22124";0;0;1;3;16;16;0;11;26;NA;NA;NA;NA
"mdo";1;"22123";0;0;4;8;53;53;0;3;67;NA;NA;NA;NA
"Devinsuit";1;"22116";1;0;0;0;0;0;0;2;0;NA;1;2;2
"mdo";1;"22113";2;0;8;18;191;444;2;6;384;0;2;10;5
"AlexNeises";1;"22102";0;0;1;1;1;1;1;3;0;NA;NA;NA;NA
"samrap";1;"22093";0;0;1;1;1;1;0;3;6;NA;NA;NA;NA
"gettinToasty";1;"22087";2;0;2;2;6;6;3;6;10;0;1;18;9
"bardiharborow";1;"22078";0;0;1;7;7;7;0;3;0;NA;NA;NA;NA
"lekkerduidelijk";1;"22068";1;0;1;1;1;1;6;6;22;NA;1;1;1
"bardiharborow";1;"22066";0;0;1;2;10;17;0;5;2;NA;NA;NA;NA
"bardiharborow";1;"22047";0;0;1;1;45;84;0;4;0;NA;NA;NA;NA
"bardiharborow";1;"22039";0;0;1;1;1;3;0;6;15;NA;NA;NA;NA
"zalog";1;"22027";0;0;1;1;1;1;14;3;29;NA;NA;NA;NA
"nextgenthemes";1;"22004";1;0;0;0;0;0;9;7;7;NA;1;20;20
"Jas-n";1;"21980";1;0;0;0;0;0;13;3;10;NA;1;1;1
"mdo";1;"21977";0;0;2;1;0;5;28;2;44;NA;NA;NA;NA
"vanduynslagerp";1;"21971";0;0;1;1;0;26;1;4;11;NA;NA;NA;NA
"matteason";1;"21953";1;0;1;1;1;1;0;11;0;NA;1;4;4
"mourawaldson";1;"21940";1;0;1;1;1;1;0;4;44;NA;1;4;4
"bardiharborow";1;"21918";0;0;1;6;4991;4823;0;2;15;NA;NA;NA;NA
"patrickhlauke";1;"21850";0;0;1;1;1;1;0;6;2;NA;NA;NA;NA
"mdo";1;"21835";0;0;1;1;0;1;0;7;13;NA;NA;NA;NA
"mdo";1;"21826";0;0;1;1;1;0;1;5;2;NA;NA;NA;NA
"mdo";1;"21825";2;0;1;2;2;9;0;6;27;0;2;45;22.5
"mdo";1;"21824";0;0;1;1;1;0;0;9;2;NA;NA;NA;NA
"tagliala";1;"21821";6;0;1;1;2;2;1;4;87;0;5;277;40
"bardiharborow";1;"21816";0;0;1;3;24;22;0;5;2;NA;NA;NA;NA
"Quy";1;"21815";0;0;1;1;2;1;0;3;0;NA;NA;NA;NA
"tagliala";1;"21813";0;0;1;2;4;4;1;5;7;NA;NA;NA;NA
"mdo";1;"21812";14;0;2;6;0;18;2;3;156;1;8;1034;46
"Quy";1;"21809";0;0;1;1;2;1;0;5;8;NA;NA;NA;NA
"marcusmolchany";1;"21806";1;0;1;1;1;1;1;4;12;NA;1;2;2
"mdo";1;"21805";0;0;2;1;2;4;0;3;40;NA;NA;NA;NA
"dmytroyarmak";1;"21796";0;0;1;1;1;0;1;10;2;NA;NA;NA;NA
"vanduynslagerp";1;"21788";0;4;3;3;12;11;58;3;2;NA;NA;NA;NA
"vanduynslagerp";1;"21774";1;0;1;1;1;1;0;8;0;NA;1;3;3
"Johann-S";1;"21756";5;0;2;3;60;3;60;6;9;1;3;120;27
"tagliala";1;"21747";1;0;1;1;1;1;0;6;36;NA;1;3;3
"ernbrn";1;"21746";0;0;1;1;1;1;0;9;22;NA;NA;NA;NA
"mdo";1;"21741";1;20;47;10;191;560;5;7;85;NA;1;7;7
"mdo";1;"21739";0;0;2;3;9;9;8;7;55;NA;NA;NA;NA
"marios-zindilis";1;"21736";1;0;1;1;1;1;0;3;3;NA;1;4;4
"patrickhlauke";1;"21730";0;0;1;3;9;3;0;5;25;NA;NA;NA;NA
"vanduynslagerp";1;"21722";7;0;6;1;7;0;7;7;77;0;4;389;51
"gijsbotje";1;"21716";0;2;2;1;1;4;8;3;32;NA;NA;NA;NA
"vanduynslagerp";1;"21709";0;0;1;1;4;4;2;6;29;NA;NA;NA;NA
"vanduynslagerp";1;"21697";0;0;3;1;3;1;2;7;25;NA;NA;NA;NA
"vanduynslagerp";1;"21696";0;4;4;2;2;2;2;3;30;NA;NA;NA;NA
"vanduynslagerp";1;"21674";0;0;1;1;13;0;4;6;13;NA;NA;NA;NA
"vanduynslagerp";1;"21673";0;2;4;1;2;1;4;7;15;NA;NA;NA;NA
"patrickhlauke";1;"21672";0;0;1;3;3;3;0;3;2;NA;NA;NA;NA
"vanduynslagerp";1;"21671";1;0;1;1;1;1;1;8;2;NA;1;3;3
"amygori";1;"21664";0;0;1;1;2;2;5;10;50;NA;NA;NA;NA
"vanduynslagerp";1;"21653";0;0;1;3;0;30;6;4;24;NA;NA;NA;NA
"coliff";1;"21648";0;0;1;1;0;1;6;5;21;NA;NA;NA;NA
"mdo";1;"21633";0;0;1;1;1;1;6;8;45;NA;NA;NA;NA
"kvlsrg";1;"21626";2;1;1;1;1;0;15;6;34;8;2;24;12
"coliff";1;"21617";1;0;1;1;1;1;7;5;9;NA;1;108;108
"Johann-S";1;"21615";13;0;2;1;7;4;70;7;12;0;3;1049;36
"desheikh";1;"21603";5;0;1;1;1;1;2;6;28;0.5;5;133;12
"rishabh-rajgarhia";1;"21597";0;0;1;1;7;7;3;4;17;NA;NA;NA;NA
"bardiharborow";1;"21591";0;0;1;2;5;8;1;5;60;NA;NA;NA;NA
"xtoolkit";1;"21580";0;0;0;0;0;0;4;2;0;NA;NA;NA;NA
"vanduynslagerp";1;"21579";3;2;4;2;0;23;10;4;13;0;2;13;5
"vanduynslagerp";1;"21578";2;0;6;1;17;15;72;7;71;0;2;15;7.5
"Quy";1;"21566";0;0;1;1;2;2;10;6;0;NA;NA;NA;NA
"Quy";1;"21565";0;0;1;1;4;4;10;6;0;NA;NA;NA;NA
"bardiharborow";1;"21558";1;0;1;1;3;3;0;5;2;NA;1;53;53
"bardiharborow";1;"21544";0;0;1;22;67;65;0;2;31;NA;NA;NA;NA
"bardiharborow";1;"21543";0;0;1;6;6;6;0;3;10;NA;NA;NA;NA
"Quy";1;"21542";0;0;3;7;10;10;1;2;0;NA;NA;NA;NA
"supergibbs";1;"21541";1;5;1;2;6;6;1;8;57;NA;1;7;7
"vanduynslagerp";1;"21536";0;0;1;1;1;1;0;7;2;NA;NA;NA;NA
"vanduynslagerp";1;"21534";0;0;1;1;1;1;0;4;15;NA;NA;NA;NA
"sergiopantoja";1;"21533";0;0;1;1;1;1;0;7;12;NA;NA;NA;NA
"mdo";1;"21526";0;0;1;1;22;10;0;7;56;NA;NA;NA;NA
"Quy";1;"21525";1;0;1;4;0;30;0;2;0;NA;1;3;3
"mdo";1;"21524";7;0;3;7;14;13;1;4;82;0;4;245;23
"Quy";1;"21521";1;0;1;2;2;2;0;3;0;NA;1;3;3
"vanillajonathan";1;"21519";0;0;1;1;1;0;0;4;0;NA;NA;NA;NA
"Quy";1;"21515";0;0;1;1;0;8;0;2;0;NA;NA;NA;NA
"vsn4ik";1;"21508";0;0;0;0;0;0;1;5;2;NA;NA;NA;NA
"Quy";1;"21501";0;0;1;1;3;3;0;3;0;NA;NA;NA;NA
"Quy";1;"21500";0;0;1;1;1;1;0;4;0;NA;NA;NA;NA
"Quy";1;"21494";0;0;1;1;4;4;0;3;0;NA;NA;NA;NA
"cquanu";1;"21491";2;0;0;0;0;0;0;6;0;0;2;33;16.5
"bardiharborow";1;"21489";3;0;2;6;118;554;3;9;26;1;2;110;33
"Quy";1;"21488";0;0;1;11;785;822;0;6;0;NA;NA;NA;NA
"mdo";1;"21487";1;0;1;3;1;15;0;4;40;NA;1;16;16
"nunoarruda";1;"21485";2;0;0;0;0;0;1;5;0;1;2;9;4.5
"aliceyoung9";1;"21484";2;0;2;1;5;5;0;7;16;0;2;28;14
"mdo";1;"21483";13;1;4;31;5;114;0;8;48;0;6;450;32
"mdo";1;"21481";0;0;1;1;7;4;0;8;8;NA;NA;NA;NA
"bardiharborow";1;"21480";2;0;2;10;113;147;0;10;39;0;2;81;40.5
"Johann-S";1;"21475";0;0;1;1;4;4;1;4;17;NA;NA;NA;NA
"Quy";1;"21474";0;0;2;1;1;0;1;2;0;NA;NA;NA;NA
"mdo";1;"21473";0;1;3;6;132;142;2;7;116;NA;NA;NA;NA
"Quy";1;"21471";0;0;1;1;0;1;0;3;0;NA;NA;NA;NA
"Quy";1;"21470";0;0;1;1;0;6;0;3;0;NA;NA;NA;NA
"Johann-S";1;"21467";2;0;1;2;62;0;0;9;19;0;2;44;22
"mdo";1;"21466";4;0;6;32;38;41;2;5;24;0;3;70;17.5
"vanduynslagerp";1;"21465";0;0;3;1;1;1;0;5;0;NA;NA;NA;NA
"mdo";1;"21464";1;0;1;1;1;0;0;4;28;NA;1;46;46
"mdo";1;"21462";0;2;18;13;211;192;0;4;121;NA;NA;NA;NA
"mdo";1;"21461";0;2;3;1;1;0;0;11;14;NA;NA;NA;NA
"mdo";1;"21459";0;0;24;9;274;253;0;7;194;NA;NA;NA;NA
"Quy";1;"21456";1;0;1;1;1;1;0;2;0;NA;1;4;4
"Johann-S";1;"21451";0;4;1;3;50;1;3;7;25;NA;NA;NA;NA
"mdo";1;"21450";0;0;2;2;3;1;0;2;45;NA;NA;NA;NA
"Quy";1;"21447";0;0;1;1;3;3;0;3;0;NA;NA;NA;NA
"mdo";1;"21446";0;0;1;1;16;0;0;10;2;NA;NA;NA;NA
"mdo";1;"21444";0;0;1;1;3;3;0;5;30;NA;NA;NA;NA
"Starsam80";1;"21443";3;0;2;1;11;1;0;7;72;0;2;91;42
"mdo";1;"21442";1;0;4;3;5;5;0;7;14;NA;1;55;55
"mdo";1;"21441";0;0;3;2;22;14;0;3;8;NA;NA;NA;NA
"maxbeatty";1;"21440";1;0;1;2;25;0;0;12;24;NA;1;4;4
"mdo";1;"21439";4;1;8;3;41;73;2;4;185;0;2;321;62
"Quy";1;"21438";0;0;1;1;4;4;0;6;0;NA;NA;NA;NA
"Starsam80";1;"21436";0;0;1;1;34;31;0;4;29;NA;NA;NA;NA
"mdo";1;"21433";0;0;8;4;15;13;0;4;77;NA;NA;NA;NA
"Starsam80";1;"21432";0;0;3;7;31;1421;0;8;100;NA;NA;NA;NA
"bardiharborow";1;"21430";0;0;1;2;5;0;0;5;35;NA;NA;NA;NA
"mdo";1;"21429";0;0;1;1;1;1;0;7;48;NA;NA;NA;NA
"mdo";1;"21426";3;1;8;2;109;55;0;6;81;0;2;127;37
"mdo";1;"21425";0;2;6;3;28;21;0;3;217;NA;NA;NA;NA
"Quy";1;"21424";1;0;1;1;2;2;1;3;0;NA;1;1;1
"Quy";1;"21422";1;0;1;1;3;4;0;3;0;NA;1;12;12
"bardiharborow";1;"21420";0;0;1;2;0;7;2;4;34;NA;NA;NA;NA
"bardiharborow";1;"21414";0;0;1;3;13;67;0;5;2;NA;NA;NA;NA
"Johann-S";1;"21413";2;0;1;1;0;1;0;7;9;0;2;37;18.5
"mdo";1;"21407";4;0;30;28;1084;526;1;6;370;0;1;137;25
"Quy";1;"21406";0;0;1;1;3;2;0;6;0;NA;NA;NA;NA
"mdo";1;"21405";1;0;3;3;66;146;0;4;128;NA;1;6;6
"bardiharborow";1;"21404";0;0;1;3;25;61;0;5;22;NA;NA;NA;NA
"mdo";1;"21403";1;2;27;6;301;165;0;3;355;NA;1;13;13
"mdo";1;"21402";1;0;1;2;16;3;0;5;21;NA;1;26;26
"mdo";1;"21400";0;1;5;2;12;14;0;4;184;NA;NA;NA;NA
"pcameron-";1;"21399";0;0;1;1;1;1;0;2;9;NA;NA;NA;NA
"jackmu95";1;"21397";1;0;0;0;0;0;1;7;2;NA;1;6;6
"mdo";1;"21394";3;1;7;2;63;38;6;3;60;0;2;76;32
"bardiharborow";1;"21393";4;1;1;12;2;64;0;4;11;0;3;32;7
"mdo";1;"21392";0;1;2;1;7;0;0;5;13;NA;NA;NA;NA
"mdo";1;"21390";6;3;52;23;799;596;1;3;235;0;3;264;27.5
"mdo";1;"21389";26;1;25;43;610;9974;1;11;401;0;15;1595;47
"mdo";1;"21379";0;0;2;19;23;19;1;6;45;NA;NA;NA;NA
"mdo";1;"21378";0;0;1;1;17;5;1;4;65;NA;NA;NA;NA
"vanduynslagerp";1;"21375";4;0;4;2;65;4;13;7;86;4;3;86;17.5
"bardiharborow";1;"21374";0;1;1;3;513;420;3;5;23;NA;NA;NA;NA
"mdo";1;"21371";0;0;1;2;7;5;0;6;8;NA;NA;NA;NA
"mdo";1;"21370";0;0;3;3;2;4;0;4;2;NA;NA;NA;NA
"szastupov";1;"21368";1;0;1;1;1;1;1;6;15;NA;1;27;27
"Johann-S";1;"21363";0;0;1;2;5;1;1;12;12;NA;NA;NA;NA
"bardiharborow";1;"21356";0;0;1;2;4;2;4;5;2;NA;NA;NA;NA
"supergibbs";1;"21346";0;0;1;1;1;1;5;2;4;NA;NA;NA;NA
"tomlutzenberger";1;"21345";2;2;2;8;25;8;6;4;6;0;2;115;57.5
"strayobject";1;"21338";1;1;2;1;1;1;6;7;8;NA;1;11;11
"geoffrey";1;"21331";0;0;1;1;1;1;7;11;8;NA;NA;NA;NA
"mdo";1;"21315";0;0;2;1;1;0;3;7;6;NA;NA;NA;NA
"coliff";1;"21306";2;0;1;1;2;2;2;9;2;0;2;30;15
"mdo";1;"21298";3;1;32;7;238;254;1;2;249;0.5;2;132;58
"mdo";1;"21295";0;0;1;1;1;4;0;4;16;NA;NA;NA;NA
"Starsam80";1;"21292";1;0;1;1;3;3;1;7;57;NA;1;25;25
"bardiharborow";1;"21288";0;0;2;2;9;11;1;3;60;NA;NA;NA;NA
"sophiegit";1;"21285";0;0;1;1;7;7;2;2;36;NA;NA;NA;NA
"bardiharborow";1;"21283";0;0;1;1;0;2;2;6;9;NA;NA;NA;NA
"bardiharborow";1;"21282";0;0;1;1;1;1;2;4;33;NA;NA;NA;NA
"gijsbotje";1;"21270";4;1;2;1;1;0;19;4;59;4;3;72;17
"cvrebert";1;"21262";0;0;1;1;0;14;1;7;10;NA;NA;NA;NA
"cvrebert";1;"21261";1;0;1;1;5;3;1;10;4;NA;1;2;2
"cvrebert";1;"21260";0;0;1;1;0;10;0;7;8;NA;NA;NA;NA
"ysds";1;"21253";3;0;2;2;8;8;0;7;0;0;2;66;20
"mdo";1;"21244";0;0;1;2;2;3;0;4;27;NA;NA;NA;NA
"mdo";1;"21242";2;0;2;2;3;1;0;3;34;3;2;49;24.5
"Starsam80";1;"21238";6;0;5;13;94;201;0;7;126;0;3;409;61.5
"mdo";1;"21236";0;4;6;1;2;1;0;3;18;NA;NA;NA;NA
"entozoon";1;"21234";0;0;1;1;1;0;0;3;0;NA;NA;NA;NA
"mdo";1;"21230";0;0;1;1;2;3;0;4;37;NA;NA;NA;NA
"bardiharborow";1;"21228";1;1;1;1;1;1;25;9;23;NA;1;23;23
"bardiharborow";1;"21227";1;0;1;1;6;0;1;8;30;NA;1;2;2
"Starsam80";1;"21226";1;0;3;15;81;117;0;7;146;NA;1;143;143
"mdo";1;"21224";0;0;2;2;5;8;0;3;28;NA;NA;NA;NA
"Starsam80";1;"21222";2;0;2;6;86;73;1;8;101;49;2;130;65
"mdo";1;"21221";0;0;1;2;16;1;1;7;22;NA;NA;NA;NA
"Starsam80";1;"21220";1;0;1;3;22;28;0;4;96;NA;1;85;85
"Starsam80";1;"21218";1;0;2;5;66;46;0;8;90;NA;1;3;3
"Starsam80";1;"21217";0;4;1;11;52;44;0;4;58;NA;NA;NA;NA
"mdo";1;"21216";0;0;1;1;1;15;0;3;20;NA;NA;NA;NA
"stephen-puiszis";1;"21215";1;0;1;1;2;0;0;7;21;NA;1;1;1
"kendaleiv";1;"21214";1;0;4;2;12;6;1;4;10;NA;1;7;7
"mdo";1;"21213";0;0;5;29;119;22;1;2;80;NA;NA;NA;NA
"mdo";1;"21212";0;1;21;4;125;65;1;9;138;NA;NA;NA;NA
"mdo";1;"21211";8;0;1;2;42;1;0;8;79;1;4;370;38.5
"mdo";1;"21208";0;0;4;2;140;147;0;2;101;NA;NA;NA;NA
"mdo";1;"21207";0;0;2;1;2;2;0;3;63;NA;NA;NA;NA
"mdo";1;"21206";0;0;2;1;5;5;0;5;23;NA;NA;NA;NA
"mdo";1;"21205";0;0;2;2;11;3;0;4;24;NA;NA;NA;NA
"ounziw";1;"21204";0;0;1;1;9;9;0;3;20;NA;NA;NA;NA
"mdo";1;"21203";0;0;2;2;11;5;0;8;29;NA;NA;NA;NA
"mdo";1;"21202";3;0;1;1;19;0;0;8;35;3;2;41;13
"mdo";1;"21201";0;0;2;2;114;4;0;4;84;NA;NA;NA;NA
"mdo";1;"21199";3;0;3;2;6;6;1;4;85;0.5;2;47;19
"mdo";1;"21187";0;0;1;1;1;1;2;3;24;NA;NA;NA;NA
"schliflo";1;"21171";1;0;1;2;2;2;7;5;31;NA;1;34;34
"bardiharborow";1;"21141";1;0;1;1;2;1;1;5;0;NA;1;1;1
"bardiharborow";1;"21140";1;0;1;2;103;106;10;3;6;NA;1;1;1
"bardiharborow";1;"21133";2;0;1;1;133;94;10;4;5;101;2;18;9
"Daniel15";1;"21124";1;0;1;1;1;1;0;3;8;NA;1;3;3
"bardiharborow";1;"21122";0;0;1;1;1;1;4;6;10;NA;NA;NA;NA
"bardiharborow";1;"21121";1;0;1;10;760;790;5;3;40;NA;1;1;1
"Elliot-Evans-95";1;"21118";0;0;0;0;0;0;13;4;22;NA;NA;NA;NA
"rwaltenberg";1;"21111";0;0;1;1;1;0;19;12;3;NA;NA;NA;NA
"bardiharborow";1;"21108";3;9;1;2;11;20;26;4;142;1.5;3;62;22
"cvrebert";1;"21107";1;0;2;2;12;11;1;10;5;NA;1;6;6
"bardiharborow";1;"21099";1;0;1;10;12;12;0;5;32;NA;1;1;1
"patrickhlauke";1;"21095";0;0;1;1;4;1;0;6;18;NA;NA;NA;NA
"Johann-S";1;"21093";2;8;1;2;14;3;60;12;11;0;2;17;8.5
"patrickhlauke";1;"21089";0;0;2;2;30;0;0;11;6;NA;NA;NA;NA
"ETNOL";1;"21086";3;0;2;13;187;155;13;4;43;6.5;3;13;4
"3dd13";1;"21076";0;0;1;1;3;3;23;9;2;NA;NA;NA;NA
"EPDTRAINER";1;"21068";0;0;1;1;1;1;22;7;6;NA;NA;NA;NA
"cyrilkyburz";1;"21064";0;0;0;0;0;0;27;3;22;NA;NA;NA;NA
"vanillajonathan";1;"21062";0;0;1;1;1;1;7;3;0;NA;NA;NA;NA
"roooodcastro";1;"21058";1;0;1;1;1;1;1;9;8;NA;1;1;1
"RobRuana";1;"21056";6;12;1;2;45;1;28;10;90;0;2;177;23
"stefan-staynov";1;"21052";0;0;0;0;0;0;28;4;9;NA;NA;NA;NA
"roura356a";1;"21050";0;0;1;1;2;2;0;6;13;NA;NA;NA;NA
"bardiharborow";1;"21049";0;1;1;6;14;18;1;7;2;NA;NA;NA;NA
"abvalentine";1;"21046";1;0;3;1;8;0;0;9;11;NA;1;1;1
"mdo";1;"21041";0;0;3;2;47;3;1;4;15;NA;NA;NA;NA
"Starsam80";1;"21036";9;24;2;23;127;127;54;4;10;0.5;5;247;20
"judetucker";1;"21035";1;0;1;2;11;11;1;12;21;NA;1;1;1
"mdo";1;"21034";0;0;1;1;1;1;1;8;31;NA;NA;NA;NA
"mdo";1;"21033";0;0;1;1;1;0;1;7;55;NA;NA;NA;NA
"mdo";1;"21032";0;0;2;1;14;1;1;9;35;NA;NA;NA;NA
"judetucker";1;"21028";1;0;1;1;1;1;0;10;22;NA;1;2;2
"mdo";1;"21027";0;0;2;3;24;4;0;2;23;NA;NA;NA;NA
"eigan";1;"21024";1;0;1;1;6;6;0;10;29;NA;1;1;1
"mdo";1;"21020";6;0;1;9;97;97;0;9;61;0;4;87;9.5
"Starsam80";1;"21019";3;0;1;2;6;6;1;7;31;0;3;48;15
"bardiharborow";1;"21005";7;50;2;25;497;459;31;3;102;1.5;4;249;37
"tomhorvat";1;"21004";0;0;1;2;3;0;3;4;28;NA;NA;NA;NA
"mdo";1;"20998";0;0;1;2;15;15;1;8;2;NA;NA;NA;NA
"bkdotcom";1;"20995";0;0;2;3;36;32;35;9;8;NA;NA;NA;NA
"ramaboo";1;"20994";1;0;1;1;2;2;0;6;0;NA;1;15;15
"Johann-S";1;"20982";5;12;1;19;113;113;2;13;41;0.5;2;130;31
"pixelbandito";1;"20973";3;0;1;1;9;3;3;8;22;0;3;134;35
"bardiharborow";1;"20966";2;0;1;1;1;1;5;6;17;3;2;55;27.5
"vanduynslagerp";1;"20964";0;0;3;1;2;4;5;9;19;NA;NA;NA;NA
"alanmoo";1;"20963";3;0;2;2;35;0;7;10;69;3;2;52;19
"patrickhlauke";1;"20962";3;0;2;1;25;9;5;7;28;2.5;2;68;16
"kukac7";1;"20957";0;0;1;1;0;2;5;3;0;NA;NA;NA;NA
"sbaechler";1;"20951";0;2;1;8;17;14;7;10;24;NA;NA;NA;NA
"bardiharborow";1;"20947";0;0;1;10;44;43;6;6;0;NA;NA;NA;NA
"coliff";1;"20945";0;0;1;1;1;1;7;9;7;NA;NA;NA;NA
"Johann-S";1;"20940";2;18;1;3;28;0;13;11;26;0;2;34;17
"JPeer264";1;"20938";3;0;1;1;71;45;8;6;19;4;3;76;17
"mdo";1;"20934";19;0;8;12;73;50;13;3;156;0;15;758;35
"mdo";1;"20933";0;0;1;2;5;4;0;8;22;NA;NA;NA;NA
"mdo";1;"20932";0;0;2;4;45;0;0;3;40;NA;NA;NA;NA
"mdo";1;"20926";5;0;8;5;77;36;14;4;23;3.5;3;199;22
"mdo";1;"20919";0;0;1;1;4;3;0;9;10;NA;NA;NA;NA
"mdo";1;"20918";1;0;1;2;3;1;0;10;2;NA;1;36;36
"bardiharborow";1;"20915";2;0;1;1;4;3;1;7;33;0;1;18;9
"matheusazzi";1;"20907";1;18;1;2;33;2;68;9;51;NA;1;7;7
"Starsam80";1;"20903";4;0;1;1;12;0;11;15;7;1;3;179;29.5
"roooodcastro";1;"20898";0;0;1;1;1;1;2;11;26;NA;NA;NA;NA
"bardiharborow";1;"20890";0;0;1;1;2;2;2;4;2;NA;NA;NA;NA
"vsn4ik";1;"20882";1;0;0;0;0;0;1;5;0;NA;1;2;2
"mdo";1;"20878";0;0;3;2;18;27;0;3;34;NA;NA;NA;NA
"bardiharborow";1;"20876";0;0;1;1;0;806;0;6;5;NA;NA;NA;NA
"mdo";1;"20875";0;0;1;1;2;0;0;5;26;NA;NA;NA;NA
"mdo";1;"20874";3;0;1;1;2;1;0;7;42;0;2;89;21
"mdo";1;"20873";0;0;1;1;2;0;0;13;12;NA;NA;NA;NA
"mdo";1;"20872";0;0;5;3;9;13;0;3;44;NA;NA;NA;NA
"mdo";1;"20871";0;0;1;1;1;0;0;4;2;NA;NA;NA;NA
"mdo";1;"20870";0;0;1;1;12;6;0;8;2;NA;NA;NA;NA
"mdo";1;"20869";0;0;3;2;5;6;0;5;20;NA;NA;NA;NA
"mdo";1;"20868";0;0;1;1;1;0;0;8;10;NA;NA;NA;NA
"mdo";1;"20867";2;0;1;2;1;3;0;9;34;0;2;60;30
"mdo";1;"20865";0;0;5;3;14;13;0;3;110;NA;NA;NA;NA
"mdo";1;"20864";0;0;1;1;1;1;0;11;2;NA;NA;NA;NA
"vsn4ik";1;"20858";0;0;0;0;0;0;2;4;0;NA;NA;NA;NA
"rafaelstz";1;"20853";0;0;3;1;1;1;1;8;0;NA;NA;NA;NA
"getsetbro";1;"20850";2;0;2;1;1;0;1;2;13;0;1;16;8
"mdo";1;"20829";0;0;4;1;5;2;0;3;20;NA;NA;NA;NA
"mdo";1;"20828";1;0;1;1;1;0;0;6;14;NA;1;19;19
"mdo";1;"20827";0;0;1;1;1;0;0;7;31;NA;NA;NA;NA
"mdo";1;"20826";0;0;1;1;1;0;0;2;8;NA;NA;NA;NA
"mdo";1;"20825";4;0;10;53;93;8;1;4;81;0;3;167;38.5
"patrickhlauke";1;"20821";1;1;1;1;10;4;1;6;12;NA;1;21;21
"bardiharborow";1;"20816";7;0;1;3;15;9;9;6;2;0;3;204;28
"cvrebert";1;"20803";2;0;1;1;3;1;6;8;8;0;2;2;1
"coorasse";1;"20795";2;0;4;2;41;1;89;8;14;56;1;20;10
"mxviteri";1;"20768";0;0;1;1;12;3;11;2;24;NA;NA;NA;NA
"patrickhlauke";1;"20765";1;0;1;1;10;0;0;4;0;NA;1;39;39
"patrickhlauke";1;"20764";0;0;1;1;10;0;0;8;4;NA;NA;NA;NA
"beausmith";1;"20734";2;0;1;1;5;5;42;5;38;1;2;33;16.5
"VarelloThemes";1;"20715";2;0;1;2;2;2;2;3;7;1;2;65;32.5
"nickknissen";1;"20705";1;0;1;1;10;8;1;7;0;NA;1;1;1
"mdo";1;"20701";0;1;2;2;6;5;21;3;15;NA;NA;NA;NA
"mdo";1;"20700";0;0;1;1;15;7;21;7;20;NA;NA;NA;NA
"mdo";1;"20699";0;0;1;1;1;1;21;8;2;NA;NA;NA;NA
"pixelbandito";1;"20698";3;0;1;1;0;1;0;5;0;0;2;19;3
"mdo";1;"20697";0;0;1;1;22;0;0;6;13;NA;NA;NA;NA
"mdo";1;"20696";0;0;2;2;5;1;0;5;18;NA;NA;NA;NA
"mdo";1;"20695";0;0;1;2;9;3;21;8;16;NA;NA;NA;NA
"akamch";1;"20694";1;0;1;1;2;2;2;9;0;NA;1;16;16
"mdo";1;"20684";2;2;10;54;608;491;30;4;311;70;2;23;11.5
"mdo";1;"20682";0;1;1;1;1;1;3;8;73;NA;NA;NA;NA
"Kovah";1;"20678";4;0;1;14;436;367;1;11;62;0;2;107;30
"Kovah";1;"20677";4;0;1;1;33;33;103;4;79;0;2;61;15
"adammacias";1;"20673";0;0;0;0;0;0;0;5;7;NA;NA;NA;NA
"mdo";1;"20672";0;0;1;1;1;1;0;4;31;NA;NA;NA;NA
"mdo";1;"20671";0;0;2;1;4;9;1;6;5;NA;NA;NA;NA
"mdo";1;"20667";0;0;3;3;5;5;1;4;38;NA;NA;NA;NA
"mdo";1;"20666";0;0;1;1;0;8;1;9;2;NA;NA;NA;NA
"mdo";1;"20665";1;0;1;1;1;0;1;4;18;NA;1;20;20
"J2TeaM";1;"20658";2;0;1;1;1;1;1;6;6;0;2;4;2
"J2TeaM";1;"20651";2;2;3;3;5;14;83;5;17;0;2;18;9
"TiGR";1;"20646";6;0;3;1;6;6;2;5;21;0;4;193;23.5
"J2TeaM";1;"20642";0;0;1;1;1;4;83;8;12;NA;NA;NA;NA
"mdo";1;"20629";0;0;1;2;26;33;0;6;26;NA;NA;NA;NA
"mdo";1;"20627";0;0;1;6;3;9;0;7;8;NA;NA;NA;NA
"mdo";1;"20626";0;1;1;1;1;1;0;9;2;NA;NA;NA;NA
"mdo";1;"20625";0;0;1;2;4;4;0;6;2;NA;NA;NA;NA
"cvrebert";1;"20618";11;0;1;1;30;0;9;10;44;0;3;118;8
"iamravenous";1;"20597";0;0;1;2;3;3;6;6;21;NA;NA;NA;NA
"bardiharborow";1;"20562";3;0;1;1;1;0;6;4;4;0;2;44;17
"bardiharborow";1;"20557";1;12;1;61;122;122;42;3;13;NA;1;11;11
"bardiharborow";1;"20555";8;0;1;19;4946;3730;49;9;70;0;3;152;17.5
"mdo";1;"20553";0;0;1;1;1;1;0;5;2;NA;NA;NA;NA
"mdo";1;"20552";0;0;1;1;0;3;0;6;17;NA;NA;NA;NA
"mdo";1;"20551";0;0;1;1;3;3;0;2;14;NA;NA;NA;NA
"mdo";1;"20545";0;0;2;2;5;13;1;4;23;NA;NA;NA;NA
"enzanki-ars";1;"20537";1;0;0;0;0;0;1;6;8;NA;1;4;4
"vanillajonathan";1;"20519";0;0;1;1;1;0;7;6;0;NA;NA;NA;NA
"vanillajonathan";1;"20505";0;0;1;1;2;1;25;5;5;NA;NA;NA;NA
"Starsam80";1;"20489";0;0;1;1;2;2;28;7;2;NA;NA;NA;NA
"bardiharborow";1;"20476";0;0;1;1;0;1;2;6;0;NA;NA;NA;NA
"califrench";1;"20475";1;0;1;1;12;1;16;7;101;NA;1;3;3
"maxbeatty";1;"20467";5;3;1;2;21;5;82;7;7;0;4;136;24
"maxbeatty";1;"20462";0;5;1;2;23;1;114;8;11;NA;NA;NA;NA
"bassjobsen";1;"20447";1;0;1;1;0;1;33;8;2;NA;1;6;6
"bardiharborow";1;"20446";1;0;1;1;3;0;64;6;6;NA;1;6;6
"cvrebert";1;"20445";1;0;1;1;10;0;0;8;29;NA;1;1;1
"cortopy";1;"20441";3;2;3;3;7;1;87;2;28;43.5;3;126;39
"NicoLB";1;"20436";2;1;2;2;4;5;41;2;19;0;2;51;25.5
"vanduynslagerp";1;"20434";2;0;2;1;1;15;2;7;2;0;2;50;25
"bardiharborow";1;"20428";5;25;1;3;54;54;63;4;19;0.5;3;149;31
"mdo";1;"20418";1;0;1;1;1;1;3;5;43;NA;1;19;19
"mdo";1;"20417";0;0;1;1;10;1;3;9;4;NA;NA;NA;NA
"allanchau";1;"20413";1;0;0;0;0;0;3;4;10;NA;1;11;11
"nfatah";1;"20409";3;0;1;1;1;1;0;2;15;0.5;3;87;28
"hebbet";1;"20407";2;0;1;2;2;2;0;3;6;0;2;43;21.5
"dangreen";1;"20394";2;0;1;1;1;1;25;2;10;13;2;4;2
"mdo";1;"20387";0;0;1;1;3;3;0;7;19;NA;NA;NA;NA
"supergibbs";1;"20386";1;0;1;1;1;1;0;5;10;NA;1;1;1
"mdo";1;"20372";0;0;1;7;43;47;0;8;93;NA;NA;NA;NA
"patrickhlauke";1;"20370";1;0;1;1;10;0;0;4;2;NA;1;1;1
"mdo";1;"20361";0;0;1;1;13;0;0;9;29;NA;NA;NA;NA
"cvrebert";1;"20357";1;0;1;30;97;97;0;8;0;NA;1;39;39
"cvrebert";1;"20356";3;0;2;3;1;3;0;10;39;0;3;44;4
"mdo";1;"20349";3;1;3;3;49;28;0;4;165;0;2;646;25
"cvrebert";1;"20343";1;0;1;1;1;1;0;7;16;NA;1;39;39
"pat270";1;"20341";0;0;1;1;5;5;7;8;10;NA;NA;NA;NA
"cvrebert";1;"20338";12;0;1;2;3;3;0;9;7;0;5;664;43.5
"ow-any";1;"20333";0;0;1;1;10;10;8;8;65;NA;NA;NA;NA
"rluba";1;"20330";1;0;1;1;1;1;0;6;12;NA;1;3;3
"patrickhlauke";1;"20329";11;0;2;9;16;31;55;3;23;0;5;186;15
"aliceyoung9";1;"20328";1;0;1;1;1;1;1;6;15;NA;1;1;1
"cvrebert";1;"20315";1;0;1;1;20;0;0;6;36;NA;1;1;1
"cvrebert";1;"20314";2;0;1;1;1;1;0;11;2;0;2;46;23
"cvrebert";1;"20313";8;0;1;1;4;1;4;13;8;0;4;209;30
"cvrebert";1;"20312";0;0;1;1;1031;1383;0;3;0;NA;NA;NA;NA
"cvrebert";1;"20311";0;0;1;1;1;1;0;4;20;NA;NA;NA;NA
"mr-july";1;"20304";8;1;2;1;1;1;162;8;133;7;5;241;27
"cvrebert";1;"20301";8;1;1;3;21;1;0;5;5;0;4;190;13
"cvrebert";1;"20299";0;0;1;1;1;0;0;8;2;NA;NA;NA;NA
"tomlutzenberger";1;"20295";3;0;1;1;1;1;0;4;15;0;2;62;23
"tomlutzenberger";1;"20294";4;0;1;5;9;9;0;4;21;0;3;51;14
"XhmikosR";1;"20287";2;0;1;4;1;1;0;4;21;0;2;40;20
"anantoghosh";1;"20282";0;0;1;1;1;1;16;8;19;NA;NA;NA;NA
"cvrebert";1;"20278";6;0;1;1;2;2;0;9;79;0;4;113;12.5
"cvrebert";1;"20275";0;0;1;1;3;3;0;7;6;NA;NA;NA;NA
"XhmikosR";1;"20267";2;0;3;14;242;815;0;4;9;0;2;60;30
"cvrebert";1;"20259";0;0;2;1;4;4;0;7;2;NA;NA;NA;NA
"cvrebert";1;"20258";7;0;2;7;7;6;4;8;24;0.5;2;142;19
"tagliala";1;"20250";3;0;1;3;5;5;2;3;41;1;2;80;2
"anantoghosh";1;"20246";1;0;1;1;1;1;0;5;6;NA;1;3;3
"morishitter";1;"20225";0;0;1;1;2;0;116;11;0;NA;NA;NA;NA
"XhmikosR";1;"20222";1;2;1;3;205;625;3;2;26;NA;1;11;11
"cvrebert";1;"20202";1;0;1;1;1;1;0;9;4;NA;1;1;1
"XhmikosR";1;"20201";1;0;3;12;43;43;0;2;13;NA;1;1;1
"XhmikosR";1;"20199";1;0;2;14;108;611;0;2;10;NA;1;18;18
"dmethvin";1;"20198";1;2;1;1;2;2;0;11;19;NA;1;4;4
"XhmikosR";1;"20196";1;0;1;2;108;790;0;11;20;NA;1;1;1
"cvrebert";1;"20191";15;0;5;21;30;30;1;6;16;0;2;333;18
"cvrebert";1;"20183";0;0;1;1;10;0;0;8;4;NA;NA;NA;NA
"cvrebert";1;"20180";0;1;1;1;26;28;0;9;2;NA;NA;NA;NA
"cvrebert";1;"20179";10;4;1;4;39;6;0;10;94;0;4;196;10.5
"cvrebert";1;"20178";4;0;1;2;5;5;0;7;146;0;2;74;23.5
"cvrebert";1;"20176";0;0;1;2;2;1;0;8;0;NA;NA;NA;NA
"cvrebert";1;"20175";9;0;2;3;108;60;13;8;53;0;3;129;14
"cvrebert";1;"20145";2;0;1;1;1;1;4;9;15;0;2;66;33
"cvrebert";1;"20144";0;0;1;1;1;7;0;11;2;NA;NA;NA;NA
"cvrebert";1;"20143";4;0;1;1;20;0;2;13;112;0;3;67;13.5
"cvrebert";1;"20142";0;0;1;1;5;1;0;5;2;NA;NA;NA;NA
"cvrebert";1;"20141";0;0;1;1;1;1;0;6;6;NA;NA;NA;NA
"cvrebert";1;"20140";1;3;4;7;1117;211;0;4;5;NA;1;2;2
"jeradrutnam";1;"20130";2;0;1;1;2;4;42;5;3;0;2;30;15
"heath3";1;"20101";1;0;1;1;9;11;141;6;13;NA;1;1;1
"cvrebert";1;"20090";0;0;1;1;0;10;0;4;14;NA;NA;NA;NA
"cvrebert";1;"20089";1;0;1;1;20;0;1;8;8;NA;1;2;2
"cvrebert";1;"20076";3;0;1;2;10;1;0;6;2;0;2;34;15
"cvrebert";1;"20074";0;0;1;1;0;3;0;5;25;NA;NA;NA;NA
"cvrebert";1;"20073";0;0;1;2;19;4;0;4;0;NA;NA;NA;NA
"cvrebert";1;"20072";8;0;1;26;1;7702;5;10;579;1;7;850;119
"cvrebert";1;"20070";0;0;1;3;29;69;0;7;2;NA;NA;NA;NA
"cvrebert";1;"20069";0;0;1;3;9;43;0;8;2;NA;NA;NA;NA
"cvrebert";1;"20068";0;0;2;3;6;4;1;6;2;NA;NA;NA;NA
"cvrebert";1;"20063";0;0;1;2;4;4;0;4;2;NA;NA;NA;NA
"cvrebert";1;"20047";0;0;2;3;16;14;0;4;2;NA;NA;NA;NA
"cvrebert";1;"20045";0;0;1;2;4;4;0;4;2;NA;NA;NA;NA
"cvrebert";1;"20044";0;0;1;2;4;4;0;4;2;NA;NA;NA;NA
"cvrebert";1;"20043";0;0;4;4;38;30;0;4;2;NA;NA;NA;NA
"cvrebert";1;"20042";0;0;2;2;4;4;0;4;2;NA;NA;NA;NA
"cvrebert";1;"20041";0;0;7;3;169;173;0;4;2;NA;NA;NA;NA
"cvrebert";1;"20037";0;0;1;1;10;0;0;10;4;NA;NA;NA;NA
"cvrebert";1;"20036";0;0;1;1;10;0;0;10;4;NA;NA;NA;NA
"wizpig64";1;"20033";5;5;2;1;2;0;215;15;62;21;3;316;46
"cvrebert";1;"20026";0;0;1;1;10;0;0;8;4;NA;NA;NA;NA
"cvrebert";1;"20025";0;0;1;1;10;0;0;8;4;NA;NA;NA;NA
"cvrebert";1;"20024";0;0;1;1;10;0;0;8;4;NA;NA;NA;NA
"cvrebert";1;"20021";0;0;1;1;10;0;0;8;4;NA;NA;NA;NA
"cvrebert";1;"20020";0;0;1;1;10;0;0;8;4;NA;NA;NA;NA
"dmethvin";1;"20019";8;0;1;1;1;1;40;11;0;0;4;284;38.5
"dereckson";1;"20017";1;0;1;1;1;1;0;3;5;NA;1;10;10
"cvrebert";1;"20000";0;0;1;2;39;10;0;4;2;NA;NA;NA;NA
"cvrebert";1;"19998";3;0;6;5;231;177;0;4;2;0;2;87;8
"cvrebert";1;"19995";0;0;2;4;9;9;0;4;2;NA;NA;NA;NA
"cvrebert";1;"19994";0;0;2;3;64;55;0;4;7;NA;NA;NA;NA
"cvrebert";1;"19993";0;0;2;3;59;65;0;4;14;NA;NA;NA;NA
"cvrebert";1;"19992";4;0;1;4;25;16;0;6;8;0;4;39;8
"cvrebert";1;"19990";0;0;2;3;318;310;0;9;44;NA;NA;NA;NA
"cvrebert";1;"19986";1;0;1;1;7;7;0;9;64;NA;1;1;1
"cvrebert";1;"19985";0;0;1;1;2;2;0;4;0;NA;NA;NA;NA
"cvrebert";1;"19984";3;0;1;1;30;0;5;10;24;1.5;2;36;9
"XhmikosR";1;"19982";3;0;2;8;1391;962;0;2;2;0;2;43;12
"cvrebert";1;"19980";1;0;1;1;1;1;0;7;23;NA;1;172;172
"zalog";1;"19977";1;0;1;1;1;0;16;9;0;NA;1;2;2
"cvrebert";1;"19958";1;0;1;1;0;10;3;4;16;NA;1;10;10
"eiselzby";1;"19955";1;0;0;0;0;0;10;7;3;NA;1;9;9
"vanduynslagerp";1;"19953";2;0;1;1;1;5;188;19;109;36;2;3;1.5
"cvrebert";1;"19948";1;0;1;1;0;10;6;4;27;NA;1;10;10
"cvrebert";1;"19947";0;0;1;1;1;1;0;6;12;NA;NA;NA;NA
"cvrebert";1;"19946";0;0;1;1;0;10;0;4;13;NA;NA;NA;NA
"cvrebert";1;"19936";6;0;1;14;15;4;1;7;109;0;4;886;116
"akai";1;"19932";1;0;1;1;1;1;0;7;0;NA;1;3;3
"zalog";1;"19926";3;0;1;1;2;1;146;5;10;73;2;41;9
"dumb";1;"19920";0;0;1;1;9;1;146;9;22;NA;NA;NA;NA
"dumb";1;"19919";1;0;1;1;1;1;0;4;0;NA;1;3;3
"zalog";1;"19915";3;0;1;1;1;0;165;7;8;82;3;66;27
"XhmikosR";1;"19894";3;0;2;17;24;24;13;4;2;19.5;3;35;7
"XhmikosR";1;"19893";0;0;2;19;27;27;13;4;2;NA;NA;NA;NA
"heikojansen";1;"19892";2;0;0;0;0;0;9;5;21;2;2;17;8.5
"mdo";1;"19890";11;0;41;3;229;33;160;3;166;0;4;465;39
"mdo";1;"19889";0;0;2;2;6;1;0;4;28;NA;NA;NA;NA
"ryanburnett";1;"19887";1;0;1;1;12;6;169;8;75;NA;1;3;3
"mdo";1;"19885";0;0;6;3;35;15;0;3;151;NA;NA;NA;NA
"patrickhlauke";1;"19879";4;1;1;2;19;0;1;7;2;0;2;44;8.5
"patrickhlauke";1;"19874";2;0;1;1;3;2;2;8;111;2;2;9;4.5
"mdo";1;"19863";1;0;2;1;98;7;0;4;15;NA;1;13;13
"mdo";1;"19862";1;0;11;12;343;313;0;4;46;NA;1;20;20
"mdo";1;"19861";2;0;1;1;1;2;0;6;23;3;2;33;16.5
"okmr-d";1;"19855";3;0;1;1;5;0;1;4;6;0;2;6;2
"bassjobsen";1;"19851";0;0;1;1;10;10;2;8;0;NA;NA;NA;NA
"eddyerburgh";1;"19847";4;0;1;1;4;0;130;3;7;33;4;68;18
"alcalyn";1;"19817";10;0;0;0;0;0;53;4;31;0;4;300;27.5
"bassjobsen";1;"19793";0;0;2;1;43;0;14;2;8;NA;NA;NA;NA
"lamby";1;"19789";6;0;1;1;1;1;16;10;4;0;6;132;14.5
"cvrebert";1;"19775";1;0;1;1;1;7;0;5;8;NA;1;1;1
"cvrebert";1;"19765";0;0;1;1;20;0;2;11;29;NA;NA;NA;NA
"zalog";1;"19762";2;0;1;1;4;1;195;9;10;107;2;48;24
"HMUDesign";1;"19757";5;1;0;0;0;0;195;6;60;24;4;40;7
"Rplus";1;"19756";1;0;1;1;1;1;0;6;19;NA;1;3;3
"cvrebert";1;"19751";0;1;2;4;47;3;222;9;6;NA;NA;NA;NA
"ntkme";1;"19739";3;0;0;0;0;0;260;6;129;72;2;193;57
"cvrebert";1;"19737";0;0;1;1;0;10;0;7;4;NA;NA;NA;NA
"MatthewRayfield";1;"19735";2;1;1;2;9;1;24;5;3;0;2;5;2.5
"cvrebert";1;"19727";0;0;1;1;10;0;0;7;34;NA;NA;NA;NA
"patrickhlauke";1;"19714";10;0;1;2;20;0;10;8;12;0;2;243;12
"cvrebert";1;"19713";0;0;2;2;2;3;0;10;0;NA;NA;NA;NA
"cvrebert";1;"19712";0;0;1;1;0;10;0;4;3;NA;NA;NA;NA
"cvrebert";1;"19710";1;0;1;1;2;2;0;10;4;NA;1;6;6
"cvrebert";1;"19706";16;0;4;1;22;0;28;4;6;0;5;1195;29.5
"patrickhlauke";1;"19705";2;0;1;1;11;5;0;8;4;0;2;4;2
"patrickhlauke";1;"19704";2;0;1;1;22;17;0;8;4;0;2;4;2
"lionelerard";1;"19677";2;0;1;1;1;1;0;8;3;0;1;14;7
"cvrebert";1;"19674";0;0;1;3;5;3;0;8;2;NA;NA;NA;NA
"vsn4ik";1;"19667";0;0;0;0;0;0;37;6;0;NA;NA;NA;NA
"KayLeung";1;"19664";1;0;2;2;2;2;0;10;9;NA;1;1;1
"cvrebert";1;"19628";0;0;1;1;10;0;0;8;4;NA;NA;NA;NA
"Nicolapps";1;"19606";2;0;0;0;0;0;115;7;20;115;2;6;3
"cvrebert";1;"19605";0;0;2;3;741;1176;0;7;8;NA;NA;NA;NA
"cvrebert";1;"19604";2;0;2;3;104;1535;0;7;77;0;2;34;17
"cvrebert";1;"19603";0;0;1;1;1152;166;0;2;0;NA;NA;NA;NA
"XhmikosR";1;"19572";2;0;1;3;46;47;14;2;20;1;2;7;3.5
"XhmikosR";1;"19570";0;0;1;18;26;26;5;4;2;NA;NA;NA;NA
"cvrebert";1;"19553";0;0;1;1;9;8;0;5;5;NA;NA;NA;NA
"cvrebert";1;"19552";1;0;1;1;16;9;0;9;2;NA;1;9;9
"cvrebert";1;"19551";0;0;1;1;10;0;0;8;4;NA;NA;NA;NA
"XhmikosR";1;"19549";0;0;1;3;84;90;1;6;2;NA;NA;NA;NA
"tracker1";1;"19541";4;2;2;1;1;1;283;2;81;1;4;214;51
"cvrebert";1;"19537";0;0;1;1;4;0;0;5;3;NA;NA;NA;NA
"florisverburg";1;"19476";3;2;2;1;12;0;58;6;4;1.5;2;30;8
"neilhem";1;"19473";5;0;1;1;2;6;11;5;0;0;5;29;3
"cvrebert";1;"19470";1;0;1;1;7;1;2;8;6;NA;1;4;4
"wolfy1339";1;"19469";1;0;1;1;1;0;0;5;20;NA;1;1;1
"florisverburg";1;"19459";2;0;1;1;3;1;60;12;4;3;2;18;9
"cvrebert";1;"19452";3;0;1;1;7;7;0;7;31;0;2;192;40
"patrickhlauke";1;"19435";0;0;1;1;10;0;0;11;6;NA;NA;NA;NA
"patrickhlauke";1;"19434";1;0;1;1;10;0;0;11;4;NA;1;2;2
"cvrebert";1;"19431";1;0;1;1;0;1;0;7;0;NA;1;4;4
"cvrebert";1;"19427";4;0;1;1;4;0;7;7;19;0;2;87;23
"cvrebert";1;"19426";1;0;1;2;2;6;7;8;27;NA;1;9;9
"cvrebert";1;"19424";0;0;1;1;2;2;0;7;4;NA;NA;NA;NA
"cvrebert";1;"19423";0;0;1;1;1;1;0;12;1;NA;NA;NA;NA
"patrickhlauke";1;"19411";7;0;1;1;19;0;0;7;2;0;2;468;72
"Pvanhesteren";1;"19409";1;0;1;1;6;0;213;10;0;NA;1;28;28
"Pvanhesteren";1;"19408";6;0;1;1;10;0;2;4;5;0;3;206;10
"XhmikosR";1;"19407";2;0;1;16;23;23;20;4;16;11;1;12;6
"XhmikosR";1;"19404";0;0;1;2;0;5;3;6;2;NA;NA;NA;NA
"cvrebert";1;"19395";0;0;1;1;0;10;0;8;5;NA;NA;NA;NA
"cvrebert";1;"19393";0;0;1;1;10;0;0;8;4;NA;NA;NA;NA
"cfleschhut";1;"19389";2;0;1;1;3;2;1;11;17;0;2;9;4.5
"XhmikosR";1;"19378";24;0;10;30;3068;2233;8;2;63;0;2;624;16
"kevinkucharczyk";1;"19370";1;0;1;2;4;0;68;5;2;NA;1;4;4
"MaartenvE";1;"19348";2;0;1;1;1;1;3;4;4;0;2;111;55.5
"cvrebert";1;"19341";0;0;1;5;5;10;0;8;25;NA;NA;NA;NA
"cvrebert";1;"19340";0;0;1;9;9;27;0;9;2;NA;NA;NA;NA
"ameya-pandilwar";1;"19337";2;0;1;2;0;15;1;4;3;0;2;6;3
"XhmikosR";1;"19333";5;0;5;14;30;25;0;3;14;0;2;123;11
"XhmikosR";1;"19331";3;0;1;1;1;1;1;4;2;0.5;2;72;15
"satsukitv";1;"19328";0;0;1;1;1;2;0;8;5;NA;NA;NA;NA
"cvrebert";1;"19321";0;0;1;1;1;1;0;9;2;NA;NA;NA;NA
"prose100";1;"19312";1;0;1;1;1;1;0;2;0;NA;1;1;1
"alberto";1;"19308";1;3;1;1;9;0;247;9;2;NA;1;11;11
"cvrebert";1;"19295";0;0;1;1;1;1;0;6;0;NA;NA;NA;NA
"cvrebert";1;"19294";0;0;1;1;1;1;0;6;0;NA;NA;NA;NA
"cvrebert";1;"19293";1;0;1;1;3;3;0;8;0;NA;1;8;8
"cvrebert";1;"19291";1;0;1;1;2;2;0;10;0;NA;1;8;8
"davidjb";1;"19287";1;0;1;1;6;6;223;7;80;NA;1;11;11
"patrickhlauke";1;"19277";4;0;2;2;63;43;6;7;32;2;2;135;14
"patrickhlauke";1;"19273";7;1;1;1;37;10;9;8;9;0.5;3;259;31
"cvrebert";1;"19263";0;0;1;33;33;33;0;4;2;NA;NA;NA;NA
"patrickhlauke";1;"19259";1;0;1;1;1;1;0;5;10;NA;1;1;1
"cvrebert";1;"19257";0;0;1;2;4;4;0;6;2;NA;NA;NA;NA
"patrickhlauke";1;"19256";0;0;1;1;1;1;0;6;2;NA;NA;NA;NA
"patrickhlauke";1;"19255";4;0;1;8;24;10;0;8;54;0;2;25;4
"cvrebert";1;"19252";3;0;1;2;3;1;81;3;4;40.5;2;54;13
"cvrebert";1;"19251";0;0;1;2;3;2;0;3;0;NA;NA;NA;NA
"cvrebert";1;"19250";0;0;1;2;4;1;0;3;0;NA;NA;NA;NA
"cvrebert";1;"19249";0;0;1;2;3;1;0;3;0;NA;NA;NA;NA
"cvrebert";1;"19248";3;0;1;1;1;1;60;3;0;30;2;9;2
"cvrebert";1;"19247";0;0;1;2;4;2;0;3;2;NA;NA;NA;NA
"cvrebert";1;"19246";0;0;1;2;4;3;0;3;2;NA;NA;NA;NA
"cvrebert";1;"19244";0;0;1;2;6;1;0;3;2;NA;NA;NA;NA
"cvrebert";1;"19243";2;0;1;2;4;3;1;3;4;1;2;37;18.5
"cvrebert";1;"19242";1;0;1;2;6;4;0;3;4;NA;1;1;1
"cvrebert";1;"19241";0;0;1;2;4;2;1;3;4;NA;NA;NA;NA
"cvrebert";1;"19240";0;0;1;2;4;2;0;3;2;NA;NA;NA;NA
"cvrebert";1;"19239";0;0;1;2;3;2;0;3;4;NA;NA;NA;NA
"cvrebert";1;"19238";0;0;1;2;3;2;1;3;4;NA;NA;NA;NA
"cvrebert";1;"19237";0;0;1;2;8;5;0;3;4;NA;NA;NA;NA
"cvrebert";1;"19236";2;0;1;2;7;5;81;3;17;21;2;5;2.5
"cvrebert";1;"19235";3;0;1;2;7;6;0;3;4;0;2;22;7
"mdo";1;"19234";5;3;2;2;12;0;49;7;9;11;3;177;6
"patrickhlauke";1;"19233";4;0;1;1;5;2;0;7;2;0;2;43;10.5
"patrickhlauke";1;"19232";2;0;1;1;5;0;0;7;2;0;2;3;1.5
"kandros";1;"19224";1;0;1;1;1;1;0;11;0;NA;1;3;3
"patrickhlauke";1;"19222";6;0;1;1;3;0;0;5;37;0;3;157;23.5
"cvrebert";1;"19220";2;0;1;1;4;1;0;11;5;0;2;2;1
"cvrebert";1;"19219";2;0;1;1;1;0;0;8;5;0;2;21;10.5
"cvrebert";1;"19218";0;0;1;1;1;1;1;9;4;NA;NA;NA;NA
"cvrebert";1;"19216";0;0;1;2;2;1;0;3;2;NA;NA;NA;NA
"cvrebert";1;"19215";0;0;1;2;4;3;1;3;4;NA;NA;NA;NA
"cvrebert";1;"19214";1;0;1;2;2;1;1;10;4;NA;1;23;23
"cvrebert";1;"19213";0;0;1;2;3;2;0;3;2;NA;NA;NA;NA
"cvrebert";1;"19212";0;0;1;2;3;1;0;3;2;NA;NA;NA;NA
"cvrebert";1;"19211";1;0;1;2;2;1;1;11;4;NA;1;27;27
"cvrebert";1;"19210";0;0;1;2;3;1;1;3;4;NA;NA;NA;NA
"cvrebert";1;"19209";0;0;1;2;3;1;1;3;4;NA;NA;NA;NA
"cvrebert";1;"19208";0;0;1;2;3;2;0;3;2;NA;NA;NA;NA
"cvrebert";1;"19207";0;0;1;2;4;2;0;3;2;NA;NA;NA;NA
"cvrebert";1;"19206";0;0;1;2;2;1;0;3;2;NA;NA;NA;NA
"cvrebert";1;"19205";0;0;1;2;3;1;0;4;2;NA;NA;NA;NA
"TiGR";1;"19204";1;0;1;1;1;1;0;7;10;NA;1;3;3
"patrickhlauke";1;"19201";3;2;1;1;19;5;0;8;17;0.5;2;96;27
"ameya-pandilwar";1;"19157";1;0;2;10;88;88;6;6;25;NA;1;4;4
"cvrebert";1;"19156";0;0;1;1;0;10;0;7;14;NA;NA;NA;NA
"cvrebert";1;"19155";0;0;1;1;0;10;0;7;14;NA;NA;NA;NA
"sajadtorkamani";1;"19146";1;0;0;0;0;0;0;2;0;NA;1;3;3
"vsn4ik";1;"19144";0;0;0;0;0;0;5;5;17;NA;NA;NA;NA
"mdo";1;"19141";6;0;34;16;413;468;92;3;246;10;4;131;15
"mdo";1;"19140";0;1;1;1;4;2;0;9;21;NA;NA;NA;NA
"mdo";1;"19139";1;0;2;2;29;1;5;6;30;NA;1;4;4
"cvrebert";1;"19138";0;0;1;1;1;1;0;2;0;NA;NA;NA;NA
"mdo";1;"19137";3;0;2;1;0;14;0;5;33;0;2;9;4
"mdo";1;"19136";0;0;3;2;2;1;0;4;82;NA;NA;NA;NA
"cvrebert";1;"19135";3;0;1;1;10;0;0;9;14;2.5;2;102;19
"cvrebert";1;"19128";1;0;1;1;1;1;0;7;14;NA;1;5;5
"cvrebert";1;"19126";1;0;1;1;8;4;0;6;4;NA;1;2;2
"cvrebert";1;"19125";1;0;1;1;2;2;0;7;24;NA;1;1;1
"mdo";1;"19121";0;0;7;5;16;16;0;6;95;NA;NA;NA;NA
"cvrebert";1;"19119";0;0;1;1;0;10;0;4;21;NA;NA;NA;NA
"cvrebert";1;"19116";4;0;2;1;31;18;10;6;24;0;2;68;17.5
"vsn4ik";1;"19115";3;0;0;0;0;0;0;4;3;0.5;2;15;3
"cvrebert";1;"19112";0;0;1;1;3;2;0;7;2;NA;NA;NA;NA
"cvrebert";1;"19111";1;0;1;1;14;0;0;9;6;NA;1;11;11
"cvrebert";1;"19109";9;0;3;5;10;3;118;4;6;0;3;272;27
"cvrebert";1;"19108";0;0;1;1;16;74;0;3;6;NA;NA;NA;NA
"cvrebert";1;"19106";0;0;1;2;89;86;0;5;2;NA;NA;NA;NA
"mdo";1;"19105";0;0;1;2;6;6;0;4;46;NA;NA;NA;NA
"mdo";1;"19104";0;0;2;2;14;3;0;4;23;NA;NA;NA;NA
"mdo";1;"19103";0;0;1;2;61;67;0;10;59;NA;NA;NA;NA
"mdo";1;"19102";0;0;3;6;14;34;1;6;62;NA;NA;NA;NA
"mdo";1;"19099";3;17;34;16;370;117;0;3;184;82;3;110;10
"mdo";1;"19098";40;0;6;5;35;8;0;7;192;0;26;791;5.5
"jshen212";1;"19091";1;0;1;1;1;1;0;6;7;NA;1;1;1
"Quy";1;"19089";2;0;1;1;0;4;0;5;0;0;2;5;2.5
"cvrebert";1;"19088";0;0;1;1;10;0;0;8;4;NA;NA;NA;NA
"cvrebert";1;"19086";1;0;1;1;5;0;1;7;6;NA;1;1;1
"cvrebert";1;"19079";0;0;1;1;6;16;0;8;4;NA;NA;NA;NA
"cvrebert";1;"19078";0;0;1;1;1;1;0;6;4;NA;NA;NA;NA
"cvrebert";1;"19077";0;0;1;1;10;0;0;8;6;NA;NA;NA;NA
"cvrebert";1;"19072";0;0;1;1;113;79;0;2;0;NA;NA;NA;NA
"Johann-S";1;"19058";0;0;1;2;33;2;300;11;3;NA;NA;NA;NA
"cvrebert";1;"19051";0;0;1;1;6;6;0;6;4;NA;NA;NA;NA
"pra85";1;"19050";1;0;1;1;1;1;0;2;0;NA;1;3;3
"mkroeders";1;"19048";1;1;0;0;0;0;228;10;21;NA;1;28;28
"cvrebert";1;"19035";1;0;1;1;1;0;0;9;4;NA;1;13;13
"XhmikosR";1;"19029";19;0;3;10;14;22;24;2;27;0;2;337;14
"stephaniepurvis";1;"19024";0;0;1;1;1;1;307;8;11;NA;NA;NA;NA
"XhmikosR";1;"19018";5;7;1;1;32;4;2;8;3;0;2;75;12
"TwistedHardware";1;"19016";1;0;1;1;1;1;0;9;14;NA;1;1;1
"cvrebert";1;"19011";0;0;3;3;13;16;0;5;2;NA;NA;NA;NA
"cvrebert";1;"19010";0;0;1;1;10;0;0;8;3;NA;NA;NA;NA
"cvrebert";1;"19002";0;0;1;2;3;2;3;3;0;NA;NA;NA;NA
"cvrebert";1;"19001";2;2;2;2;3;8;3;10;42;0;2;46;23
"cvrebert";1;"19000";1;0;1;1;0;4;3;12;4;NA;1;1;1
"xcatliu";1;"18987";1;0;1;1;1;1;29;5;8;NA;1;1;1
"xcatliu";1;"18986";1;0;1;1;3;3;0;5;8;NA;1;2;2
"davidjb";1;"18982";1;0;1;1;2;0;0;5;19;NA;1;1;1
"rosskevin";1;"18981";2;3;2;2;15;4;284;3;14;89;2;41;20.5
"cvrebert";1;"18945";0;0;1;1;10;0;0;8;4;NA;NA;NA;NA
"ruedap";1;"18938";1;0;1;1;1;1;0;4;3;NA;1;1;1
"cvrebert";1;"18936";0;0;1;1;10;0;0;8;4;NA;NA;NA;NA
"patrickhlauke";1;"18935";0;0;1;1;1;0;0;5;2;NA;NA;NA;NA
"cvrebert";1;"18930";0;0;1;1;10;0;0;8;3;NA;NA;NA;NA
"cvrebert";1;"18927";3;0;1;3;5;2;6;6;4;52.5;2;70;31
"cvrebert";1;"18925";4;0;2;3;37;5;22;8;4;2;2;33;8
"mdo";1;"18921";0;0;1;2;24;6;0;10;12;NA;NA;NA;NA
"mdo";1;"18920";1;6;3;2;132;74;1;4;23;NA;1;2;2
"geskill";1;"18915";1;0;1;1;2;2;2;7;14;NA;1;3;3
"calvinf";1;"18913";2;0;1;1;1;1;1;5;11;0;1;15;7.5
"Quy";1;"18912";1;0;1;1;1;1;1;3;0;NA;1;1;1
"cssmonkey";1;"18908";2;0;1;1;1;1;1;6;7;1;2;51;25.5
"Quy";1;"18906";1;0;1;1;1;1;0;3;0;NA;1;1;1
"alberto";1;"18904";9;0;1;18;26;26;39;4;0;0;3;112;7
"cvrebert";1;"18903";0;0;1;1;6;5;0;10;7;NA;NA;NA;NA
"vlastikcz";1;"18900";4;0;1;2;21;1;317;8;57;111;3;23;6
"rtack";1;"18891";1;0;0;0;0;0;0;6;0;NA;1;1;1
"CrispyBacon12";1;"18888";1;0;1;2;3;3;0;13;134;NA;1;3;3
"cvrebert";1;"18885";0;0;1;1;0;7;3;6;29;NA;NA;NA;NA
"cvrebert";1;"18883";3;0;1;2;2;1;3;6;24;0;2;50;19
"cvrebert";1;"18882";0;0;1;2;2;2;0;6;18;NA;NA;NA;NA
"cvrebert";1;"18880";3;0;1;2;6;6;5;8;14;0.5;2;75;27
"cvrebert";1;"18879";0;0;1;2;4;4;0;8;4;NA;NA;NA;NA
"cvrebert";1;"18878";1;0;1;1;0;2;5;7;53;NA;1;4;4
"cvrebert";1;"18869";0;0;1;1;10;0;0;8;4;NA;NA;NA;NA
"ju1ius";1;"18851";1;0;1;1;9;3;291;8;18;NA;1;15;15
"cvrebert";1;"18848";0;0;1;1;6;12;7;6;6;NA;NA;NA;NA
"Johann-S";1;"18847";10;13;1;2;24;1;288;5;10;0;5;109;6.5
"AndersSahlin";1;"18844";1;0;1;1;1;1;0;4;37;NA;1;1;1
"bassjobsen";1;"18839";1;0;1;1;1;1;0;6;2;NA;1;3;3
"cvrebert";1;"18837";0;0;1;1;1;1;0;9;12;NA;NA;NA;NA
"cvrebert";1;"18826";0;0;1;1;2;0;0;8;2;NA;NA;NA;NA
"cvrebert";1;"18825";0;0;6;7;16;9;8;5;11;NA;NA;NA;NA
"cvrebert";1;"18823";0;0;1;4;4;3;0;6;9;NA;NA;NA;NA
"cvrebert";1;"18822";0;0;1;2;4;3;0;3;6;NA;NA;NA;NA
"cvrebert";1;"18821";0;0;1;2;7;2;7;9;8;NA;NA;NA;NA
"cvrebert";1;"18820";0;0;1;2;11;4;7;8;10;NA;NA;NA;NA
"patrickhlauke";1;"18819";5;0;2;1;1;1;1;4;109;0;2;203;21
"cvrebert";1;"18816";6;2;1;2;19;16;2;10;163;0;3;123;13.5
"mdo";1;"18814";2;0;1;1;1;1;0;9;28;0;2;20;10
"mdo";1;"18807";1;4;8;6;402;331;124;6;169;NA;1;113;113
"cvrebert";1;"18789";7;0;2;1;16;0;10;13;14;0;2;128;19
"cvrebert";1;"18788";0;0;1;1;8;0;0;7;23;NA;NA;NA;NA
"cvrebert";1;"18787";0;0;1;2;10;6;0;10;13;NA;NA;NA;NA
"cvrebert";1;"18784";1;0;1;2;91;1;0;6;25;NA;1;1;1
"mdo";1;"18783";0;0;8;3;59;56;0;3;52;NA;NA;NA;NA
"mdo";1;"18782";1;0;3;6;11;119;0;4;82;NA;1;29;29
"cvrebert";1;"18778";2;0;1;2;2;2;0;8;19;0;2;106;53
"cvrebert";1;"18775";5;0;1;1;7;0;0;8;5;0;3;166;30
"mdo";1;"18774";0;0;3;2;13;13;0;5;7;NA;NA;NA;NA
"mdo";1;"18772";2;0;1;1;6;6;0;5;2;0;2;11;5.5
"mdo";1;"18771";0;3;10;3;143;102;0;7;70;NA;NA;NA;NA
"mdo";1;"18760";0;0;1;1;0;2;0;5;19;NA;NA;NA;NA
"cvrebert";1;"18755";0;0;1;1;3;2;0;4;10;NA;NA;NA;NA
"mdo";1;"18752";0;0;10;12;80;91;0;4;26;NA;NA;NA;NA
"cvrebert";1;"18747";1;0;1;1;7;0;1;5;2;NA;1;9;9
"bassjobsen";1;"18741";1;0;2;2;39;17;5;3;6;NA;1;1;1
"cvrebert";1;"18736";0;0;1;1;2;0;6;7;0;NA;NA;NA;NA
"tagliala";1;"18734";1;0;1;1;1;1;6;7;18;NA;1;2;2
"supergibbs";1;"18717";1;0;1;2;14;4;2;8;22;NA;1;1;1
"SamHH";1;"18716";3;0;0;0;0;0;0;7;35;0;2;31;10
"Johann-S";1;"18708";1;0;1;1;8;0;10;7;9;NA;1;1;1
"patrickhlauke";1;"18700";0;0;1;2;2;0;2;5;9;NA;NA;NA;NA
"patrickhlauke";1;"18699";1;0;1;2;2;0;2;6;10;NA;1;3;3
"bassjobsen";1;"18697";0;0;1;1;56;59;8;3;11;NA;NA;NA;NA
"bassjobsen";1;"18695";6;0;1;1;9;8;11;7;74;0;4;250;4
"patrickhlauke";1;"18690";1;0;1;1;6;0;0;6;2;NA;1;1;1
"jch";1;"18687";1;0;1;1;1;1;0;4;2;NA;1;3;3
"patrickhlauke";1;"18686";1;7;3;2;12;5;9;10;2;NA;1;3;3
"patrickhlauke";1;"18685";0;0;1;1;2;2;0;6;24;NA;NA;NA;NA
"cvrebert";1;"18682";0;0;1;1;0;1;12;7;22;NA;NA;NA;NA
"patrickhlauke";1;"18680";0;0;1;1;1;1;0;7;14;NA;NA;NA;NA
"patrickhlauke";1;"18679";1;0;1;1;3;3;0;9;0;NA;1;1;1
"patrickhlauke";1;"18678";0;0;1;1;2;2;0;9;8;NA;NA;NA;NA
"cvrebert";1;"18677";0;0;1;1;1;1;0;7;34;NA;NA;NA;NA
"patrickhlauke";1;"18675";3;0;3;1;7;5;10;5;23;0;2;71;22
"cvrebert";1;"18670";0;0;1;2;30;32;0;6;0;NA;NA;NA;NA
"cvrebert";1;"18669";3;0;1;3;3;10;10;8;5;5;3;187;15
"cvrebert";1;"18668";4;0;3;17;36;32;17;9;2;3;2;27;4.5
"cvrebert";1;"18667";2;0;1;13;13;0;0;9;0;1;2;30;15
"cvrebert";1;"18666";0;0;1;2;5;2;0;7;2;NA;NA;NA;NA
"patrickhlauke";1;"18662";1;0;4;2;40;26;11;11;96;NA;1;36;36
"cvrebert";1;"18657";0;0;1;1;17;17;0;2;2;NA;NA;NA;NA
"cvrebert";1;"18656";0;0;1;1;197;139;0;2;2;NA;NA;NA;NA
"cvrebert";1;"18655";0;0;3;1;3;0;0;4;4;NA;NA;NA;NA
"patrickhlauke";1;"18654";3;2;2;1;23;9;1;7;11;0.5;2;83;13
"patrickhlauke";1;"18648";1;0;2;1;3;1;0;5;28;NA;1;1;1
"cvrebert";1;"18639";0;0;2;2;46;1;1;16;8;NA;NA;NA;NA
"cvrebert";1;"18638";2;0;2;2;46;2;1;16;20;0;2;16;8
"davidjb";1;"18637";1;0;1;1;3;0;0;6;13;NA;1;11;11
"cvrebert";1;"18624";0;0;1;1;1;1;0;7;4;NA;NA;NA;NA
"cvrebert";1;"18622";0;0;4;2;10;10;0;6;19;NA;NA;NA;NA
"cvrebert";1;"18616";1;0;1;1;7;7;0;6;27;NA;1;1;1
"patrickhlauke";1;"18614";24;2;7;1;16;6;10;5;89;0;4;1220;41
"cvrebert";1;"18597";1;0;1;1;27;7;1;6;20;NA;1;2;2
"cvrebert";1;"18593";0;11;2;4;3790;6441;0;6;4;NA;NA;NA;NA
"QWp6t";1;"18575";4;1;0;0;0;0;18;5;34;5;2;8;1.5
"Quy";1;"18567";1;0;1;1;1;1;0;3;0;NA;1;1;1
"Quy";1;"18563";1;0;1;1;1;1;0;3;0;NA;1;1;1
"cvrebert";1;"18561";2;1;1;1;1;1;0;9;2;0;2;25;12.5
"bassjobsen";1;"18560";1;0;1;1;5;5;0;6;3;NA;1;1;1
"patrickhlauke";1;"18541";5;0;1;1;0;3;5;6;16;0;2;185;38
"cvrebert";1;"18537";0;0;1;10;98;99;13;10;4;NA;NA;NA;NA
"cvrebert";1;"18536";4;2;2;1;30;30;13;4;24;0;1;59;9
"cvrebert";1;"18533";1;0;1;1;0;8;1;8;43;NA;1;2;2
"patrickhlauke";1;"18531";7;11;2;3;19;3;1;9;2;0;2;75;8
"cvrebert";1;"18530";0;0;1;2;2;2;0;9;2;NA;NA;NA;NA
"sergej2705";1;"18518";0;0;1;1;1;1;27;4;8;NA;NA;NA;NA
"cvrebert";1;"18514";0;0;1;1;10;0;0;8;3;NA;NA;NA;NA
"bassjobsen";1;"18511";1;0;1;1;17;18;3;7;3;NA;1;12;12
"petetnt";1;"18501";1;0;1;1;55;0;28;3;12;NA;1;6;6
"vicary";1;"18500";11;2;2;2;20;20;61;3;13;1;3;523;34
"vsn4ik";1;"18489";1;0;0;0;0;0;1;8;0;NA;1;1;1
"vsn4ik";1;"18488";0;0;0;0;0;0;61;5;11;NA;NA;NA;NA
"vsn4ik";1;"18486";1;0;0;0;0;0;1;7;5;NA;1;1;1
"jdorfman";1;"18483";2;0;1;1;4;4;1;6;14;0;2;8;4
"lachlanjc";1;"18481";4;0;1;1;1;0;0;6;56;0;2;20;4
"mdo";1;"18479";1;0;4;68;92;92;0;3;10;NA;1;4;4
"cvrebert";1;"18474";4;0;1;4;33;19;16;3;45;2;2;43;11
"cvrebert";1;"18473";0;0;2;2;11;21;16;6;9;NA;NA;NA;NA
"cvrebert";1;"18472";1;0;1;2;5;5;4;10;34;NA;1;4;4
"cvrebert";1;"18469";1;0;1;2;10;7;9;3;0;NA;1;4;4
"cvrebert";1;"18466";8;0;1;2;8;5;32;5;10;0;3;198;16
"cvrebert";1;"18464";2;0;1;2;3;1;16;3;8;7;1;33;16.5
"cvrebert";1;"18463";1;0;1;2;5;3;9;3;6;NA;1;4;4
"cvrebert";1;"18460";0;0;1;1;2;0;0;9;3;NA;NA;NA;NA
"cvrebert";1;"18455";2;0;1;6;12;13;1;8;37;0;2;6;3
"cvrebert";1;"18453";0;0;1;1;10;0;0;9;4;NA;NA;NA;NA
"cvrebert";1;"18452";4;0;1;2;7;7;0;8;55;0;2;69;15
"cvrebert";1;"18451";0;0;1;1;4;0;0;7;2;NA;NA;NA;NA
"cvrebert";1;"18450";0;0;1;4;8;3;1;5;13;NA;NA;NA;NA
"cvrebert";1;"18448";0;0;1;1;10;0;0;8;3;NA;NA;NA;NA
"cvrebert";1;"18447";0;0;1;1;1;0;0;9;1;NA;NA;NA;NA
"cvrebert";1;"18446";1;0;4;5;19;0;1;10;6;NA;1;2;2
"cvrebert";1;"18445";1;0;1;1;2;1;0;6;53;NA;1;3;3
"vsn4ik";1;"18442";1;0;0;0;0;0;1;5;3;NA;1;3;3
"cvrebert";1;"18434";2;0;1;1;29;55;0;2;0;0;2;25;12.5
"XhmikosR";1;"18432";8;3;1;1;7;5;0;2;36;0;2;128;18.5
"XhmikosR";1;"18431";4;0;3;11;18;18;0;5;3;0;3;74;19
"cvrebert";1;"18428";0;0;1;2;5;3;3;3;9;NA;NA;NA;NA
"cvrebert";1;"18427";2;0;1;1;2;2;0;9;4;2;2;3;1.5
"cvrebert";1;"18426";1;0;1;1;1;1;3;8;10;NA;1;4;4
"cvrebert";1;"18423";1;0;1;1;5;1;0;7;13;NA;1;7;7
"cvrebert";1;"18402";9;0;1;3;109;17;3;2;8;0;2;233;17
"tpoulos";1;"18401";1;0;1;1;1;1;0;7;35;NA;1;3;3
"Johann-S";1;"18400";13;18;1;5;59;58;315;7;36;1;3;213;17
"stephaniepurvis";1;"18398";6;0;2;2;5;0;47;9;46;1;5;297;51
"cvrebert";1;"18395";1;0;1;1;3;0;4;6;26;NA;1;13;13
"cvrebert";1;"18393";3;0;1;1;1;1;23;9;4;0;3;19;3
"cvrebert";1;"18392";0;0;2;2;3;1;24;6;8;NA;NA;NA;NA
"cvrebert";1;"18391";0;0;1;1;1;1;4;6;0;NA;NA;NA;NA
"vsn4ik";1;"18388";1;0;0;0;0;0;1;7;0;NA;1;1;1
"henryw4k";1;"18384";0;0;1;1;1;1;1;3;4;NA;NA;NA;NA
"cvrebert";1;"18383";0;0;1;1;4;0;0;7;0;NA;NA;NA;NA
"cvrebert";1;"18381";0;0;1;1;2;2;0;7;13;NA;NA;NA;NA
"cvrebert";1;"18380";0;0;1;1;1;1;0;7;6;NA;NA;NA;NA
"cvrebert";1;"18379";0;0;1;1;1;1;5;7;32;NA;NA;NA;NA
"cvrebert";1;"18378";1;0;1;1;1;1;5;7;27;NA;1;7;7
"cvrebert";1;"18377";0;0;1;1;1;1;0;6;5;NA;NA;NA;NA
"cvrebert";1;"18376";1;0;1;1;5;4;0;5;16;NA;1;1;1
"mikexstudios";1;"18369";2;0;0;0;0;0;1;8;8;0;1;6;3
"lesleh";1;"18356";1;2;0;0;0;0;12;2;41;NA;1;1;1
"tagliala";1;"18354";1;0;1;1;1;1;0;3;5;NA;1;1;1
"cvrebert";1;"18351";0;0;1;1;1;1;0;8;5;NA;NA;NA;NA
"cvrebert";1;"18340";2;0;1;14;53;42;5;4;16;0;2;40;20
"cvrebert";1;"18337";2;0;1;2;18;1;0;11;6;0;2;2;1
"cvrebert";1;"18327";2;0;1;1;20;6;6;7;52;6;2;8;4
"cvrebert";1;"18325";0;0;1;1;4;0;14;9;31;NA;NA;NA;NA
"cvrebert";1;"18317";1;0;1;8;35;28;7;5;29;NA;1;4;4
"patrickhlauke";1;"18288";0;0;1;1;0;4;0;8;11;NA;NA;NA;NA
"vanillajonathan";1;"18286";4;0;1;1;4;0;0;7;0;0;3;38;10
"cvrebert";1;"18285";2;0;1;1;1;1;0;8;5;1;2;4;2
"cvrebert";1;"18284";1;0;1;2;2;1;0;6;36;NA;1;1;1
"XhmikosR";1;"18267";4;0;2;2;3;3;0;8;0;0;3;16;3
"patrickhlauke";1;"18266";15;10;1;1;14;0;1;4;11;0;2;354;18
"cvrebert";1;"18265";0;0;1;1;9;1;15;9;6;NA;NA;NA;NA
"cvrebert";1;"18264";0;0;1;1;14;0;15;11;2;NA;NA;NA;NA
"cvrebert";1;"18260";1;0;1;1;4;6;15;8;2;NA;1;1;1
"cvrebert";1;"18257";1;2;16;11;40;31;15;5;17;NA;1;15;15
"cvrebert";1;"18256";0;0;1;1;2;2;15;7;2;NA;NA;NA;NA
"mdo";1;"18255";2;0;1;1;1;0;0;3;2;0;2;64;32
"mdo";1;"18254";0;0;1;1;11;0;0;6;2;NA;NA;NA;NA
"mdo";1;"18253";1;0;1;1;4;0;0;5;14;NA;1;3;3
"mdo";1;"18252";0;0;1;1;1;0;0;6;2;NA;NA;NA;NA
"mdo";1;"18251";0;1;2;1;11;0;0;4;2;NA;NA;NA;NA
"mdo";1;"18250";3;2;1;1;15;14;0;5;12;0.5;2;48;17
"mdo";1;"18249";4;0;6;2;12;9;0;6;30;0;2;31;5.5
"vsn4ik";1;"18246";1;0;0;0;0;0;1;6;6;NA;1;1;1
"Johann-S";1;"18245";7;0;1;1;13;0;379;10;3;4.5;3;46;5
"patrickhlauke";1;"18244";0;0;1;1;1;1;0;6;13;NA;NA;NA;NA
"cvrebert";1;"18235";0;0;1;4;21;21;0;7;2;NA;NA;NA;NA
"cvrebert";1;"18229";0;0;1;1;5;0;0;10;2;NA;NA;NA;NA
"cvrebert";1;"18215";0;0;1;1;1;9;0;5;0;NA;NA;NA;NA
"kkirsche";1;"18214";5;1;1;4;4;4;1;8;2;0;2;29;8
"cvrebert";1;"18185";12;6;2;3;100;121;32;2;22;0;4;248;19
"cvrebert";1;"18182";1;0;1;2;8;0;6;11;18;NA;1;1;1
"davidjb";1;"18149";3;0;1;1;48;48;0;6;12;0;3;45;15
"jontewks";1;"18148";3;2;1;3;6;3;1;6;53;0.5;2;6;1
"bassjobsen";1;"18138";0;1;3;2;29;28;35;10;0;NA;NA;NA;NA
"bassjobsen";1;"18135";0;0;2;2;8;8;35;10;0;NA;NA;NA;NA
"bassjobsen";1;"18116";0;0;1;1;1;1;2;6;11;NA;NA;NA;NA
"cvrebert";1;"18111";0;0;1;1;10;0;0;7;2;NA;NA;NA;NA
"cvrebert";1;"18110";3;0;4;3;80;91;39;10;31;18;2;76;30
"cvrebert";1;"18109";5;0;1;2;3;3;14;9;21;1;5;42;3
"cvrebert";1;"18108";0;0;1;3;25;26;3;7;32;NA;NA;NA;NA
"cvrebert";1;"18106";3;0;1;1;5;0;1;6;7;0;2;43;2
"cvrebert";1;"18105";0;0;1;1;6;5;3;7;0;NA;NA;NA;NA
"bassjobsen";1;"18099";2;0;3;3;64;31;40;8;5;40;1;5;2.5
"cvrebert";1;"18095";1;0;1;2;2;2;1;7;19;NA;1;1;1
"cvrebert";1;"18094";2;0;1;1;1;1;14;5;13;0;2;3;1.5
"AndersMad";1;"18093";0;0;1;1;2;2;16;7;13;NA;NA;NA;NA
"cvrebert";1;"18091";0;0;1;1;0;10;0;7;14;NA;NA;NA;NA
"almirsarajcic";1;"18089";0;0;1;1;1;1;16;4;2;NA;NA;NA;NA
"XhmikosR";1;"18086";4;0;1;6;16;43;1;4;20;0;2;72;13
"cvrebert";1;"18081";11;0;1;1;3;3;7;10;4;0;2;149;11
"cvrebert";1;"18080";2;1;1;1;5;0;3;9;5;0;2;10;5
"kkirsche";1;"18077";0;0;1;1;1;1;0;5;2;NA;NA;NA;NA
"davidjb";1;"18069";4;0;1;1;1;1;1;7;4;0;2;76;7.5
"mathisonian";1;"18061";6;0;1;1;1;1;18;4;0;0;4;99;13
"davidjb";1;"18055";1;0;1;1;2;2;0;6;14;NA;1;4;4
"cvrebert";1;"18051";16;1;1;2;22;1;22;10;2;0;4;203;9.5
"tshinnic";1;"18050";1;0;1;1;1;1;0;8;21;NA;1;1;1
"cvrebert";1;"18042";0;0;1;3;9;6;0;8;4;NA;NA;NA;NA
"cvrebert";1;"18039";0;0;1;1;1;3;3;5;0;NA;NA;NA;NA
"cvrebert";1;"18038";1;0;1;1;16;6;3;8;6;NA;1;1;1
"cvrebert";1;"18033";1;0;1;1;1;1;21;7;22;NA;1;6;6
"cvrebert";1;"18032";1;0;1;1;3;3;21;7;19;NA;1;6;6
"cvrebert";1;"18031";2;0;1;1;5;5;4;7;29;1;2;7;3.5
"cvrebert";1;"18029";0;0;1;1;17;64;0;10;2;NA;NA;NA;NA
"cvrebert";1;"18028";0;0;1;1;6;26;0;9;2;NA;NA;NA;NA
"vsn4ik";1;"18013";1;0;0;0;0;0;0;6;0;NA;1;1;1
"kkirsche";1;"18011";3;2;1;1;1;2;6;6;2;2;3;36;7
"Deilv";1;"17997";6;5;3;1;1;1;376;2;80;0;2;253;46.5
"tshinnic";1;"17980";1;0;1;2;3;3;0;4;0;NA;1;2;2
"hzoo";1;"17970";9;1;1;3;723;134;0;10;31;0;3;106;9
"cvrebert";1;"17955";0;0;1;1;20;0;0;7;7;NA;NA;NA;NA
"risan";1;"17954";2;2;2;1;4;0;27;9;25;0;2;17;8.5
"supergibbs";1;"17952";1;0;1;3;62;0;53;3;0;NA;1;4;4
"darkdiesel";1;"17949";1;0;1;1;1;1;0;6;0;NA;1;1;1
"supergibbs";1;"17946";5;0;1;1;1;0;53;3;0;0;2;137;28
"patrickhlauke";1;"17945";4;0;2;3;2;12;0;7;56;0;2;119;22
"supergibbs";1;"17944";1;0;1;1;1;1;1;3;13;NA;1;4;4
"chrisbell08";1;"17939";1;0;1;2;2;1;29;7;8;NA;1;2;2
"zalog";1;"17930";4;1;1;1;1;0;55;8;24;1;3;16;4.5
"jackzzjack";1;"17922";0;0;1;1;5;0;30;5;0;NA;NA;NA;NA
"marciovicente";1;"17919";4;0;1;1;1;1;13;7;21;0;3;64;13
"cvrebert";1;"17906";0;0;1;1;10;0;0;8;4;NA;NA;NA;NA
"cvrebert";1;"17903";0;0;1;1;1;1;1;5;13;NA;NA;NA;NA
"cvrebert";1;"17902";0;0;1;1;0;10;0;8;9;NA;NA;NA;NA
"kkirsche";1;"17900";0;0;1;1;1;1;1;7;2;NA;NA;NA;NA
"cvrebert";1;"17896";1;0;1;1;1;1;1;11;6;NA;1;1;1
"cvrebert";1;"17881";0;0;1;1;10;0;1;13;4;NA;NA;NA;NA
"bhamodi";1;"17880";0;0;1;6;6;6;1;6;1;NA;NA;NA;NA
"bhamodi";1;"17879";4;0;1;5;5;5;17;3;10;1;3;9;1.5
"patrickhlauke";1;"17875";1;0;1;1;1;1;0;5;2;NA;1;3;3
"Johann-S";1;"17823";15;6;2;8;144;23;420;9;31;1;4;276;13
"cvrebert";1;"17820";0;0;1;1;10;0;0;10;6;NA;NA;NA;NA
"kkirsche";1;"17817";1;0;1;1;1;1;5;10;35;NA;1;2;2
"alberto";1;"17808";1;0;1;1;1;0;37;12;2;NA;1;4;4
"audionerd";1;"17804";1;0;1;1;2;2;19;6;19;NA;1;4;4
"a-moses";1;"17803";2;0;1;1;4;0;0;7;8;0;2;7;3.5
"patrickhlauke";1;"17793";5;0;1;19;19;19;0;4;13;0;3;36;6
"cvrebert";1;"17775";1;0;1;1;4;1;5;4;13;NA;1;2;2
"croaky";1;"17769";9;0;0;0;0;0;0;5;251;0;3;341;11
"zalog";1;"17756";4;2;1;1;1;0;98;5;37;86;4;304;57.5
"cvrebert";1;"17753";0;0;1;1;0;10;0;8;8;NA;NA;NA;NA
"XhmikosR";1;"17751";17;3;3;11;55;70;23;4;87;0;2;449;19
"Prelc";1;"17749";1;0;1;1;0;1;26;5;3;NA;1;2;2
"lrstanley";1;"17746";1;0;0;0;0;0;0;5;4;NA;1;3;3
"cvrebert";1;"17742";0;0;2;22;73;0;0;12;2;NA;NA;NA;NA
"nextgenthemes";1;"17737";1;0;0;0;0;0;0;4;71;NA;1;1;1
"chrisbell08";1;"17733";0;1;2;1;1;0;45;12;20;NA;NA;NA;NA
"tomkel";1;"17727";2;0;0;0;0;0;0;11;4;0;1;16;8
"tomkel";1;"17726";1;0;0;0;0;0;0;10;4;NA;1;1;1
"cvrebert";1;"17725";0;0;1;6;25;25;0;8;2;NA;NA;NA;NA
"michael-k";1;"17716";1;0;1;1;1;1;0;4;0;NA;1;3;3
"cvrebert";1;"17713";0;0;1;1;4;0;0;6;3;NA;NA;NA;NA
"cvrebert";1;"17712";0;0;1;1;5;1;0;8;1;NA;NA;NA;NA
"biokillos";1;"17708";0;0;1;2;4;1;48;6;0;NA;NA;NA;NA
"alberto";1;"17707";1;0;1;1;1;1;1;7;0;NA;1;1;1
"cvrebert";1;"17704";0;0;2;3;69;46;0;5;23;NA;NA;NA;NA
"lesleh";1;"17701";1;0;0;0;0;0;18;4;12;NA;1;2;2
"rclai";1;"17693";3;0;1;1;7;2;0;5;20;0;3;9;3
"cvrebert";1;"17689";0;0;2;2;17;11;3;5;4;NA;NA;NA;NA
"cvrebert";1;"17688";0;0;2;3;2;1;1;6;11;NA;NA;NA;NA
"XhmikosR";1;"17687";1;0;1;2;10;16;1;2;2;NA;1;1;1
"Xerkus";1;"17682";0;0;1;2;2;1;1;6;0;NA;NA;NA;NA
"petetnt";1;"17670";1;0;1;1;2;2;0;9;19;NA;1;3;3
"XhmikosR";1;"17662";6;0;1;1;2;1;10;5;3;0;2;115;11
"zalog";1;"17655";1;0;1;1;1;1;0;5;0;NA;1;1;1
"XhmikosR";1;"17652";17;2;1;1;2;1;53;6;46;0;3;567;24
"XhmikosR";1;"17646";9;3;2;20;911;637;5;2;8;0;3;165;10
"matt-hernandez";1;"17642";14;0;2;2;33;1;434;8;19;0;6;861;27
"zalog";1;"17638";0;0;1;1;1;1;143;9;0;NA;NA;NA;NA
"wolfika";1;"17626";1;0;1;1;11;0;12;7;33;NA;1;4;4
"Johann-S";1;"17616";14;17;1;16;121;4;16;11;6;0;2;353;16
"Johann-S";1;"17614";1;0;1;1;1;1;390;10;4;NA;1;4;4
"Johann-S";1;"17613";2;0;1;2;4;4;0;11;4;0;1;3;1.5
"rtack";1;"17608";1;0;0;0;0;0;0;9;0;NA;1;1;1
"neilhem";1;"17596";0;0;1;1;0;2;60;6;0;NA;NA;NA;NA
"vsn4ik";1;"17589";4;0;0;0;0;0;9;7;0;0;3;65;14
"zacechola";1;"17576";1;0;1;1;4;3;1;5;24;NA;1;1;1
"Johann-S";1;"17568";5;0;1;2;16;1;395;8;6;24;3;81;6
"gjsduarte";1;"17558";0;0;0;0;0;0;0;7;9;NA;NA;NA;NA
"rbarysas";1;"17553";0;0;0;0;0;0;0;9;2;NA;NA;NA;NA
"cvrebert";1;"17551";1;0;2;1;0;6;0;10;12;NA;1;1;1
"davidjb";1;"17549";6;0;1;1;1;0;0;4;23;0;5;120;20.5
"rbarysas";1;"17545";0;0;0;0;0;0;65;10;14;NA;NA;NA;NA
"flexbox";1;"17542";3;0;1;1;0;11;65;8;12;0;2;15;3
"Johann-S";1;"17536";8;0;1;1;38;0;415;7;33;1;3;176;19
"XhmikosR";1;"17522";6;0;2;2;4;3;11;3;21;0;4;112;12.5
"vsn4ik";1;"17521";1;0;0;0;0;0;0;6;0;NA;1;3;3
"davidjb";1;"17520";2;0;1;1;2;1;1;9;136;0;2;10;5
"XhmikosR";1;"17519";1;0;1;4;4;23;1;7;20;NA;1;1;1
"XhmikosR";1;"17518";1;0;1;6;0;323;0;6;18;NA;1;5;5
"Zearin";1;"17509";2;0;1;7;7;7;0;8;0;0;2;41;20.5
"hkdobrev";1;"17505";8;2;1;2;7;9;67;7;5;1;4;84;10.5
"mauricew";1;"17500";0;0;1;5;9;9;0;4;35;NA;NA;NA;NA
"vsn4ik";1;"17495";1;0;0;0;0;0;0;7;4;NA;1;1;1
"XhmikosR";1;"17494";34;0;2;19;25;43;50;4;33;0;14;1651;31.5
"XhmikosR";1;"17492";2;2;1;20;25;58;0;7;10;0;2;2;1
"XhmikosR";1;"17491";4;0;1;2;1;1;0;6;8;0;3;48;9
"psychobunny";1;"17485";0;0;1;1;2;0;1;5;0;NA;NA;NA;NA
"pixelbandito";1;"17481";9;6;1;8;87;36;394;5;48;13.5;4;146;13
"patrickhlauke";1;"17477";3;2;1;2;13;0;1;7;0;0.5;2;25;8
"Corbzilla";1;"17467";1;0;1;1;5;0;71;9;19;NA;1;1;1
"davidjb";1;"17456";1;2;2;2;5;0;0;6;5;NA;1;1;1
"vsn4ik";1;"17451";1;0;0;0;0;0;0;5;0;NA;1;1;1
"lukeb-uk";1;"17448";1;0;0;0;0;0;1;3;43;NA;1;1;1
"Stavrus";1;"17447";3;0;1;3;8;13;0;6;118;110.5;3;131;52
