"gongzg";1;"5403";0;0;1;1;3;0;0;10;37;NA;NA;NA;NA
"gongzg";1;"5394";0;0;19;15;713;674;0;7;106;NA;NA;NA;NA
"jfolz";1;"5393";0;0;1;1;1;1;0;9;38;NA;NA;NA;NA
"BlGene";1;"5372";6;0;1;1;1;2;13;7;122;0;2;183;19.5
"willyd";1;"5355";1;0;1;1;6;6;8;5;0;NA;1;3;3
"shelhamer";1;"5296";0;0;1;2;3;3;4;3;29;NA;NA;NA;NA
"willyd";1;"5288";0;0;2;3;67;2;4;10;9;NA;NA;NA;NA
"willyd";1;"5287";0;0;1;1;7;0;4;4;0;NA;NA;NA;NA
"crowsonkb";1;"5272";1;0;1;1;6;2;1;6;10;NA;1;8;8
"CDLuminate";1;"5242";1;0;1;1;41;35;0;4;28;NA;1;5;5
"solrex";1;"5236";0;0;1;1;1;1;17;7;26;NA;NA;NA;NA
"willyd";1;"5231";0;0;43;141;2815;1609;21;5;56;NA;NA;NA;NA
"williford";1;"5227";1;0;1;7;9;18;0;8;10;NA;1;5;5
"kts";1;"5220";1;0;1;1;1;1;0;6;0;NA;1;4;4
"cypof";1;"5215";2;0;1;1;0;1;0;8;15;2;2;40;20
"ftokarev";1;"5210";1;0;1;1;1;2;26;7;22;NA;1;6;6
"CDLuminate";1;"5207";1;0;1;1;2;2;1;5;0;NA;1;6;6
"forderud";1;"5206";10;0;1;1;13;13;10;7;26;0;2;417;31
"forderud";1;"5204";1;0;1;1;1;1;0;9;27;NA;1;5;5
"longjon";1;"5198";0;0;1;1;1;1;1;7;21;NA;NA;NA;NA
"gongzg";1;"5190";0;0;1;2;2;2;0;7;54;NA;NA;NA;NA
"shaibagon";1;"5184";5;0;1;1;7;1;5;6;393;2;3;96;19
"willyd";1;"5181";1;0;1;1;3;2;4;4;7;NA;1;3;3
"willyd";1;"5180";0;0;1;4;51;26;1;8;17;NA;NA;NA;NA
"stoneyang";1;"5176";0;0;1;1;1;1;6;4;7;NA;NA;NA;NA
"gongzg";1;"5165";10;0;15;14;2617;880;2;7;48;0;3;319;25
"willyd";1;"5162";0;0;1;1;10;1;0;5;6;NA;NA;NA;NA
"willyd";1;"5161";0;0;1;1;1;1;0;6;0;NA;NA;NA;NA
"cypof";1;"5153";12;5;1;5;49;140;16;2;48;0;3;166;7.5
"williford";1;"5148";1;0;1;62;1573;476;17;4;199;NA;1;30;30
"lvchaxj";1;"5142";0;0;1;2;15;0;18;12;38;NA;NA;NA;NA
"ftokarev";1;"5139";1;0;1;1;5;5;0;4;3;NA;1;2;2
"xmyqsh";1;"5138";5;0;2;2;27;35;19;4;13;2;4;248;47
"cjwyesong";1;"5125";0;0;8;4;11;8;17;1;0;NA;NA;NA;NA
"yrevar";1;"5121";0;0;1;1;1;1;26;7;0;NA;NA;NA;NA
"yrevar";1;"5112";1;0;1;1;1;1;0;3;3;NA;1;2;2
"CDLuminate";1;"5111";17;8;4;2;156;0;23;5;5;1;4;570;21
"yaronli";1;"5098";1;0;1;1;4;1;33;7;163;NA;1;5;5
"willyd";1;"5088";1;0;1;9;345;73;36;7;64;NA;1;17;17
"tsocha";1;"5075";6;0;1;1;12;0;37;4;7;3;5;186;13
"garion9013";1;"5074";1;0;1;1;5;12;72;2;21;NA;1;4;4
"Queuecumber";1;"5057";1;0;1;1;4;2;0;6;49;NA;1;4;4
"willyd";1;"5049";5;0;1;2;17;6;1;5;27;0;2;550;104
"twmht";1;"5047";1;0;1;1;1;1;1;8;7;NA;1;5;5
"willyd";1;"5042";0;0;24;28;213;53;3;5;5;NA;NA;NA;NA
"willyd";1;"5039";0;0;1;8;304;205;0;7;45;NA;NA;NA;NA
"CDLuminate";1;"5038";1;2;2;1;4;4;0;6;3;NA;1;2;2
"CDLuminate";1;"5035";1;2;1;16;22;22;0;6;3;NA;1;4;4
"hmybmny";1;"5025";1;0;0;0;0;0;55;3;5;NA;1;5;5
"ngaloppo";1;"5010";0;0;1;1;3;3;88;5;2;NA;NA;NA;NA
"shelhamer";1;"5009";1;0;1;3;19;0;1;11;105;NA;1;7;7
"chenzeyuczy";1;"4998";1;0;1;1;2;2;4;8;16;NA;1;4;4
"shelhamer";1;"4993";0;0;1;1;1;0;0;6;11;NA;NA;NA;NA
"shelhamer";1;"4986";0;0;2;5;164;17;2;8;88;NA;NA;NA;NA
"davidbrai";1;"4979";2;0;1;1;7;2;4;5;37;0;2;32;16
"williford";1;"4971";1;0;1;3;3;3;1;14;58;NA;1;6;6
"willyd";1;"4963";0;0;9;6;58;5;0;2;8;NA;NA;NA;NA
"gongzg";1;"4958";1;0;5;4;294;686;0;10;22;NA;1;6;6
"elhigu";1;"4955";11;1;1;1;3;3;3;4;29;0;2;424;22
"karas84";1;"4941";1;0;1;1;1;1;0;7;5;NA;1;2;2
"willyd";1;"4939";0;0;1;1;14;7;0;2;11;NA;NA;NA;NA
"nihui";1;"4937";1;0;1;1;1;1;0;6;9;NA;1;2;2
"williford";1;"4914";10;2;1;1;19;0;6;7;112;0;3;708;42.5
"shelhamer";1;"4908";0;0;1;3;37;3;0;11;62;NA;NA;NA;NA
"willyd";1;"4895";0;0;1;4;52;3;87;5;66;NA;NA;NA;NA
"GlueCrow";1;"4892";5;0;0;0;0;0;0;7;0;0;2;317;53
"willyd";1;"4884";0;0;1;3;61;4;4;11;0;NA;NA;NA;NA
"willyd";1;"4865";0;0;1;1;2;2;39;8;20;NA;NA;NA;NA
"willyd";1;"4854";0;0;127;113;3309;433;1;9;54;NA;NA;NA;NA
"willyd";1;"4842";9;0;1;1;9;9;96;12;26;0;3;283;20
"Zylphrex";1;"4840";0;0;2;1;3;3;39;7;14;NA;NA;NA;NA
"bacharliran";1;"4824";2;0;124;113;3308;434;10;4;12;0;1;76;38
"Shamanoid";1;"4813";1;0;1;1;1;1;0;5;13;NA;1;5;5
"wk910930";1;"4812";1;0;1;1;3;3;0;4;0;NA;1;4;4
"cypof";1;"4793";4;0;1;1;1;1;3;5;0;1;2;43;11
"bwilbertz";1;"4785";3;0;1;1;8;4;1;5;109;0.5;2;96;25
"shelhamer";1;"4779";1;0;1;1;3;0;0;4;5;NA;1;40;40
"lukeyeager";1;"4769";1;0;1;1;1;1;1;6;0;NA;1;2;2
"rokm";1;"4737";0;0;1;3;30;0;152;8;0;NA;NA;NA;NA
"zhang-xin";1;"4736";2;0;1;1;1;0;19;7;76;0;2;32;16
"gongzg";1;"4735";0;0;1;1;1;1;0;6;17;NA;NA;NA;NA
"gongzg";1;"4734";2;0;1;2;13;4;0;8;15;0;2;25;12.5
"mlloreda";1;"4728";2;0;1;1;2;2;0;4;0;1;2;13;6.5
"kashefy";1;"4721";1;0;1;1;4;3;157;6;12;NA;1;9;9
"gongzg";1;"4720";1;0;1;2;2;1;0;10;14;NA;1;6;6
"gongzg";1;"4717";3;0;1;4;978;85;0;12;57;0;2;339;6
"shelhamer";1;"4705";0;0;1;1;7;2;0;7;13;NA;NA;NA;NA
"shelhamer";1;"4704";5;2;4;6;72;27;6;7;126;1.5;2;557;120
"cypof";1;"4703";2;1;1;1;7;0;71;6;0;53;2;47;23.5
"cypof";1;"4702";2;0;1;1;2;1;0;9;50;0;1;34;17
"gongzg";1;"4660";3;0;4;5;9;11;0;6;79;0;2;51;15
"lukeyeager";1;"4655";1;0;1;1;1;1;0;5;96;NA;1;6;6
"ClimbsRocks";1;"4647";1;0;1;1;1;1;1;6;0;NA;1;1;1
"ClimbsRocks";1;"4646";1;0;1;1;1;1;1;5;15;NA;1;4;4
"ClimbsRocks";1;"4645";1;0;1;1;1;1;1;4;30;NA;1;5;5
"BlGene";1;"4630";4;1;1;5;39;14;195;10;182;1;1;29;7
"intelfx";1;"4609";2;2;6;11;109;150;181;5;111;28;2;20;10
"shelhamer";1;"4605";0;0;1;1;11;4;2;7;18;NA;NA;NA;NA
"shelhamer";1;"4604";1;0;1;1;4;1;0;8;38;NA;1;10;10
"bwilbertz";1;"4600";7;2;1;1;11;3;35;12;86;1.5;2;300;22
"keskarnitish";1;"4596";1;0;1;2;2;2;0;6;34;NA;1;3;3
"sungjunhong";1;"4589";1;0;0;0;0;0;10;6;53;NA;1;2;2
"cypof";1;"4563";30;47;5;52;1022;883;161;8;399;2;12;1482;39.5
"fyu";1;"4559";2;0;1;1;2;2;0;6;32;0;2;9;4.5
"gongzg";1;"4528";1;0;3;3;8;0;1;8;4;NA;1;6;6
"hgaiser";1;"4523";1;0;1;1;3;3;9;6;29;NA;1;5;5
"intelfx";1;"4516";2;0;1;1;1;1;10;4;3;58;2;44;22
"lukeyeager";1;"4474";1;0;1;1;0;1;1;6;55;NA;1;6;6
"gongzg";1;"4471";3;0;5;5;305;479;4;5;84;2;2;13;5
"lukeyeager";1;"4459";1;0;1;19;39;18;1;8;143;NA;1;5;5
"vfdev-5";1;"4457";0;0;1;1;1;1;19;11;83;NA;NA;NA;NA
"ShaggO";1;"4455";1;0;1;2;2;2;1;9;28;NA;1;2;2
"ShaggO";1;"4451";1;0;1;1;1;1;1;8;14;NA;1;3;3
"lalelale";1;"4448";1;0;1;1;1;4;0;5;12;NA;1;1;1
"lukeyeager";1;"4433";1;0;1;1;14;8;3;7;198;NA;1;2;2
"mlamarre";1;"4418";1;0;1;1;0;2;6;9;46;NA;1;18;18
"cdoersch";1;"4408";4;4;1;2;41;6;8;6;76;0;3;62;18.5
"alicanb";1;"4379";4;0;2;2;4;11;44;8;5;0;3;60;12.5
"npanpaliya";1;"4359";5;0;1;1;1;1;17;4;33;0.5;4;80;8
"gongzg";1;"4358";2;0;10;5;386;323;0;6;25;0;2;74;37
"nitnelave";1;"4351";3;1;1;2;4;1;19;6;18;0;3;17;6
"nitnelave";1;"4348";1;0;2;2;12;0;19;7;32;NA;1;7;7
"nitnelave";1;"4347";4;0;2;2;18;0;241;6;14;0;2;73;17
"nitnelave";1;"4343";3;1;2;2;38;15;22;6;31;0.5;2;38;13
"raffienficiaud";1;"4338";3;0;1;1;1;0;200;7;385;6.5;3;51;16
"gongzg";1;"4311";9;0;2;1;13;12;0;10;48;0;3;435;25
"gongzg";1;"4298";5;0;6;9;112;114;0;5;27;0;3;118;18
"chuckcho";1;"4259";1;0;1;1;1;1;0;3;0;NA;1;5;5
"lukeyeager";1;"4254";2;0;1;2;24;16;1;5;105;1;2;24;12
"jklontz";1;"4247";4;0;1;1;4;3;78;4;110;9;4;134;36.5
"CDLuminate";1;"4236";1;0;1;1;1;1;1;5;10;NA;1;4;4
"philkr";1;"4227";9;1;1;2;25;1;7;7;26;0;3;283;10
"malreddysid";1;"4218";10;8;1;1;2;0;4;5;27;0;4;611;21
"lukeyeager";1;"4214";1;0;1;1;0;3;1;7;9;NA;1;5;5
"lukeyeager";1;"4207";7;6;1;13;292;210;1;2;51;0;3;195;19
"IsaacYangSLA";1;"4200";2;0;1;1;3;0;9;10;38;0;2;12;6
"abrowne2";1;"4172";1;0;0;0;0;0;245;4;16;NA;1;16;16
"flx42";1;"4159";4;0;3;14;97;23;1;8;72;1;3;148;31.5
"bobpoekert";1;"4148";4;0;1;1;3;0;3;5;31;0;3;22;3
"yalesong";1;"4146";1;0;1;1;1;1;4;7;165;NA;1;72;72
"millskyle";1;"4144";2;0;1;1;1;1;0;4;0;0;2;11;5.5
"gdh1995";1;"4128";1;0;1;1;1;1;1;6;21;NA;1;1;1
"rayglover-ibm";1;"4121";2;0;1;1;2;2;0;3;116;0;2;129;64.5
"lukeyeager";1;"4117";3;0;1;1;21;15;0;5;35;0;3;57;10
"erictzeng";1;"4101";1;0;1;2;11;1;0;6;148;NA;1;70;70
"shelhamer";1;"4094";0;0;1;1;1;0;0;9;34;NA;NA;NA;NA
"flx42";1;"4082";2;0;1;2;2;2;2;9;29;1;2;25;12.5
"szha";1;"4075";3;0;0;0;0;0;4;11;80;2;3;198;44
"mnogu";1;"4071";4;2;1;1;1;1;2;5;2;0;3;25;7.5
"crazytan";1;"4070";4;0;1;1;18;27;19;4;71;3;3;66;13.5
"seanbell";1;"4069";3;0;1;1;17;4;0;9;98;0;1;53;6
"drewabbot";1;"4065";1;0;1;1;1;0;6;4;9;NA;1;3;3
"crazytan";1;"4059";8;8;1;4;53;9;21;6;0;1;4;146;10
"gongzg";1;"4058";2;0;14;12;434;364;1;9;102;1;2;9;4.5
"wk910930";1;"4056";2;0;1;1;1;1;7;8;8;0;2;34;17
"samster25";1;"4051";3;0;1;1;1;1;0;7;23;0;3;17;3
"achalddave";1;"4048";5;1;4;1;15;11;8;9;25;0;3;256;31
"ebadawy";1;"4040";3;0;1;1;1;1;10;6;14;5;3;48;14
"HeGaoYuan";1;"4033";2;0;1;1;1;1;3;12;83;3;2;14;7
"achalddave";1;"4024";1;0;1;1;5;1;0;8;46;NA;1;12;12
"lukeyeager";1;"4007";1;0;1;1;1;1;1;3;3;NA;1;4;4
"ZhouYzzz";1;"3995";6;3;2;2;27;0;19;7;50;0;4;119;16
"shelhamer";1;"3993";1;0;3;4;38;27;0;10;84;NA;1;11;11
"willyd";1;"3990";23;0;1;35;901;217;187;3;485;1;6;1738;42
"shelhamer";1;"3988";0;0;4;1;19;13;0;9;37;NA;NA;NA;NA
"mnogu";1;"3982";1;0;1;1;1;1;1;8;0;NA;1;5;5
"tpwrules";1;"3977";2;0;1;1;1;1;23;4;36;17;2;34;17
"jeffdonahue";1;"3948";19;5;3;12;2018;1;58;4;195;2;13;1174;36
"jeffdonahue";1;"3942";4;0;2;3;112;6;1;9;46;0;2;119;32
"emaggiori";1;"3937";6;0;1;2;22;1;4;10;51;0;2;181;13.5
"rscohn2";1;"3893";1;0;1;1;1;1;328;5;21;NA;1;7;7
"danielgordon10";1;"3891";15;1;1;1;21;7;7;10;5;0;4;1235;72
"gongzg";1;"3872";1;0;3;32;4584;26;0;6;12;NA;1;7;7
"lukeyeager";1;"3863";21;12;3;6;439;12;112;7;162;1;4;1200;32
"gongzg";1;"3848";1;0;5;7;146;14;0;4;32;NA;1;24;24
"jainanshul";1;"3826";0;0;1;1;28;5;0;8;2;NA;NA;NA;NA
"jreniecki";1;"3821";1;0;1;1;3;3;14;6;25;NA;1;8;8
"shelhamer";1;"3797";4;0;1;1;2;0;0;4;18;0;2;244;72.5
"longjon";1;"3773";1;0;1;1;1;1;0;7;41;NA;1;27;27
"gongzg";1;"3772";5;0;8;15;3487;38;2;9;29;0.5;3;125;14
"BlGene";1;"3770";1;0;1;1;1;1;1;8;0;NA;1;15;15
"vivkul";1;"3759";1;0;1;1;2;2;0;3;0;NA;1;5;5
"jczaja";1;"3756";1;0;1;2;3;2;0;3;28;NA;1;5;5
"shelhamer";1;"3755";2;0;4;4;41;34;0;4;53;325;1;53;26.5
"lukeyeager";1;"3749";3;0;1;2;18;2;51;5;5;0.5;3;51;18
"Nerei";1;"3747";1;0;1;1;6;0;0;11;61;NA;1;24;24
"shelhamer";1;"3740";0;0;1;2;5;5;0;6;15;NA;NA;NA;NA
"lukeyeager";1;"3731";26;0;3;4;76;93;59;7;29;0;6;2993;57
"shaibagon";1;"3725";4;0;1;1;2;2;3;7;39;0;2;66;18.5
"cepiross";1;"3720";2;0;1;2;84;85;3;6;86;3;2;17;8.5
"shelhamer";1;"3719";0;0;5;10;3047;23780;1;9;78;NA;NA;NA;NA
"ttdt";1;"3716";7;2;1;1;12;10;8;8;15;0.5;3;163;27
"olesalscheider";1;"3715";2;0;1;1;1;1;1;8;27;1;2;38;19
"shaibagon";1;"3703";2;0;1;1;3;3;2;9;72;0;2;57;28.5
"shelhamer";1;"3696";1;0;1;1;2;3;1;10;42;NA;1;6;6
"shelhamer";1;"3695";0;0;1;1;10;0;1;8;19;NA;NA;NA;NA
"pra85";1;"3687";3;0;1;1;1;1;0;5;3;0;2;53;22
"flx42";1;"3676";2;0;1;1;0;1;2;4;13;2;2;42;21
"intbots";1;"3650";2;0;1;1;3;2;0;6;60;0;2;30;15
"drnikolaev";1;"3624";2;0;1;2;13;1;1;4;72;0;2;5;2.5
"longjon";1;"3613";12;4;4;2;377;0;35;7;478;2;5;613;37.5
"kashefy";1;"3612";15;7;1;5;304;15;27;8;194;1;2;817;35
"jeffdonahue";1;"3605";1;0;1;1;1;1;0;11;4;NA;1;4;4
"jeffdonahue";1;"3602";1;0;1;2;0;6;0;4;31;NA;1;4;4
"ronghanghu";1;"3593";1;0;1;2;15;0;0;5;28;NA;1;2;2
"jeffdonahue";1;"3591";8;0;2;9;1717;1;4;4;267;0;6;217;15
"junshi15";1;"3590";6;7;1;2;47;0;44;7;40;1;2;211;30.5
"junshi15";1;"3588";6;7;1;4;19;10;44;2;43;1;3;120;20
"junshi15";1;"3587";4;0;1;1;2;0;8;6;30;2;3;168;43.5
"graphaelli";1;"3584";0;0;1;2;6;1;2;9;6;NA;NA;NA;NA
"Austriker";1;"3581";2;1;1;1;10;1;5;9;37;1;2;6;3
"errord";1;"3575";8;1;2;1;3;0;44;10;7;3;6;732;63.5
"BlGene";1;"3570";17;7;4;5;627;2;46;3;77;1;5;824;31
"gdh1995";1;"3545";4;1;1;1;1;1;16;7;69;0;3;30;6
"intelmm";1;"3536";10;6;1;1;61;32;9;8;8;1;3;754;45.5
"philkr";1;"3525";1;0;1;1;2;2;2;4;36;NA;1;18;18
"philkr";1;"3519";4;0;1;12;223;161;1;8;173;0;2;127;27
"elezar";1;"3518";47;16;1;6;349;0;53;7;101;0;5;3346;82
"jeffdonahue";1;"3496";1;0;1;1;62;74;27;5;20;NA;1;10;10
"fyu";1;"3490";1;0;1;2;2;2;0;5;10;NA;1;2;2
"longjon";1;"3487";2;0;6;16;479;155;0;6;104;1;2;8;4
"beijbom";1;"3471";16;11;3;3;815;0;71;8;40;1;6;820;32
"mnogu";1;"3468";1;0;1;1;2;2;0;6;4;NA;1;1;1
"jczaja";1;"3451";5;0;1;2;12;9;59;6;70;0;3;128;8
"flx42";1;"3439";5;0;1;2;11;0;2;5;9;0;3;148;27
"ianfhunter";1;"3432";1;0;0;0;0;0;0;2;6;NA;1;5;5
"eelstork";1;"3404";1;0;1;4;0;115;0;4;21;NA;1;34;34
"eelstork";1;"3395";2;2;1;1;8;9;5;5;29;0;2;10;5
"ronghanghu";1;"3389";0;0;1;1;0;28;0;6;14;NA;NA;NA;NA
"mohomran";1;"3388";11;1;1;5;264;1;57;3;127;1;7;484;39
"eelstork";1;"3378";9;1;2;1;31;13;4;6;134;0;2;255;14
"eelstork";1;"3365";9;0;1;1;2;2;426;4;52;1;5;275;21
"eelstork";1;"3363";1;0;1;1;1;1;0;6;16;NA;1;5;5
"eelstork";1;"3362";1;0;0;0;0;0;0;5;16;NA;1;2;2
"eelstork";1;"3361";6;0;1;7;42;35;7;6;73;0;2;114;18.5
"ronghanghu";1;"3359";1;0;1;1;1;1;0;5;15;NA;1;11;11
"lukeyeager";1;"3352";1;0;1;2;4;0;8;7;9;NA;1;3;3
"alexlee-gk";1;"3332";1;0;1;1;2;2;2;8;15;NA;1;11;11
"w1res";1;"3328";1;0;1;1;1;1;1;5;7;NA;1;5;5
"eelstork";1;"3323";1;0;1;1;0;3;2;3;7;NA;1;5;5
"eelstork";1;"3321";3;0;1;1;2;0;4;7;10;0;2;49;20
"eelstork";1;"3320";7;0;1;3;6;4;15;5;18;0.5;5;175;15
"shelhamer";1;"3315";4;0;1;224;4497;3568;21;3;161;0;3;72;13
"gdh1995";1;"3313";1;0;1;1;1;1;22;13;112;NA;1;16;16
"lukeyeager";1;"3311";31;10;1;8;42;10;74;7;120;0;9;1819;48.5
"gustavla";1;"3310";2;0;1;1;2;2;2;7;91;1;2;7;3.5
"cassinaj";1;"3308";1;0;2;1;1;1;0;3;4;NA;1;3;3
"ronghanghu";1;"3305";1;0;1;1;3;3;2;9;38;NA;1;1;1
"eelstork";1;"3303";1;0;0;0;0;0;0;5;46;NA;1;5;5
"eelstork";1;"3300";15;0;1;4;16;24;3;7;45;0;6;277;11
"kkhoot";1;"3299";16;0;2;2;69;62;7;2;65;0;4;1115;29
"sjbrown";1;"3297";1;0;0;0;0;0;80;11;18;NA;1;4;4
"cdoersch";1;"3296";14;1;1;4;89;32;17;6;204;0;3;1327;76
"timmeinhardt";1;"3295";1;0;1;2;10;8;5;3;62;NA;1;14;14
"panmari";1;"3294";2;0;1;1;7;7;5;11;17;2;2;9;4.5
"dgolden1";1;"3292";2;0;1;1;5;0;123;14;76;0;2;15;7.5
"ernest-tg";1;"3290";1;0;1;1;2;2;6;6;146;NA;1;5;5
"longjon";1;"3287";1;0;1;1;27;27;0;4;13;NA;1;6;6
"longjon";1;"3286";2;0;1;1;4;0;0;5;27;0;2;187;93.5
"longjon";1;"3285";0;0;1;1;2;8;27;9;118;NA;NA;NA;NA
"lukeyeager";1;"3276";3;0;1;1;1;1;0;5;78;0;2;83;12
"darxriggs";1;"3275";1;0;1;1;1;1;2;5;0;NA;1;13;13
"ixartz";1;"3272";3;2;1;2;11;0;289;10;24;140.5;3;172;73
"cbalint13";1;"3267";9;0;1;2;32;3;31;8;54;0.5;3;555;47
"kli-nlpr";1;"3261";1;0;1;1;1;1;18;2;14;NA;1;5;5
"ronghanghu";1;"3254";5;0;1;1;0;2;0;3;27;0;5;229;34
"shelhamer";1;"3235";0;0;1;1;1;1;19;8;19;NA;NA;NA;NA
"rodrigob";1;"3234";2;0;1;1;0;2;0;5;22;0;1;13;6.5
"cdoersch";1;"3229";74;32;2;11;1139;2;2;5;122;0;10;1597;38
"kkhoot";1;"3226";4;0;2;165;89;395;2;2;91;0;3;48;12
"eelstork";1;"3221";1;0;1;1;10;2;5;3;61;NA;1;5;5
"shelhamer";1;"3219";0;0;1;1;2;2;0;5;10;NA;NA;NA;NA
"shelhamer";1;"3218";0;0;1;1;2;1;0;5;22;NA;NA;NA;NA
"eelstork";1;"3217";1;0;1;1;2;2;0;9;17;NA;1;7;7
"shelhamer";1;"3211";14;2;6;27;295;332;133;6;336;0;4;886;56
"ronghanghu";1;"3207";0;0;1;2;20;1;0;8;14;NA;NA;NA;NA
"shelhamer";1;"3206";2;2;1;1;76;106;0;6;32;0;2;115;57.5
"shelhamer";1;"3205";2;0;1;1;0;2;2;4;30;0;2;69;34.5
"shelhamer";1;"3204";0;0;1;2;70;70;0;4;23;NA;NA;NA;NA
"lukeyeager";1;"3200";4;6;1;2;50;2;0;5;6;0;2;95;8.5
"DrSleep";1;"3190";2;0;1;1;3;3;3;6;0;406;2;14;7
"bchu";1;"3189";1;0;1;1;1;1;4;7;2;NA;1;4;4
"akash1810";1;"3187";1;0;1;1;1;0;0;5;19;NA;1;19;19
"lionleaf";1;"3186";8;1;1;2;9;1;9;7;154;0;4;239;26.5
"mausoomsarkar";1;"3185";2;5;1;1;22;22;6;3;22;1;1;21;10.5
"lalelale";1;"3184";1;0;1;1;2;2;0;2;15;NA;1;3;3
"bchu";1;"3182";3;0;1;1;1;1;6;8;12;2.5;3;98;19
"sh1r0";1;"3170";1;0;1;1;4;8;3;9;25;NA;1;3;3
"eerwitt";1;"3164";2;0;1;1;3;3;0;5;16;0;1;19;9.5
"kkhoot";1;"3162";3;2;1;2;25;60;4;8;93;0.5;2;89;20
"shelhamer";1;"3160";3;2;1;11;692;56;10;5;63;4.5;3;115;37
"jeffdonahue";1;"3152";0;0;1;2;2;2;0;5;12;NA;NA;NA;NA
"kashefy";1;"3133";2;0;1;1;3;0;0;7;65;0;2;15;7.5
"bwilbertz";1;"3132";6;1;1;2;27;13;118;9;63;3;3;97;16.5
"yang-song";1;"3128";1;0;1;1;1;1;0;3;6;NA;1;3;3
"lukeyeager";1;"3127";5;0;1;1;1;1;44;5;36;0.5;4;101;20
"ducha-aiki";1;"3118";1;0;1;1;6;1;0;7;37;NA;1;4;4
"ronghanghu";1;"3116";8;0;4;29;1463;1047;22;10;174;0;2;199;25.5
"lukeyeager";1;"3115";1;0;1;1;2;2;0;2;27;NA;1;7;7
"shelhamer";1;"3112";3;2;3;1;20;6;1;4;56;0;2;37;12
"longjon";1;"3096";3;0;1;4;11;16;1;4;91;0;3;88;35
"longjon";1;"3095";2;0;1;1;1;1;0;10;35;3;2;203;101.5
"shelhamer";1;"3093";0;0;1;1;3;2;1;11;11;NA;NA;NA;NA
"longjon";1;"3090";2;0;1;1;140;0;81;7;882;0;2;28;14
"shelhamer";1;"3089";2;0;3;3;80;77;28;6;32;0;2;12;6
"lukeyeager";1;"3088";10;0;2;8;39;7;33;9;34;0;2;523;47.5
"yanchen036";1;"3083";1;0;1;2;15;15;1;8;8;NA;1;12;12
"gustavla";1;"3082";6;0;2;3;17;7;43;4;38;50;6;130;21.5
"shelhamer";1;"3081";2;0;1;2;10;5;0;5;14;1;2;5;2.5
"ronghanghu";1;"3074";0;0;1;1;1;0;1;8;15;NA;NA;NA;NA
"ronghanghu";1;"3073";6;2;1;2;14;9;10;7;37;0;2;252;41.5
"mohomran";1;"3070";1;0;1;1;1;1;1;12;91;NA;1;2;2
"timmeinhardt";1;"3069";8;3;5;4;205;28;16;10;122;1;4;641;56
"ronghanghu";1;"3063";0;0;1;1;2;2;0;5;24;NA;NA;NA;NA
"zoharby";1;"3058";6;2;1;2;32;0;24;8;10;0;2;560;30.5
"seanbell";1;"3049";3;4;1;2;21;0;5;10;69;201.5;3;48;14
"seanbell";1;"3048";1;0;1;1;1;1;0;6;0;NA;1;3;3
"ronghanghu";1;"3032";1;0;1;1;6;0;21;5;33;NA;1;25;25
"ronghanghu";1;"3027";1;0;1;1;6;6;0;5;24;NA;1;7;7
"CDLuminate";1;"3026";1;0;1;1;1;1;0;3;7;NA;1;2;2
"danielgordon10";1;"3024";13;0;1;3;12;2;1;11;0;0;4;381;25
"jeffdonahue";1;"3023";1;0;1;1;5;6;1;3;30;NA;1;5;5
"jeffdonahue";1;"3022";1;0;1;1;3;0;146;3;23;NA;1;19;19
"philkr";1;"3020";6;0;1;1;22;0;288;5;23;0;5;54;9.5
"jeffdonahue";1;"3014";3;0;2;7;68;4;1;3;108;0;2;29;10
"lukeyeager";1;"3012";1;0;1;1;4;2;0;5;15;NA;1;2;2
"darrengarvey";1;"3011";1;0;1;5;5;0;1;6;41;NA;1;25;25
"darrengarvey";1;"3010";2;0;1;1;1;1;1;5;12;0;2;52;26
"darrengarvey";1;"3009";1;3;1;2;1;2;1;4;18;NA;1;2;2
"darrengarvey";1;"3008";1;0;1;4;6;6;0;5;4;NA;1;23;23
"philkr";1;"3007";1;0;1;1;1;1;0;5;37;NA;1;38;38
"longjon";1;"2998";6;3;1;1;3;1;1;8;291;0;4;228;33
"mattdawkins";1;"2990";1;0;1;1;2;0;6;6;14;NA;1;4;4
"jyegerlehner";1;"2989";1;0;1;1;0;1;0;7;15;NA;1;2;2
"marco-c";1;"2984";2;0;1;1;1;1;319;11;0;284;2;22;11
"maaskola";1;"2981";1;0;1;1;3;3;0;6;33;NA;1;31;31
"lukeyeager";1;"2978";6;5;2;3;36;7;29;5;67;0;3;110;12
"jeffdonahue";1;"2972";2;0;2;3;25;14;0;6;158;0;2;69;34.5
"ronghanghu";1;"2970";0;0;1;2;39;7;2;10;83;NA;NA;NA;NA
"cdoersch";1;"2966";2;0;1;4;374;0;51;10;78;9;1;116;58
"jyegerlehner";1;"2964";5;2;1;3;27;8;2;2;109;0;2;558;43
"longjon";1;"2963";1;0;1;1;0;6;2;5;24;NA;1;19;19
"jeffdonahue";1;"2959";7;1;1;2;9;4;12;9;75;0;4;1026;81
"dplarson";1;"2951";1;0;1;1;1;1;35;7;17;NA;1;6;6
"lukeyeager";1;"2950";1;0;1;11;66;44;1;7;16;NA;1;2;2
"jeffdonahue";1;"2949";1;0;1;1;2;1;1;6;48;NA;1;1;1
"BlGene";1;"2947";1;0;1;1;1;2;0;2;15;NA;1;2;2
"philkr";1;"2944";5;0;2;2;71;1;8;6;170;1.5;3;213;32
"thatguymike";1;"2941";5;2;2;1;26;0;27;6;6;0;2;254;41
"rmanor";1;"2935";14;10;1;3;134;1;7;4;0;0;6;883;15
"ronghanghu";1;"2931";2;0;1;1;13;2;0;3;60;0;1;50;25
"lukeyeager";1;"2930";4;1;1;4;34;11;5;4;127;2;3;172;24
"cypof";1;"2928";3;1;1;1;4;2;0;8;29;0;2;10;3
"jeffdonahue";1;"2927";2;0;1;2;33;7;11;8;90;0;2;10;5
"flx42";1;"2925";1;0;1;1;2;0;0;9;27;NA;1;4;4
"ronghanghu";1;"2924";2;0;1;1;3;1;0;7;16;0;2;136;68
"buaaliyi";1;"2921";2;0;1;1;7;2;0;5;14;0;2;58;29
"PatWie";1;"2920";1;0;1;1;78;1;0;5;13;NA;1;5;5
"ronghanghu";1;"2918";7;3;2;6;307;28;0;2;86;0;3;196;30
"ajkl";1;"2917";1;0;1;1;1;1;166;4;18;NA;1;43;43
"jeffdonahue";1;"2909";1;0;1;1;1;0;0;2;133;NA;1;28;28
"ronghanghu";1;"2903";67;0;11;35;1769;312;2;7;317;0;4;1756;37.5
"Russell91";1;"2897";1;0;1;1;1;1;0;2;0;NA;1;5;5
"mfigurnov";1;"2894";0;0;1;1;2;1;20;5;114;NA;NA;NA;NA
"fyu";1;"2891";2;0;1;1;1;1;2;3;13;1;2;29;14.5
"ronghanghu";1;"2888";0;0;1;1;58;98;0;5;33;NA;NA;NA;NA
"shelhamer";1;"2887";2;0;2;4;45;24;1;6;45;1;2;34;17
"jeffdonahue";1;"2886";1;0;1;2;2;2;0;8;56;NA;1;29;29
"tianzhi0549";1;"2884";1;0;1;1;1;1;0;5;2;NA;1;4;4
"koki0702";1;"2880";1;0;1;1;2;2;0;2;9;NA;1;5;5
"jeffdonahue";1;"2877";2;0;1;1;5;0;1;5;31;1;2;44;22
"shelhamer";1;"2876";0;0;2;2;6;6;0;7;36;NA;NA;NA;NA
"gut";1;"2873";3;4;0;0;0;0;5;7;5;2;2;203;68
"shelhamer";1;"2871";11;3;1;3;66;0;1;5;47;0;5;258;19
"shelhamer";1;"2870";11;5;9;31;1619;297;7;1;172;0.5;5;485;27
"ronghanghu";1;"2867";8;4;1;6;353;48;3;5;96;0;4;168;17
"jeffdonahue";1;"2866";9;4;3;5;340;136;1;3;153;0;3;379;34
"philkr";1;"2865";6;3;1;3;34;0;156;8;25;0;2;458;80.5
"philkr";1;"2859";1;0;1;2;6;3;0;13;81;NA;1;9;9
"longjon";1;"2837";8;0;1;1;30;0;3;10;127;0;6;258;10.5
"erictzeng";1;"2836";15;2;5;20;662;151;8;7;532;0;6;790;35
"longjon";1;"2813";2;0;6;2;38;13;15;7;291;1;2;5;2.5
"philkr";1;"2812";1;0;1;2;14;0;25;6;9;NA;1;8;8
"Franck-Dernoncourt";1;"2807";1;0;0;0;0;0;0;4;0;NA;1;1;1
"EricZeiberg";1;"2785";3;0;0;0;0;0;1;4;24;0;3;39;16
"matthiasplappert";1;"2782";13;31;3;7;365;2;24;3;39;0.5;3;757;37
"kashefy";1;"2762";1;0;1;1;1;1;2;5;28;NA;1;1;1
"yosssi";1;"2750";1;0;1;1;1;1;1;2;8;NA;1;1;1
"glebm";1;"2748";1;0;1;1;1;1;1;4;0;NA;1;1;1
"philkr";1;"2742";1;0;1;1;0;1;0;5;7;NA;1;30;30
"philkr";1;"2740";0;5;1;12;90;33;11;8;132;NA;NA;NA;NA
"AdamStelmaszczyk";1;"2739";1;0;1;1;1;2;3;6;12;NA;1;3;3
"lukeyeager";1;"2716";1;0;1;12;25;25;0;3;16;NA;1;5;5
"philkr";1;"2714";3;1;1;3;10;7;1;5;11;0;2;61;4
"semitrivial";1;"2712";3;0;1;1;2;2;3;12;7;1;3;114;44
"AdamStelmaszczyk";1;"2693";6;0;1;1;4;4;146;7;33;0;2;141;19.5
"lukeyeager";1;"2676";1;0;1;1;2;1;1;8;11;NA;1;16;16
"shelhamer";1;"2667";0;0;4;22;25367;22875;0;4;110;NA;NA;NA;NA
"berleon";1;"2636";1;0;1;1;2;2;0;5;8;NA;1;5;5
"mlopezantequera";1;"2634";1;0;1;1;1;1;46;2;11;NA;1;3;3
"dpaiton";1;"2611";1;0;1;1;7;4;6;7;92;NA;1;30;30
"lukeyeager";1;"2609";1;0;1;1;15;18;3;5;75;NA;1;5;5
"ajschumacher";1;"2605";1;0;1;1;1;1;1;8;11;NA;1;2;2
"lukeyeager";1;"2583";4;1;1;1;10;10;54;5;26;0;2;59;6.5
"lukeyeager";1;"2579";3;0;1;1;1;1;14;5;46;6;3;43;13
"flx42";1;"2572";4;5;1;2;54;8;67;10;46;17;3;71;17.5
"ShaggO";1;"2551";1;0;1;2;57;47;0;7;16;NA;1;17;17
"kibum14";1;"2536";1;0;1;1;0;63;0;8;13;NA;1;2;2
"shelhamer";1;"2532";3;0;1;2;2;5;1;3;26;0.5;3;149;31
"shelhamer";1;"2528";3;0;1;1;4;4;0;5;36;0;3;122;38
"ronghanghu";1;"2527";3;0;1;3;42;32;0;13;144;0;2;165;59
"eelstork";1;"2523";53;12;3;40;266;61;112;5;94;0;6;663;17
"MartinThoma";1;"2522";1;0;1;2;109;67;3;3;10;NA;1;5;5
"shelhamer";1;"2518";7;0;3;2;202;299;0;9;46;0;3;233;36
"norouzi";1;"2514";1;0;2;1;3;2;4;22;105;NA;1;4;4
"flx42";1;"2511";2;0;13;12;80;90;4;6;182;0;2;140;70
"ronghanghu";1;"2505";20;0;8;34;1425;869;5;1;1664;0;6;1206;32.5
"flx42";1;"2498";6;6;1;2;332;0;9;6;15;0;4;195;32.5
"longjon";1;"2493";1;0;4;2;166;154;10;9;241;NA;1;23;23
"kibum14";1;"2488";1;0;1;2;2;2;0;4;6;NA;1;5;5
"tiangolo";1;"2486";6;0;2;7;39808;3477;4;8;132;1;3;545;67
"ronghanghu";1;"2484";2;0;1;1;2;2;1;8;87;1;2;36;18
"longjon";1;"2482";2;0;1;1;3;30;0;6;49;0;2;13;6.5
"Nerei";1;"2468";0;0;1;1;11;0;15;8;66;NA;NA;NA;NA
"MartinThoma";1;"2467";2;0;1;3;86;64;0;10;32;1;2;73;36.5
"ducha-aiki";1;"2466";2;0;1;4;7;43;1;9;28;1;2;79;39.5
"longjon";1;"2456";1;0;1;1;6;7;0;10;42;NA;1;11;11
"MartinThoma";1;"2443";4;0;1;8;103;83;0;9;0;0;4;68;18.5
"gustavla";1;"2441";1;0;1;1;1;1;0;7;27;NA;1;35;35
"longjon";1;"2426";1;0;1;1;1;0;0;8;35;NA;1;3;3
"tnarihi";1;"2414";1;0;2;3;9;7;1;8;50;NA;1;7;7
"sguada";1;"2410";2;0;4;7;205;99;26;2;76;0;1;52;26
"cnDelbert";1;"2400";1;0;1;1;1;1;32;5;54;NA;1;4;4
"Nerei";1;"2393";1;0;1;2;2;2;1;9;31;NA;1;3;3
"gdh1995";1;"2370";1;0;2;2;3;3;0;5;28;NA;1;93;93
"jeffdonahue";1;"2369";4;0;1;1;6;2;4;8;64;3;3;146;43.5
"wakamori";1;"2365";1;0;1;1;2;2;3;7;24;NA;1;2;2
"pgao";1;"2352";2;0;1;1;1;1;3;5;41;0;2;29;14.5
"dgolden1";1;"2350";8;0;1;1;102;63;38;4;164;3;3;367;13.5
"flx42";1;"2330";6;0;1;1;3;0;8;10;3;0;2;192;27
"nickcarlevaris";1;"2321";11;0;3;4;108;18;25;15;89;3;6;751;58
"akiomik";1;"2295";1;0;1;1;1;1;0;4;0;NA;1;5;5
"eerwitt";1;"2287";1;0;1;1;1;1;0;8;29;NA;1;11;11
"sguada";1;"2278";7;0;1;6;238;191;69;2;37;6;3;453;53
"Ashwani001";1;"2274";5;0;2;1;7;5;38;2;7;0;2;104;20
"jyegerlehner";1;"2253";37;11;1;5;268;10;141;3;210;0;7;1296;27
"dwt";1;"2245";1;0;1;1;12;0;60;7;8;NA;1;14;14
"nsubtil";1;"2240";1;0;1;5;120;2;58;6;285;NA;1;66;66
"tnarihi";1;"2231";3;0;1;1;0;1;0;11;96;0;2;381;23
"small-yellow-duck";1;"2224";1;0;1;1;8;6;2;9;44;NA;1;4;4
"jeffdonahue";1;"2217";6;1;4;5;519;1;49;3;96;1;3;802;44
"nsubtil";1;"2211";3;5;1;2;17;4;0;9;24;0;2;53;15
"jeffdonahue";1;"2201";1;0;1;7;174;168;50;13;36;NA;1;8;8
"lukeyeager";1;"2199";1;0;1;1;1;1;2;4;64;NA;1;16;16
"lukeyeager";1;"2192";5;0;2;2;2;2;2;3;72;0.5;3;102;17
"Lewuathe";1;"2178";1;0;1;2;2;2;1;3;5;NA;1;1;1
"pgao";1;"2177";36;9;1;4;409;1;54;4;68;0;9;1267;23.5
"longjon";1;"2168";4;0;1;3;0;3;55;5;53;0;3;60;15.5
"longjon";1;"2165";1;0;1;4;1;8;55;5;24;NA;1;5;5
"jeffdonahue";1;"2163";1;0;1;2;66;25;74;4;51;NA;1;5;5
"TorosFanny";1;"2160";0;0;0;0;0;0;6;4;0;NA;NA;NA;NA
"tishibas";1;"2144";1;0;1;1;1;1;315;8;59;NA;1;3;3
"kentashoji";1;"2127";1;0;1;1;1;1;2;5;0;NA;1;17;17
"jeffdonahue";1;"2118";0;0;2;4;68;16;0;3;15;NA;NA;NA;NA
"longjon";1;"2115";3;3;1;3;2;24;62;6;26;0;2;21;8
"5kg";1;"2107";1;0;2;1;7;7;81;5;11;NA;1;4;4
"mtamburrano";1;"2095";9;16;1;4;191;4;66;5;55;1.5;3;177;7
"jeffdonahue";1;"2090";5;3;1;8;378;1;85;1;39;10;3;308;73
"jeffdonahue";1;"2089";4;4;1;5;599;1;85;1;188;0;2;85;21
"longjon";1;"2086";18;2;3;4;325;0;112;3;42;12;12;1413;53.5
"jeffdonahue";1;"2083";5;1;2;5;332;1;170;1;70;84.5;3;132;20
"jeffdonahue";1;"2082";2;0;1;3;68;10;86;8;16;0;2;29;14.5
"longjon";1;"2079";5;0;1;3;59;1;427;7;130;1.5;3;158;19
"jeffdonahue";1;"2076";1;0;3;4;154;28;0;6;136;NA;1;32;32
"jeffdonahue";1;"2072";1;0;1;1;8;5;66;9;19;NA;1;11;11
"caotto";1;"2066";1;0;1;1;1;1;2;8;31;NA;1;2;2
"drohit92";1;"2064";1;0;1;1;2;2;86;5;16;NA;1;4;4
"philkr";1;"2059";0;0;1;2;6;0;0;6;6;NA;NA;NA;NA
"shelhamer";1;"2058";1;2;10;15;1083;787;2;5;132;NA;1;24;24
"philkr";1;"2056";1;0;1;1;1;1;1;6;20;NA;1;6;6
"tishibas";1;"2055";1;0;1;1;7;3;1;7;13;NA;1;4;4
"jeffdonahue";1;"2049";67;0;3;21;1594;321;197;4;187;1;10;3247;57.5
"shelhamer";1;"2038";0;0;4;18;187;97;19;2;169;NA;NA;NA;NA
"shelhamer";1;"2037";0;0;1;2;6;5;2;8;47;NA;NA;NA;NA
"jeffdonahue";1;"2035";0;0;1;1;1;0;0;4;24;NA;NA;NA;NA
"jeffdonahue";1;"2032";3;0;4;7;488;4;174;2;119;231.5;3;237;15
"lukeyeager";1;"2031";1;0;1;1;9;4;0;6;24;NA;1;9;9
"danielhamngren";1;"2010";3;0;1;1;1;0;6;4;70;9.5;3;87;34
"boechat107";1;"1999";1;0;1;1;14;14;0;7;18;NA;1;8;8
"tnarihi";1;"1987";1;0;1;1;8;12;9;4;7;NA;1;2;2
"shelhamer";1;"1977";17;7;8;12;145;41;93;11;282;0;6;1082;50
"jeffdonahue";1;"1970";12;7;35;46;916;644;7;10;102;0;5;547;37
"tnarihi";1;"1969";2;0;1;1;1;1;78;7;45;78;2;29;14.5
"philkr";1;"1966";4;0;1;2;3;3;7;8;24;0;3;66;13.5
"sergeyk";1;"1961";1;0;1;1;1;1;0;6;24;NA;1;20;20
"gustavla";1;"1960";1;0;1;1;2;1;0;7;128;NA;1;15;15
"philkr";1;"1955";1;0;1;1;8;1;1;11;36;NA;1;2;2
"spmallick";1;"1948";2;0;1;1;1;1;0;6;0;0;2;67;33.5
"jsupancic";1;"1941";1;0;1;1;1;1;2;6;23;NA;1;11;11
"tnarihi";1;"1940";60;7;1;5;563;1;18;3;7;0;6;1960;42.5
"Nerei";1;"1939";2;0;4;4;21;7;0;9;59;0;2;18;9
"shelhamer";1;"1926";1;0;1;1;1;0;3;4;18;NA;1;41;41
"philkr";1;"1923";8;9;1;9;56;16;3;10;69;0;4;258;20
"erictzeng";1;"1922";1;0;2;2;54;23;26;7;123;NA;1;9;9
"shelhamer";1;"1921";0;0;1;1;6;1;0;6;29;NA;NA;NA;NA
"eerwitt";1;"1914";1;0;1;1;1;1;0;3;19;NA;1;4;4
"philkr";1;"1910";4;2;1;7;126;6;1;9;46;1;3;155;31
"shelhamer";1;"1907";2;0;1;1;5;3;0;6;12;69;2;43;21.5
"shelhamer";1;"1902";0;0;3;10;678;538;0;4;56;NA;NA;NA;NA
"philkr";1;"1899";0;0;1;15;56;56;1;4;52;NA;NA;NA;NA
"shelhamer";1;"1887";0;0;6;10;365;287;0;1;85;NA;NA;NA;NA
"tnarihi";1;"1884";1;0;1;1;8;8;0;7;33;NA;1;5;5
"bamos";1;"1879";1;0;0;0;0;0;0;4;2;NA;1;2;2
"philkr";1;"1878";3;4;1;7;72;95;1;2;98;0;2;44;16
"jeffdonahue";1;"1874";0;0;1;1;34;19;0;4;52;NA;NA;NA;NA
"jeffdonahue";1;"1851";1;0;1;9;37;6;0;9;55;NA;1;2;2
"shelhamer";1;"1849";5;0;68;117;3960;2356;11;3;749;0.5;4;233;44
"shelhamer";1;"1842";4;0;2;1;26;29;10;2;95;0;3;154;34.5
"shelhamer";1;"1841";5;0;1;2;6;0;3;7;58;1;3;318;48
"shelhamer";1;"1840";1;0;1;1;1;1;0;9;69;NA;1;3;3
"DmitryUlyanov";1;"1838";3;0;1;1;1;1;3;15;72;1.5;2;48;1
"shelhamer";1;"1837";0;0;1;1;2;4;0;7;29;NA;NA;NA;NA
"jeffdonahue";1;"1836";2;0;1;2;8;0;0;6;45;0;1;139;69.5
"boechat107";1;"1817";2;0;1;1;20;0;0;7;13;0;2;26;13
"shelhamer";1;"1794";1;0;1;1;0;82;5;3;31;NA;1;1;1
"shelhamer";1;"1790";9;1;7;34;134;162;25;4;156;2;4;633;32
"SaganBolliger";1;"1789";10;0;1;3;138;2;15;4;108;0;3;628;57.5
"shelhamer";1;"1787";1;0;1;1;1;1;0;7;14;NA;1;3;3
"xianjiec";1;"1786";4;0;1;1;3;3;0;5;9;0;2;122;27
"jeffdonahue";1;"1757";1;1;3;7;165;2;26;2;60;NA;1;5;5
"jeffdonahue";1;"1756";3;2;1;1;3;1;1;8;67;0;2;38;16
"jeffdonahue";1;"1755";1;0;1;1;24;24;7;3;35;NA;1;9;9
"jeffdonahue";1;"1754";2;0;1;2;6;3;6;3;20;0;2;20;10
"jeffdonahue";1;"1753";1;0;5;7;241;2;11;3;59;NA;1;68;68
"longjon";1;"1748";3;17;4;18;519;2031;11;3;171;3.5;3;278;102
"yosinski";1;"1747";0;0;1;1;1;1;1;6;22;NA;NA;NA;NA
"dineshj1";1;"1746";3;0;1;3;125;0;8;6;36;7.5;3;11;4
"shelhamer";1;"1740";5;0;1;2;21;14;0;6;124;1;2;165;25
"shelhamer";1;"1728";0;0;1;9;52;59;1;8;53;NA;NA;NA;NA
"pannous";1;"1724";1;0;1;1;4;0;0;9;0;NA;1;18;18
"longjon";1;"1705";1;0;1;1;2;1;6;5;79;NA;1;13;13
"longjon";1;"1704";0;0;1;1;2;2;6;6;41;NA;NA;NA;NA
"longjon";1;"1703";18;0;16;18;405;369;38;9;455;0;10;1077;48
"jeffdonahue";1;"1694";20;0;13;85;5568;3817;29;5;190;1;6;1214;61
"longjon";1;"1686";1;2;1;4;70;45;9;4;106;NA;1;1;1
"seanbell";1;"1662";3;0;1;1;10;4;16;8;37;8;2;31;5
"longjon";1;"1661";1;0;1;1;4;0;1;6;57;NA;1;28;28
"jeffdonahue";1;"1658";1;0;2;1;8;1;0;3;112;NA;1;42;42
"longjon";1;"1656";1;0;1;1;1;5;0;10;24;NA;1;10;10
"longjon";1;"1655";3;0;1;2;1;31;0;12;40;0;2;34;9
"longjon";1;"1654";13;8;5;4;110;11;31;6;117;0;4;455;30
"shelhamer";1;"1650";2;0;2;6;31;24;4;6;180;0;2;15;7.5
"longjon";1;"1648";1;0;1;1;1;1;0;5;23;NA;1;5;5
"longjon";1;"1645";1;0;1;1;0;11;0;7;2;NA;1;12;12
"longjon";1;"1636";2;0;1;1;2;1;1;8;51;0;2;41;20.5
"7hil";1;"1632";1;0;1;2;8;4;32;5;33;NA;1;5;5
"cypof";1;"1629";7;0;0;0;0;0;23;3;33;2.5;4;909;55
"longjon";1;"1615";15;4;6;8;794;341;41;7;517;3;8;1008;29
"sguada";1;"1612";2;0;8;17;4366;14;8;3;33;0;2;77;38.5
"sguada";1;"1608";2;0;2;6;14;3;0;6;10;0;2;11;5.5
"kjkjava";1;"1607";1;0;2;4;5;5;1;4;22;NA;1;55;55
"sguada";1;"1598";36;0;1;5;4228;0;2;5;193;0;11;1538;31
"longjon";1;"1585";0;0;1;1;1;0;9;4;46;NA;NA;NA;NA
"longjon";1;"1561";2;0;1;2;33;30;18;4;74;1;2;39;19.5
"hojonathanho";1;"1558";1;0;1;1;2;0;5;8;25;NA;1;5;5
"dgolden1";1;"1555";3;0;1;2;142;26;47;6;205;22.5;3;12;2
"schenker";1;"1551";6;3;0;0;0;0;10;9;71;0;2;46;7
"dgolden1";1;"1527";1;0;1;1;2;2;5;4;47;NA;1;4;4
"dgolden1";1;"1516";2;0;1;1;24;13;6;8;42;11;2;51;25.5
"longjon";1;"1505";1;0;1;1;0;3;0;5;23;NA;1;1;1
"longjon";1;"1473";9;0;4;7;154;4;58;2;150;0;4;169;20
"longjon";1;"1472";6;2;4;1;40;100;35;6;89;6;4;378;33.5
"longjon";1;"1469";6;0;2;1;2;1;2;8;24;0;3;227;33
"ixartz";1;"1461";1;0;1;1;1;1;106;5;16;NA;1;22;22
"seanbell";1;"1455";1;0;2;3;103;5;7;8;87;NA;1;45;45
"mprat";1;"1449";2;0;1;1;1;0;42;3;14;42;2;17;8.5
"pcampr";1;"1434";1;0;1;1;1;1;64;4;0;NA;1;2;2
"Yangqing";1;"1432";0;0;1;1;5;2;0;5;10;NA;NA;NA;NA
"Yangqing";1;"1417";0;0;2;2;20;10;0;5;55;NA;NA;NA;NA
"dgolden1";1;"1406";7;0;0;0;0;0;32;9;98;0;3;590;79
"ariandyy";1;"1397";1;0;0;0;0;0;123;2;12;NA;1;21;21
"rohitgirdhar";1;"1388";1;0;1;1;4;4;76;4;24;NA;1;5;5
"dgolden1";1;"1384";12;0;0;0;0;0;38;3;511;0;4;808;29
"baeuml";1;"1344";0;0;0;0;0;0;1;10;0;NA;NA;NA;NA
"ryotat";1;"1335";5;0;2;3;16;49;88;10;11;0.5;3;120;23
"tleyden";1;"1332";1;0;1;1;2;3;0;8;1;NA;1;21;21
"jackculpepper";1;"1326";3;0;1;2;2;3;1;10;88;0;3;219;65
"sguada";1;"1320";0;0;1;1;0;10;0;4;4;NA;NA;NA;NA
"kmatzen";1;"1319";2;0;1;5;92;65;1;5;55;0;2;186;93
"sergeyk";1;"1315";0;0;1;2;9;8;0;5;0;NA;NA;NA;NA
"shelhamer";1;"1313";13;11;2;6;145;8;123;9;69;1;6;561;38
"dgolden1";1;"1309";0;0;0;0;0;0;0;3;8;NA;NA;NA;NA
"sguada";1;"1308";0;0;1;2;6;6;0;5;6;NA;NA;NA;NA
"crizCraig";1;"1296";1;0;1;1;6;4;0;6;3;NA;1;6;6
"sguada";1;"1293";0;0;1;2;8;8;0;9;9;NA;NA;NA;NA
"sguada";1;"1288";4;0;1;6;208;0;0;6;40;0;2;156;22.5
"jeffdonahue";1;"1283";0;0;1;2;12;1;0;6;38;NA;NA;NA;NA
"Yangqing";1;"1277";0;0;1;9;40;42;0;4;26;NA;NA;NA;NA
"Yangqing";1;"1270";2;0;1;35;63;106;0;13;90;0;2;66;33
"Yangqing";1;"1269";0;0;1;2;3;2;0;5;17;NA;NA;NA;NA
"Yangqing";1;"1264";1;2;2;3;8;16;1;3;100;NA;1;2;2
"kmatzen";1;"1261";6;2;4;5;11;4;1;8;81;0;4;130;16.5
"Yangqing";1;"1258";1;8;2;37;72;39;1;5;123;NA;1;21;21
"sguada";1;"1239";23;2;11;16;599;91;8;8;191;0;6;1541;60
"kmatzen";1;"1238";34;14;22;21;1838;480;8;2;160;0;5;1787;24.5
"mlapin";1;"1236";8;4;1;8;46;39;101;3;142;0;5;426;34
"baeuml";1;"1232";1;0;0;0;0;0;1;7;51;NA;1;6;6
"longjon";1;"1228";8;7;2;4;45;42;92;6;38;4;4;325;38.5
"longjon";1;"1227";3;0;1;1;2;0;2;8;33;1;3;9;3
"longjon";1;"1226";4;0;1;1;1;1;2;5;133;0;3;134;35
"baeuml";1;"1223";1;0;0;0;0;0;0;10;36;NA;1;29;29
"sguada";1;"1221";0;0;1;1;2;1;1;6;6;NA;NA;NA;NA
"shelhamer";1;"1215";2;0;2;5;36;24;0;11;19;0;2;47;23.5
"sguada";1;"1214";10;0;1;4;44;6;0;12;47;0;4;417;48
"Yangqing";1;"1208";0;0;1;1;1;0;0;6;10;NA;NA;NA;NA
"BlGene";1;"1206";17;12;1;4;308;6;6;12;0;0;5;731;39
"jeffdonahue";1;"1204";2;0;2;8;332;2;1;3;28;0;2;167;83.5
"jeffdonahue";1;"1203";1;0;1;1;4;4;0;11;31;NA;1;3;3
"longjon";1;"1196";3;0;4;3;21;3;1;3;64;0;2;58;18
"longjon";1;"1195";1;0;2;2;8;0;9;6;113;NA;1;37;37
"jeffdonahue";1;"1191";2;0;5;3;16;12;0;2;82;0;1;70;35
"longjon";1;"1187";1;0;2;3;26;15;0;4;71;NA;1;20;20
"ashafaei";1;"1186";4;0;1;2;3;3;0;7;29;0;2;190;39.5
"ducha-aiki";1;"1179";8;0;2;1;2;3;7;8;34;0;4;222;30
"Yangqing";1;"1172";5;1;3;3;11;15;1;2;10;0;4;92;15
"Yangqing";1;"1167";16;2;11;7;226;170;4;2;255;0;8;421;22
"pluskid";1;"1166";4;0;3;5;6;6;3;5;29;0;4;56;14
"jjkjkj";1;"1161";2;0;1;1;2;0;2;3;19;0;2;41;20.5
"ducha-aiki";1;"1157";1;0;1;1;2;2;0;4;5;NA;1;21;21
"sguada";1;"1152";4;0;1;1;1;1;0;8;29;0;2;83;20
"ashafaei";1;"1149";6;5;1;2;15;6;1;7;77;0;2;148;22
"savy-91";1;"1147";1;0;1;1;1;1;2;4;22;NA;1;31;31
"ksimonyan";1;"1138";11;0;7;7;216;6;3;3;102;0;5;423;31
"shelhamer";1;"1128";1;0;2;9;30;31;1;6;72;NA;1;1;1
"shelhamer";1;"1126";2;0;3;5;47;338;0;7;61;0;2;96;48
"shelhamer";1;"1118";13;5;2;4;118;31;0;7;50;0;3;1001;75
"ronghanghu";1;"1117";1;0;1;1;3;3;1;7;66;NA;1;2;2
"rickardnorlander";1;"1115";1;0;1;1;1;1;1;6;15;NA;1;4;4
"shelhamer";1;"1112";0;0;421;297;17723;3255;0;3;322;NA;NA;NA;NA
"shelhamer";1;"1109";2;0;0;0;0;0;1;2;8;-1;2;34;17
"shelhamer";1;"1104";3;1;3;4;249;115;0;4;56;0;2;52;15
"cNikolaou";1;"1100";1;0;2;2;23;6;1;11;138;NA;1;1;1
"qipeng";1;"1096";1;0;2;2;20;2;14;8;15;NA;1;4;4
"dgolden1";1;"1093";1;0;0;0;0;0;0;12;55;NA;1;7;7
"ronghanghu";1;"1091";2;0;1;1;6;0;0;6;19;0;2;64;32
"shelhamer";1;"1088";1;0;1;1;8;7;0;6;23;NA;1;7;7
"longjon";1;"1083";1;0;1;2;11;9;0;12;116;NA;1;5;5
"bhack";1;"1077";5;1;3;1;5;31;2;6;3;0;3;65;12
"kloudkl";1;"1076";1;0;0;0;0;0;2;10;0;NA;1;4;4
"sguada";1;"1070";55;37;17;19;1153;194;23;9;25;0;6;1723;41
"bhack";1;"1067";2;0;1;1;3;3;1;4;0;0;2;10;5
"jeffdonahue";1;"1053";0;0;2;5;144;5;2;8;48;NA;NA;NA;NA
"shelhamer";1;"1052";0;0;1;1;2;2;0;3;9;NA;NA;NA;NA
"jeffdonahue";1;"1051";2;0;2;6;76;78;3;7;97;3;1;137;68.5
"jeffdonahue";1;"1050";0;0;1;1;3;1;0;7;166;NA;NA;NA;NA
"niuzhiheng";1;"1049";1;0;1;1;1;1;0;5;0;NA;1;4;4
"jyegerlehner";1;"1048";2;0;2;2;6;0;0;8;109;23;2;13;6.5
"shelhamer";1;"1046";7;0;9;30;2070;17;1;2;321;3;6;242;29
"akosiorek";1;"1045";1;0;3;1;48;11;1;7;60;NA;1;4;4
"jeffdonahue";1;"1044";0;0;2;6;48;60;1;6;22;NA;NA;NA;NA
"qipeng";1;"1040";1;0;1;1;5;5;0;4;0;NA;1;5;5
"sergeyk";1;"1039";2;0;2;5;1119;0;1;3;15;1;2;6;3
"longjon";1;"1036";2;0;1;2;5;1;1;8;22;1;2;17;8.5
"sergeyk";1;"1034";1;0;1;20;9;22;0;5;5;NA;1;8;8
"qipeng";1;"1033";1;0;1;1;1;1;0;8;0;NA;1;5;5
"dgolden1";1;"1031";4;0;0;0;0;0;0;3;6;0;2;65;13
"mohomran";1;"1025";1;0;1;1;1;1;0;5;26;NA;1;6;6
"longjon";1;"1023";1;0;3;3;15;6;0;5;47;NA;1;4;4
"shelhamer";1;"1022";3;2;13;7;288;160;6;7;132;1;1;36;6
"mohomran";1;"1015";1;3;1;1;12;10;0;3;124;NA;1;1;1
"longjon";1;"1014";3;0;9;3;321;310;1;4;69;0.5;2;30;9
"shelhamer";1;"1012";0;0;1;1;7;5;0;10;62;NA;NA;NA;NA
"YS-L";1;"1011";1;0;1;1;1;1;0;7;26;NA;1;4;4
"qipeng";1;"1010";4;3;3;4;46;6;0;5;7;0;2;43;11
"mohomran";1;"1008";3;1;4;5;146;43;2;9;108;0;2;91;32
"kloudkl";1;"1004";4;2;0;0;0;0;1;3;11;0;2;43;11
"shelhamer";1;"1003";0;2;2;36;111;113;1;2;24;NA;NA;NA;NA
"kloudkl";1;"1000";1;0;0;0;0;0;0;4;14;NA;1;9;9
"kloudkl";1;"995";17;3;0;0;0;0;6;9;12;0;4;802;32
"Yangqing";1;"993";0;0;1;1;0;5;0;8;19;NA;NA;NA;NA
"shelhamer";1;"984";2;0;1;1;1;5;0;8;34;2;2;19;9.5
"jeffdonahue";1;"981";0;0;2;6;51;8;1;13;169;NA;NA;NA;NA
"jeffdonahue";1;"980";1;0;1;1;1;1;0;6;16;NA;1;46;46
"jeffdonahue";1;"979";2;0;1;1;39;6;0;10;333;0;2;30;15
"ozancaglayan";1;"977";1;0;0;0;0;0;2;7;72;NA;1;14;14
"alfredtofu";1;"976";2;0;0;0;0;0;0;5;0;0;1;9;4.5
"shelhamer";1;"973";10;0;26;33;4622;299;10;8;117;0;5;362;20
"sergeyk";1;"970";10;11;2;5;613;0;6;7;63;0;2;291;28
"shelhamer";1;"963";1;0;4;12;196;61;0;7;33;NA;1;9;9
"jeffdonahue";1;"961";2;0;1;1;11;0;0;7;2;0;2;82;41
"nickcarlevaris";1;"959";17;4;1;14;1323;2;29;7;133;2.5;6;854;47
"longjon";1;"956";1;0;1;2;4;17;0;5;104;NA;1;6;6
"arntanguy";1;"954";8;0;2;11;303;249;2;10;109;0;5;401;41
"gcinbis";1;"951";8;0;1;1;1;0;43;8;60;0;3;916;102.5
"longjon";1;"945";11;0;1;122;1199;1197;32;10;271;0;6;945;44
"jeffdonahue";1;"943";5;0;1;5;146;57;1;16;124;0.5;3;396;33
"yosinski";1;"942";4;0;2;1;4;2;4;12;203;57;4;105;14
"ronghanghu";1;"940";5;5;4;7;191;105;3;2;80;1;3;397;86
"jeffdonahue";1;"936";2;0;1;3;95;18;2;10;0;0;2;394;197
"yosinski";1;"923";1;0;2;1;9;4;0;6;17;NA;1;21;21
"shelhamer";1;"921";3;0;3;4;30;23;0;7;60;0;2;36;9
"sergeyk";1;"917";7;4;12;42;385;278;22;13;46;0.5;4;123;17
"ashafaei";1;"914";2;0;1;1;3;0;1;6;31;0;2;8;4
"sergeyk";1;"910";2;0;2;2;19;5;0;3;0;14;1;9;4.5
"sergeyk";1;"909";2;0;1;6;9;6;0;11;0;0;2;4;2
"Yangqing";1;"904";1;0;1;3;16;2;0;7;26;NA;1;11;11
"ashafaei";1;"897";7;8;1;11;178;5;5;4;32;0;2;259;50
"kloudkl";1;"892";1;0;0;0;0;0;0;6;11;NA;1;1;1
"kloudkl";1;"891";3;0;0;0;0;0;0;5;9;0;2;88;16
"ronghanghu";1;"888";0;0;1;1;4;0;1;6;37;NA;NA;NA;NA
"shelhamer";1;"880";0;0;513;238;12214;6412;1;2;390;NA;NA;NA;NA
"shelhamer";1;"872";3;0;11;16;147;149;0;3;52;0;2;39;16
"shelhamer";1;"868";3;0;4;169;47;335;1;9;99;0.5;3;44;6
"jeffdonahue";1;"863";1;0;4;8;67;20;6;10;47;NA;1;94;94
"beam2d";1;"859";1;0;1;1;2;0;0;13;23;NA;1;8;8
"netheril96";1;"857";11;9;0;0;0;0;23;9;43;0.5;4;385;25
"jeffdonahue";1;"856";1;0;3;114;214;167;0;6;51;NA;1;6;6
"jeffdonahue";1;"855";0;0;2;3;352;2;0;2;121;NA;NA;NA;NA
"netheril96";1;"848";10;4;0;0;0;0;0;11;65;0;5;475;27.5
"qipeng";1;"846";16;7;7;7;531;2;8;3;14;0;5;895;31.5
"jeffdonahue";1;"840";0;0;3;3;58;6;0;12;79;NA;NA;NA;NA
"jeffdonahue";1;"839";0;0;1;1;41;16;0;5;0;NA;NA;NA;NA
"qipeng";1;"834";0;4;6;3;4;2;3;12;1;NA;NA;NA;NA
"bhack";1;"828";1;0;1;2;2;2;0;2;32;NA;1;68;68
"shelhamer";1;"825";2;0;1;1;3;1;0;4;78;0;2;23;11.5
"jeffdonahue";1;"823";0;0;1;1;1;1;0;6;11;NA;NA;NA;NA
"bhack";1;"822";3;0;1;1;3;5;1;11;0;0;2;28;6
"arntanguy";1;"820";1;0;1;1;1;1;0;7;20;NA;1;1;1
"shelhamer";1;"816";9;15;8;11;257;196;8;4;82;0.5;2;345;32
"sergeyk";1;"813";0;0;3;6;8;4;0;7;13;NA;NA;NA;NA
"Yangqing";1;"812";6;0;3;1;11;1;0;7;26;0;3;94;12.5
"akosiorek";1;"809";1;0;2;4;89;31;0;7;62;NA;1;11;11
"qipeng";1;"807";0;0;1;1;4;4;0;4;9;NA;NA;NA;NA
"jeffdonahue";1;"806";0;0;1;1;8;1;0;13;120;NA;NA;NA;NA
"alfredtofu";1;"805";0;0;0;0;0;0;0;2;6;NA;NA;NA;NA
"jeffdonahue";1;"803";0;0;3;6;23;2;0;7;55;NA;NA;NA;NA
"jeffdonahue";1;"802";0;0;1;1;8;1;0;8;37;NA;NA;NA;NA
"jeffdonahue";1;"800";5;1;3;2;42;35;0;11;142;0;2;361;27
"jeffdonahue";1;"796";3;0;2;6;180;15;0;12;939;0;2;875;6
"jeffdonahue";1;"793";0;0;1;2;104;14;1;5;67;NA;NA;NA;NA
"Yangqing";1;"789";9;4;6;16;218;187;1;2;91;0;3;425;44
"akosiorek";1;"784";2;0;4;6;59;46;0;3;59;895;2;9;4.5
"Yangqing";1;"776";4;1;8;5;53;25;0;4;50;0;2;60;9.5
"qipeng";1;"773";1;0;1;2;4;4;0;5;20;NA;1;16;16
"rbgirshick";1;"766";1;0;1;1;1;0;0;13;24;NA;1;3;3
"rbgirshick";1;"762";2;0;1;1;9;5;0;10;74;0;2;86;43
"bhack";1;"760";1;0;1;1;4;3;0;5;18;NA;1;2;2
"jeffdonahue";1;"755";4;5;2;6;455;2;0;6;19;0;3;66;12
"Yangqing";1;"752";0;0;1;42;33;113;0;3;22;NA;NA;NA;NA
"longjon";1;"743";3;0;1;1;3;1;0;10;61;4.5;3;28;6
"longjon";1;"742";1;0;7;17;74;79;0;10;113;NA;1;69;69
"qipeng";1;"740";10;3;2;4;54;9;3;2;53;0;3;794;24
"jeffdonahue";1;"734";13;1;4;31;1385;1373;10;2;180;0;2;2140;60
"longjon";1;"733";1;0;3;1;12;14;9;4;169;NA;1;16;16
"longjon";1;"732";4;0;2;2;5;4;0;4;36;0;3;216;37.5
"Yangqing";1;"730";0;0;1;2;4;0;0;5;17;NA;NA;NA;NA
"Yangqing";1;"718";9;2;5;42;37;113;1;3;55;0;3;311;34
"Yangqing";1;"716";3;0;3;18;29;40;0;3;52;0;2;56;11
"arntanguy";1;"710";4;0;1;6;144;139;13;6;127;1;3;386;91
"jeffdonahue";1;"698";0;0;1;1;11;8;0;10;37;NA;NA;NA;NA
"rbgirshick";1;"696";3;0;1;1;2;2;0;7;46;310.5;3;45;15
"jeffdonahue";1;"694";1;0;4;3;19;11;0;12;0;NA;1;37;37
"jeffdonahue";1;"686";5;0;10;87;1086;521;30;2;590;6.5;2;607;74
"jeffdonahue";1;"685";0;0;1;1;1;0;0;13;0;NA;NA;NA;NA
"jeffdonahue";1;"681";14;1;5;46;753;2011;1;3;113;0;3;520;25
"sergeyk";1;"679";2;0;1;6;421;1;0;5;9;0;1;47;23.5
"sergeyk";1;"675";1;0;4;21;428;420;1;3;99;NA;1;69;69
"jeffdonahue";1;"661";1;0;1;1;22;11;0;9;99;NA;1;6;6
"jeffdonahue";1;"660";4;0;5;8;264;110;6;4;41;0;2;595;167.5
"jeffdonahue";1;"649";1;0;2;1;76;19;0;10;197;NA;1;3;3
"jeffdonahue";1;"647";0;0;1;1;1;1;0;6;37;NA;NA;NA;NA
"kloudkl";1;"633";13;1;0;0;0;0;3;4;44;0;4;1016;42
"jeffdonahue";1;"624";6;0;1;5;89;1;61;12;28;0;4;244;23.5
"jeffdonahue";1;"623";25;0;20;31;1131;18;43;7;195;0;4;1591;24
"kloudkl";1;"615";24;7;0;0;0;0;16;5;77;0;7;730;23.5
"ronghanghu";1;"614";7;7;8;5;529;177;3;2;23;0.5;3;124;14
"shelhamer";1;"611";0;0;1;2;9;0;2;5;20;NA;NA;NA;NA
"jeffdonahue";1;"609";1;0;2;5;207;132;1;6;118;NA;1;3;3
"kloudkl";1;"602";2;0;0;0;0;0;1;3;52;0;2;59;29.5
"longjon";1;"594";13;2;19;44;575;210;77;7;388;3.5;5;1088;43
"robwhess";1;"587";18;0;0;0;0;0;25;6;56;0;5;2765;154.5
"shelhamer";1;"561";22;6;7;91;682;454;17;2;228;0;4;1542;46.5
"shelhamer";1;"555";12;7;8;35;127;161;6;7;158;0;4;466;29
"shelhamer";1;"554";0;0;1;1;5;1;0;13;22;NA;NA;NA;NA
"jamt9000";1;"549";1;0;1;1;3;2;7;7;37;NA;1;7;7
"shelhamer";1;"546";6;4;3;4;596;10;0;2;435;0;4;654;36.5
"jamt9000";1;"545";4;0;2;2;147;5;4;4;10;0;2;93;15
"shelhamer";1;"543";2;0;1;1;12;0;0;7;121;0;2;42;21
"sguada";1;"539";1;0;1;1;2;0;0;11;0;NA;1;2;2
"robwhess";1;"531";6;0;8;4;125;11;3;2;151;0;3;276;36
"crizCraig";1;"529";1;0;1;1;2;2;1;6;23;NA;1;8;8
"sguada";1;"522";16;0;5;20;160;104;6;3;92;0;6;812;41
"sguada";1;"521";4;0;1;1;5;6;1;7;21;0;3;62;18.5
"longjon";1;"518";9;0;4;5;130;24;31;7;79;1.5;3;961;62
"kloudkl";1;"511";4;9;0;0;0;0;10;8;0;1;3;44;9.5
"crizCraig";1;"510";1;0;1;1;1;1;10;10;2;NA;1;9;9
"kloudkl";1;"508";1;4;0;0;0;0;6;6;39;NA;1;5;5
"longjon";1;"507";4;0;1;1;3;1;1;8;65;0;3;245;54
"shelhamer";1;"505";10;7;5;12;360;116;43;7;93;1;4;1234;69.5
"jyegerlehner";1;"504";1;0;1;1;3;0;3;15;96;NA;1;5;5
"sguada";1;"502";7;4;5;4;53;21;14;6;14;0;2;260;32
"jeffdonahue";1;"497";11;0;2;58;635;283;13;4;269;0.5;5;768;59
"jeffdonahue";1;"496";0;0;1;1;36;65;0;8;80;NA;NA;NA;NA
"jeffdonahue";1;"495";3;0;2;2;124;87;1;3;141;0.5;3;62;20
"longjon";1;"488";15;4;16;24;63;58;16;4;115;0;4;708;43
"shelhamer";1;"482";43;0;7;7;801;294;2;6;108;0;5;2895;60
"jeffdonahue";1;"480";2;0;2;5;353;4;0;3;205;0;2;629;314.5
"jeffdonahue";1;"479";5;1;2;26;306;101;1;9;161;0;2;348;54
"kloudkl";1;"478";6;3;0;0;0;0;18;3;22;3;3;73;9.5
"jeffdonahue";1;"475";1;0;1;2;12;19;2;10;0;NA;1;3;3
"shelhamer";1;"473";7;0;2;4;137;22;3;4;70;0;3;464;49
"jeffdonahue";1;"471";3;0;2;2;32;4;3;5;44;3;2;258;112
"weinman";1;"469";6;1;2;3;47;22;9;8;112;3;3;415;21.5
"ghost";1;"466";1;0;1;1;4;0;5;11;0;NA;1;1;1
"shelhamer";1;"459";1;0;1;1;7;6;0;11;47;NA;1;5;5
"longjon";1;"456";1;0;1;1;2;2;0;8;12;NA;1;1;1
"shelhamer";1;"455";4;0;3;3;551;1;17;6;103;2;2;76;19.5
"jeffdonahue";1;"448";7;7;23;10;515;65;0;9;77;0;3;395;47
"jeffdonahue";1;"445";1;0;1;3;53;12;3;4;23;NA;1;15;15
"jamt9000";1;"443";2;1;1;1;2;1;0;11;26;0;1;47;23.5
"shelhamer";1;"435";0;0;1;5;301;351;0;6;62;NA;NA;NA;NA
"shelhamer";1;"434";0;0;1;2;4;4;0;4;34;NA;NA;NA;NA
"shelhamer";1;"433";4;5;8;12;503;231;1;7;39;0;2;54;14.5
"mavenlin";1;"431";31;0;0;0;0;0;26;4;6;0;7;757;21
"shelhamer";1;"429";2;0;429;215;16032;6559;0;2;312;4;2;18;9
"jamt9000";1;"427";9;1;2;1;10;8;37;8;21;2;3;477;24
"sguada";1;"422";10;0;18;5;261;1;11;5;43;0;4;612;31
"shelhamer";1;"417";1;0;2;2;3;8;0;7;65;NA;1;3;3
"shelhamer";1;"414";0;0;1;2;2;0;0;6;26;NA;NA;NA;NA
"shelhamer";1;"413";1;0;1;2;6;0;0;9;15;NA;1;4;4
"jeffdonahue";1;"406";0;0;1;1;1;1;0;5;279;NA;NA;NA;NA
"jeffdonahue";1;"404";3;0;9;6;528;22;10;11;265;5;3;78;36
"jeffdonahue";1;"403";1;0;1;11;27;21;0;4;32;NA;1;4;4
"sguada";1;"398";39;6;8;3;58;3;45;4;59;0;6;1844;51
"longjon";1;"396";0;4;1;1;4;2;0;4;35;NA;NA;NA;NA
"longjon";1;"378";1;0;1;1;2;2;0;10;80;NA;1;45;45
"sguada";1;"377";1;0;1;1;1;5;0;8;18;NA;1;2;2
"sergeyk";1;"376";2;3;7;13;956;708;20;7;55;18;2;45;22.5
"shelhamer";1;"370";1;0;4;1;13;13;0;2;35;NA;1;4;4
"shelhamer";1;"368";1;0;1;1;64;56;0;12;47;NA;1;12;12
"shelhamer";1;"367";1;0;2;2;3;1;0;8;76;NA;1;22;22
"shelhamer";1;"366";1;0;1;1;1;0;0;4;26;NA;1;5;5
"longjon";1;"365";1;0;1;1;15;3;0;7;36;NA;1;24;24
"niuzhiheng";1;"364";1;0;1;1;11;4;0;10;9;NA;1;7;7
"jeffdonahue";1;"363";1;0;2;9;103;47;0;3;138;NA;1;26;26
"jeffdonahue";1;"357";6;0;1;1;16;4;0;5;182;0;4;337;57.5
"jeffdonahue";1;"352";6;0;11;18;710;146;2;12;143;0;3;1175;50.5
"longjon";1;"350";1;0;1;1;1;0;0;6;54;NA;1;7;7
"jeffdonahue";1;"348";2;3;2;5;10;2;0;3;197;0;1;37;18.5
"sergeyk";1;"339";1;0;1;2;92;97;0;3;10;NA;1;15;15
"jeffdonahue";1;"336";2;0;3;4;10;35;1;6;252;4;1;93;46.5
"jeffdonahue";1;"332";0;0;1;3;36;3;2;10;138;NA;NA;NA;NA
"jeffdonahue";1;"330";4;0;10;22;709;20;0;3;178;108;4;337;68.5
"shelhamer";1;"327";2;0;3;7;897;1;1;7;98;1;2;11;5.5
"AlOa";1;"325";1;0;1;2;18;11;1;5;20;NA;1;12;12
"jeffdonahue";1;"319";1;0;1;2;7;12;1;9;0;NA;1;3;3
"jeffdonahue";1;"318";1;2;2;6;42;43;1;9;191;NA;1;32;32
"shelhamer";1;"311";12;14;28;21;1566;1276;40;3;198;0;3;1015;32.5
"jeffdonahue";1;"310";1;0;1;1;22;20;0;4;21;NA;1;2;2
"shelhamer";1;"309";1;0;1;2;2;2;0;7;17;NA;1;5;5
"shelhamer";1;"305";2;0;3;3;79;38;1;9;93;1;2;26;13
"longjon";1;"303";11;1;3;6;147;2;18;1;107;0;5;360;33
"sguada";1;"302";1;0;1;1;1;1;0;4;6;NA;1;2;2
"jeffdonahue";1;"298";2;0;3;2;66;18;1;5;54;0;1;17;8.5
"jeffdonahue";1;"297";19;0;17;14;687;191;2;6;258;0;4;1148;47
"longjon";1;"294";13;7;9;11;327;19;27;11;178;0;4;1006;23
"beam2d";1;"288";1;0;1;1;2;2;0;7;13;NA;1;4;4
"robwhess";1;"287";13;0;0;0;0;0;1;7;26;0;4;720;53
"longjon";1;"286";7;0;7;5;91;41;7;4;56;30;5;146;19
"jeffdonahue";1;"283";2;0;1;1;3;1;1;7;56;0;2;20;10
"kloudkl";1;"278";2;3;0;0;0;0;2;8;13;1;2;9;4.5
"jeffdonahue";1;"277";10;8;18;4;199;104;5;2;301;0;3;312;17
"kloudkl";1;"275";1;0;0;0;0;0;0;6;12;NA;1;4;4
"jeffdonahue";1;"273";8;1;18;21;1443;99;10;3;308;0;3;290;34
"kloudkl";1;"272";1;3;0;0;0;0;0;6;0;NA;1;1;1
"jeffdonahue";1;"271";1;0;2;1;6;3;0;5;0;NA;1;7;7
"longjon";1;"268";1;1;1;2;8;1;0;5;10;NA;1;3;3
"longjon";1;"266";1;0;2;7;12;12;1;10;0;NA;1;23;23
"jeffdonahue";1;"265";1;0;1;1;4;6;0;10;48;NA;1;11;11
"kloudkl";1;"260";1;0;0;0;0;0;0;3;0;NA;1;5;5
"shelhamer";1;"255";4;0;2;119;139;130;3;6;49;0;4;18;5
"kloudkl";1;"253";4;0;0;0;0;0;1;8;13;0;2;129;29
"kloudkl";1;"252";12;3;0;0;0;0;1;3;20;0;4;207;16
"jeffdonahue";1;"247";0;0;1;2;9;20;0;9;20;NA;NA;NA;NA
"shelhamer";1;"245";2;1;18;9;1394;9;0;6;75;0;1;43;21.5
"kloudkl";1;"242";1;0;0;0;0;0;0;5;4;NA;1;4;4
"jeffdonahue";1;"240";0;0;3;4;15;14;0;6;43;NA;NA;NA;NA
"jeffdonahue";1;"239";1;0;2;11;30;50;0;4;0;NA;1;18;18
"jeffdonahue";1;"236";3;0;2;1;3;2;1;6;49;0;2;91;30
"sergeyk";1;"234";5;9;2;64;312;1238;0;6;35;0;2;131;19
"shelhamer";1;"231";15;0;141;180;10240;2290;1;2;90;0;3;506;15
"kloudkl";1;"230";0;2;0;0;0;0;0;6;16;NA;NA;NA;NA
"kloudkl";1;"229";1;0;0;0;0;0;0;10;27;NA;1;8;8
"longjon";1;"228";0;0;2;1;19;0;0;9;35;NA;NA;NA;NA
"shelhamer";1;"227";0;0;3;5;305;0;0;8;41;NA;NA;NA;NA
"longjon";1;"226";5;0;2;32;926;0;0;3;16;0.5;3;195;43
"sguada";1;"223";10;0;10;8;348;98;15;2;57;1;4;370;20.5
"jeffdonahue";1;"222";1;0;1;1;1;1;0;6;8;NA;1;8;8
"jamt9000";1;"221";2;0;4;1;3;3;2;3;35;0;2;10;5
"jeffdonahue";1;"219";38;3;60;76;6515;3792;11;6;279;0;5;2160;64.5
"tdomhan";1;"217";2;0;1;8;127;56;1;9;115;1;1;20;10
"jeffdonahue";1;"209";8;3;11;44;334;311;8;6;180;0;3;412;22
"sergeyk";1;"203";14;10;6;10;205;173;7;12;12;0;2;941;42.5
"kloudkl";1;"201";6;2;0;0;0;0;13;9;44;1;2;111;19.5
"longjon";1;"200";0;0;1;1;14;9;2;4;18;NA;NA;NA;NA
"longjon";1;"199";2;0;13;6;84;37;7;9;203;3;2;63;31.5
"forresti";1;"193";4;4;4;1;7;1;3;14;77;1;2;90;27
"sguada";1;"191";0;0;2;1;13;2;7;6;62;NA;NA;NA;NA
"sguada";1;"190";12;0;1;5;99;8;224;6;81;3;7;472;31.5
"yosinski";1;"187";2;0;1;1;1;1;0;5;13;0;2;10;5
"jamt9000";1;"185";1;0;2;2;3;1;6;8;13;NA;1;5;5
"chyojn";1;"184";1;0;3;12;930;0;12;3;22;NA;1;75;75
"chyojn";1;"181";1;0;1;2;10;5;0;6;7;NA;1;1;1
"erictzeng";1;"179";11;0;3;5;56;31;17;9;74;0;4;331;23
"jeffdonahue";1;"176";2;0;1;1;1;1;0;5;59;0;2;175;87.5
"erictzeng";1;"172";13;0;1;29;771;543;0;8;49;0;6;680;33
"jeffdonahue";1;"168";3;0;2;4;19;12;1;5;141;0.5;2;93;39
"shelhamer";1;"167";6;0;49;65;1986;1434258;0;6;56;0;4;163;27
"shelhamer";1;"165";15;0;24;21;493;143;25;2;118;0;6;614;35
"t-abe";1;"164";1;0;1;1;1;1;0;6;0;NA;1;3;3
"jeffdonahue";1;"163";6;0;17;74;5442;515;0;2;141;0;3;125;19.5
"kloudkl";1;"161";27;14;0;0;0;0;23;8;154;0;7;2142;41
"kloudkl";1;"159";12;2;0;0;0;0;13;5;62;0;4;499;36
"sergeyk";1;"157";6;0;4;47;2920;17;0;14;51;0;2;179;9.5
"sergeyk";1;"155";1;0;4;19;1350;1077;0;11;32;NA;1;13;13
"sguada";1;"154";1;0;1;1;1;0;0;9;4;NA;1;8;8
"sergeyk";1;"147";13;0;3;10;355;2;1;12;54;0;4;757;22
"shelhamer";1;"142";26;0;17;54;351;1434256;3;6;78;0;6;1071;35.5
"kloudkl";1;"136";8;0;0;0;0;0;21;13;15;2;2;232;20
"jeffdonahue";1;"129";3;0;23;7;1415;1;1;9;25;0.5;2;35;7
"mavenlin";1;"128";26;0;0;0;0;0;7;6;6;0;7;1232;37.5
"sguada";1;"125";13;2;5;6;346;0;10;2;69;0;6;360;21
"longjon";1;"123";1;0;1;1;6;6;4;8;8;NA;1;1;1
"sguada";1;"120";10;0;7;6;454;0;24;9;60;0;6;750;65.5
"tdomhan";1;"106";4;3;3;4;179;0;0;1;5;0;3;259;47
"sergeyk";1;"104";1;3;5;5;789;446;0;9;0;NA;1;2;2
"Yangqing";1;"103";7;0;1;1;9;5;0;3;45;0.5;4;649;53
"kloudkl";1;"98";0;0;0;0;0;0;0;8;6;NA;NA;NA;NA
"kloudkl";1;"94";1;0;0;0;0;0;0;12;102;NA;1;3;3
"kloudkl";1;"91";4;0;0;0;0;0;1;9;25;0;2;61;9.5
"sguada";1;"90";4;0;3;1;9;20;1;10;15;0;3;112;29
"sguada";1;"89";1;0;1;1;28;0;0;6;44;NA;1;2;2
"sguada";1;"83";2;0;1;1;35;6;0;3;25;0;2;11;5.5
"kloudkl";1;"82";3;0;0;0;0;0;3;14;41;0;3;339;84
"sguada";1;"72";0;0;1;1;0;0;0;4;5;NA;NA;NA;NA
"petewarden";1;"70";1;0;1;1;3;2;0;13;38;NA;1;12;12
"sguada";1;"69";2;5;5;4;29;0;1;2;28;1;2;16;8
"sergeyk";1;"66";3;0;3;5;95;17;0;9;16;0;2;103;30
"jeffdonahue";1;"63";0;3;2;2;36;9;1;1;39;NA;NA;NA;NA
"viirya";1;"62";1;0;2;2;8;3;3;8;15;NA;1;1;1
"shelhamer";1;"56";2;0;6;4;99;74;1;6;85;0;2;40;20
"sguada";1;"51";2;0;1;1;4;4;0;8;15;0;2;125;62.5
"jeffdonahue";1;"49";3;0;3;1;16;7;0;1;75;0.5;3;119;10
"alito";1;"47";3;0;2;2;5;5;0;5;87;0.5;3;166;46
"forresti";1;"34";6;0;1;1;1;1;4;10;32;0;2;1372;175.5
"kloudkl";1;"29";1;0;0;0;0;0;6;6;76;NA;1;5;5
"kloudkl";1;"28";3;0;0;0;0;0;10;4;116;0.5;2;71;14
"jeffdonahue";1;"18";0;0;1;1;2;2;0;9;0;NA;NA;NA;NA
"Yangqing";1;"17";0;0;1;4;9;9;0;5;0;NA;NA;NA;NA
"longjon";1;"11";6;0;2;1;102;0;44;9;40;0;2;268;32
"sergeyk";1;"10";1;0;5;3;1544;0;0;12;0;NA;1;4;4
"jeffdonahue";1;"9";2;0;1;3;12;8;0;13;9;0;2;15;7.5
"sergeyk";1;"8";0;2;1;3;29;22;1;5;0;NA;NA;NA;NA
"jeffdonahue";1;"7";0;0;1;1;7;3;0;9;0;NA;NA;NA;NA
"jeffdonahue";1;"6";0;0;1;4;173;0;0;3;0;NA;NA;NA;NA
