"marcochirienti";1;"14886";1;0;1;1;2;2;0;5;26;NA;1;3;3
"joomdonation";1;"14880";2;0;2;2;4;30;0;7;28;0;2;5;2.5
"marcochirienti";1;"14879";1;0;1;27;0;27;0;4;15;NA;1;5;5
"marcochirienti";1;"14878";1;0;1;8;2;9;0;4;18;NA;1;6;6
"infograf768";1;"14877";0;0;1;1;0;4;0;5;23;NA;NA;NA;NA
"brianteeman";1;"14868";0;7;2;2;2;2;0;7;8;NA;NA;NA;NA
"brianteeman";1;"14866";3;0;4;5;8;6;0;3;74;0;3;65;21
"yasirunilan";1;"14862";4;0;3;1;1;1;0;9;44;0;4;50;12.5
"ciar4n";1;"14856";4;0;1;3;26;7;1;4;41;0;3;62;17
"brianteeman";1;"14854";1;0;1;3;9;9;0;3;14;NA;1;3;3
"infograf768";1;"14852";1;0;1;1;1;5;0;6;78;NA;1;5;5
"ciar4n";1;"14850";4;0;1;3;45;0;0;4;51;0;4;72;17
"marcochirienti";1;"14849";1;0;1;6;6;6;0;7;49;NA;1;3;3
"wilsonge";1;"14847";0;4;5;3;531;0;1;5;49;NA;NA;NA;NA
"C-Lodder";1;"14846";0;2;2;1;3;1;0;3;16;NA;NA;NA;NA
"brianteeman";1;"14845";3;8;1;12;12;12;1;2;25;0.5;2;49;14
"brianteeman";1;"14841";5;0;2;4;1;7;0;6;27;0;3;109;16
"brianteeman";1;"14840";4;0;1;1;0;1;2;3;36;0;4;55;13
"joomdonation";1;"14836";4;0;1;1;6;0;2;4;63;0;4;67;17
"brianteeman";1;"14827";18;8;4;1;5;5;2;9;12;0;7;358;19.5
"brianteeman";1;"14823";4;0;1;2;2;2;0;3;93;0;4;70;18
"alikon";1;"14814";9;0;4;3;10;6;1;5;27;0;4;153;15
"ciar4n";1;"14813";7;2;2;5;72;2;3;9;37;0;6;154;21
"infograf768";1;"14801";4;0;1;1;11;7;1;8;129;0;3;95;23.5
"laoneo";1;"14800";5;5;4;3;31;11;1;9;118;0;4;76;20
"laoneo";1;"14798";1;0;1;3;3;3;0;4;59;NA;1;21;21
"laoneo";1;"14797";12;2;2;1;2;2;1;5;79;0;5;233;17.5
"laoneo";1;"14795";14;0;2;1;15;24;1;5;109;0;4;250;12
"Hackwar";1;"14792";1;0;1;1;1;1;0;8;4;NA;1;9;9
"infograf768";1;"14786";3;1;1;3;121;10;1;6;60;0;3;63;21
"csthomas";1;"14782";2;0;1;4;8;6;1;8;72;1;2;46;23
"C-Lodder";1;"14780";1;0;1;1;22;20;0;3;33;NA;1;21;21
"tonypartridge";1;"14779";0;0;1;2;2;2;0;10;8;NA;NA;NA;NA
"tonypartridge";1;"14778";0;0;1;1;1;1;0;11;2;NA;NA;NA;NA
"brianteeman";1;"14776";1;0;1;1;2;2;0;5;61;NA;1;18;18
"C-Lodder";1;"14773";0;0;3;5;85;95;0;5;38;NA;NA;NA;NA
"ciar4n";1;"14770";1;0;2;5;15;7;0;5;33;NA;1;21;21
"brianteeman";1;"14756";0;0;1;2;2;2;0;5;16;NA;NA;NA;NA
"C-Lodder";1;"14751";1;0;1;1;1;1;0;7;11;NA;1;21;21
"csthomas";1;"14750";5;0;2;16;488;716;0;8;145;0;4;252;25
"yvesh";1;"14748";16;5;21;16;196;54;1;10;63;0;4;685;44.5
"tonypartridge";1;"14747";7;0;4;2;12;1;5;9;189;0.5;3;103;12
"csthomas";1;"14746";1;0;1;3;9;3;0;5;21;NA;1;2;2
"C-Lodder";1;"14739";2;2;3;8;76;56;1;4;22;0;2;32;16
"ciar4n";1;"14732";0;0;1;1;1;1;0;4;39;NA;NA;NA;NA
"ciar4n";1;"14731";5;0;2;4;9;2;1;6;39;0;3;131;23
"ciar4n";1;"14730";3;0;1;1;2;2;0;3;40;0;2;49;21
"csthomas";1;"14729";3;2;8;13;190;268;0;6;76;0.5;3;13;3
"C-Lodder";1;"14727";0;0;3;3;15;15;0;8;43;NA;NA;NA;NA
"wilsonge";1;"14726";3;0;1;2;4;4;0;4;80;0;2;110;31
"tonypartridge";1;"14725";3;0;4;80;2;264;0;8;14;0;3;61;20
"tonypartridge";1;"14724";5;0;1;5;0;17;0;8;12;0;3;68;18
"tonypartridge";1;"14723";2;0;1;1;1;1;0;6;15;0;2;33;16.5
"dgt41";1;"14722";0;0;2;171;181;207;0;3;23;NA;NA;NA;NA
"dgt41";1;"14720";0;0;1;1;0;2;0;5;23;NA;NA;NA;NA
"dgt41";1;"14718";1;0;2;6;144;10;0;4;53;NA;1;1;1
"brianteeman";1;"14717";1;0;1;2;4;4;1;4;27;NA;1;21;21
"tonypartridge";1;"14716";1;0;1;1;1;1;0;3;5;NA;1;3;3
"yvesh";1;"14715";1;0;63;106;502;301;0;4;2;NA;1;10;10
"tonypartridge";1;"14714";0;0;1;1;1;1;0;13;15;NA;NA;NA;NA
"brianteeman";1;"14713";3;0;1;2;2;2;0;4;18;0;2;14;3
"brianteeman";1;"14712";3;0;1;1;4;4;0;8;49;1;2;36;11
"dgt41";1;"14710";4;3;2;29;39;285;0;7;127;0;3;241;56
"brianteeman";1;"14705";0;0;1;1;1;1;1;5;37;NA;NA;NA;NA
"marcochirienti";1;"14685";3;0;1;5;5;5;1;7;30;0.5;2;61;21
"infograf768";1;"14683";5;0;1;24;61;82;1;7;66;0;4;150;24
"laoneo";1;"14681";7;2;5;1;33;4;7;8;108;0;4;173;21
"laoneo";1;"14679";4;0;2;2;12;4;3;10;101;0;2;64;17.5
"brianteeman";1;"14678";3;0;3;1;6;2;3;6;16;1;3;48;21
"brianteeman";1;"14676";10;0;3;1;4;4;2;7;14;0;5;306;21.5
"brianteeman";1;"14675";5;0;1;1;1;1;3;2;66;0.5;4;83;21
"brianteeman";1;"14668";3;0;1;5;5;5;0;2;12;0;2;55;21
"brianteeman";1;"14666";3;0;1;1;5;2;3;6;31;1;2;56;21
"brianteeman";1;"14663";3;0;1;1;1;0;3;4;41;0;2;55;21
"infograf768";1;"14661";11;0;2;1;26;4;1;4;123;0;3;393;21
"alikon";1;"14658";3;0;1;1;1;1;0;5;50;0;2;56;21
"brianteeman";1;"14656";4;0;1;2;2;4;4;5;82;0;3;62;17
"brianteeman";1;"14652";3;0;1;1;1;1;1;3;10;0;2;55;21
"brianteeman";1;"14651";4;0;2;1;2;2;1;4;89;0;3;59;17
"brianteeman";1;"14648";3;0;1;1;1;1;0;3;16;0;2;55;21
"infograf768";1;"14646";4;0;2;6;11;5;1;4;187;0;4;71;21
"brianteeman";1;"14642";2;0;1;1;1;1;0;4;47;0;2;34;17
"izharaazmi";1;"14640";3;0;1;1;2;2;1;7;22;0;3;55;21
"brianteeman";1;"14639";3;0;1;1;16;5;0;9;94;0;3;55;21
"brianteeman";1;"14638";3;0;1;1;1;1;0;3;39;0;3;55;21
"brianteeman";1;"14637";4;1;4;3;3;3;0;5;71;0;3;60;17
"infograf768";1;"14633";10;0;1;15;10;10;0;6;110;0;4;206;14.5
"Quy";1;"14627";4;0;1;1;2;2;1;6;52;0;3;59;17
"brianteeman";1;"14625";4;0;1;1;2;2;1;3;31;0;3;76;21
"brianteeman";1;"14621";3;0;1;2;2;2;1;7;38;0.5;3;55;21
"brianteeman";1;"14618";3;0;1;1;1;1;1;4;2;0.5;3;55;21
"brianteeman";1;"14617";1;0;1;1;1;1;0;5;48;NA;1;21;21
"C-Lodder";1;"14613";12;2;12;81;2007;449;4;5;72;0;4;1342;17
"brianteeman";1;"14604";0;0;2;2;2;2;0;4;3;NA;NA;NA;NA
"brianteeman";1;"14603";2;0;2;2;4;4;0;2;25;0;2;42;21
"brianteeman";1;"14602";2;0;1;5;16;16;0;3;20;0;2;42;21
"C-Lodder";1;"14601";4;0;3;15;35;30;2;6;29;0;2;74;20
"C-Lodder";1;"14600";2;0;5;4;13;4;4;7;20;2;2;29;14.5
"brianteeman";1;"14599";4;0;2;31;46;41;0;2;60;0;2;80;21
"C-Lodder";1;"14598";3;0;2;161;3057;1782;0;6;25;0;2;50;17
"dgt41";1;"14593";7;0;1;1;1;1;0;5;59;0;2;152;14
"joeforjoomla";1;"14585";8;0;1;2;2;2;1;11;50;0;3;167;20.5
"brianteeman";1;"14580";4;0;1;1;4;1;0;6;38;0;3;68;17
"zero-24";1;"14576";10;0;5;2;1;18;2;6;24;0;7;177;17
"dgt41";1;"14575";11;0;2;55;299;610;5;4;64;0;4;160;15
"brianteeman";1;"14574";5;0;1;1;5;1;0;5;76;0;4;96;21
"brianteeman";1;"14570";4;0;1;3;18;18;0;3;51;0;2;58;17
"brianteeman";1;"14568";4;0;1;1;1;1;0;4;52;0;2;85;21
"brianteeman";1;"14563";28;0;10;3;18;13;1;3;36;0;5;1002;25
"Quy";1;"14552";6;0;1;2;2;2;1;3;4;0;4;160;21
"brianteeman";1;"14548";1;0;1;2;2;2;0;3;13;NA;1;2;2
"brianteeman";1;"14547";4;0;1;2;2;2;1;4;7;0;3;62;17
"mbabker";1;"14546";0;0;1;3;10;22;1;7;37;NA;NA;NA;NA
"mbabker";1;"14545";0;0;1;19;7;3110;1;5;82;NA;NA;NA;NA
"wilsonge";1;"14542";6;2;3;3;14;2;8;3;120;1;5;295;39
"mbabker";1;"14541";0;0;4;253;393;1238;7;3;105;NA;NA;NA;NA
"zero-24";1;"14538";1;0;1;1;2;0;0;11;24;NA;1;43;43
"Fedik";1;"14537";3;0;1;2;1;2;2;4;16;0.5;3;74;34
"brianteeman";1;"14536";1;0;1;2;2;2;0;3;26;NA;1;12;12
"brianteeman";1;"14534";6;0;1;1;1;1;2;2;7;0;3;84;11
"brianteeman";1;"14533";1;0;1;1;1;1;0;5;19;NA;1;2;2
"infograf768";1;"14530";19;0;4;4;25;10;2;9;59;0;6;418;18
"brianteeman";1;"14529";3;0;1;1;1;1;0;1;14;0;3;55;21
"brianteeman";1;"14528";1;0;1;1;1;1;0;1;5;NA;1;2;2
"brianteeman";1;"14527";1;0;1;1;1;1;0;1;9;NA;1;2;2
"brianteeman";1;"14526";1;0;1;1;2;2;0;6;40;NA;1;2;2
"brianteeman";1;"14525";1;0;1;1;1;1;0;6;38;NA;1;2;2
"brianteeman";1;"14523";0;0;1;2;2;2;0;4;64;NA;NA;NA;NA
"brianteeman";1;"14522";0;0;1;1;1;1;0;3;16;NA;NA;NA;NA
"brianteeman";1;"14518";1;0;1;1;1;1;0;2;21;NA;1;2;2
"brianteeman";1;"14517";1;0;1;1;2;2;0;3;15;NA;1;2;2
"brianteeman";1;"14516";1;0;1;1;1;1;0;5;11;NA;1;2;2
"ciar4n";1;"14514";1;0;1;1;4;4;0;7;48;NA;1;21;21
"ciar4n";1;"14513";1;0;1;4;10;8;0;5;47;NA;1;21;21
"zero-24";1;"14509";1;0;1;9;15;15;0;4;43;NA;1;42;42
"ciar4n";1;"14507";5;0;2;5;12;9;0;4;45;0;4;67;13
"zero-24";1;"14505";4;0;1;1;1;0;0;5;43;0;3;66;17
"brianteeman";1;"14494";1;0;1;1;2;2;0;3;28;NA;1;3;3
"brianteeman";1;"14492";6;0;5;3;3;1;1;4;17;0;3;154;21
"dgt41";1;"14485";4;3;2;1;1;0;4;5;80;1;4;62;17
"infograf768";1;"14484";22;0;2;4;18;7;1;8;53;0;5;436;21
"joomdonation";1;"14481";2;0;1;1;1;1;0;2;91;0;1;25;12.5
"joomdonation";1;"14477";3;0;1;1;1;0;0;6;76;0;3;61;21
"joomdonation";1;"14474";2;0;1;1;1;1;7;5;43;0;2;13;6.5
"zero-24";1;"14472";1;1;4;1;59;60;10;3;33;NA;1;5;5
"zero-24";1;"14470";0;0;1;1;1;1;0;7;23;NA;NA;NA;NA
"ciar4n";1;"14469";0;0;1;3;155;9;0;5;30;NA;NA;NA;NA
"brianteeman";1;"14465";1;0;1;1;2;2;0;5;20;NA;1;2;2
"brianteeman";1;"14464";2;0;1;2;3;3;0;3;2;0;2;36;18
"brianteeman";1;"14463";1;0;1;1;1;1;0;5;16;NA;1;2;2
"alikon";1;"14462";1;0;1;1;2;2;0;5;11;NA;1;6;6
"brianteeman";1;"14460";3;0;1;1;1;1;0;3;39;0;3;44;21
"dgt41";1;"14459";3;0;1;2;8;8;0;4;23;0;3;4;1
"C-Lodder";1;"14455";1;0;1;1;2;2;0;5;44;NA;1;21;21
"brianteeman";1;"14454";2;3;3;1;1;1;1;3;22;0;2;42;21
"brianteeman";1;"14453";7;0;1;1;10;6;13;7;23;0;4;116;13
"brianteeman";1;"14452";3;0;1;1;2;2;0;5;27;0;2;59;21
"brianteeman";1;"14451";1;0;6;6;1;56;0;4;19;NA;1;21;21
"brianteeman";1;"14450";4;0;2;9;9;9;0;2;7;0;3;56;17
"brianteeman";1;"14447";7;0;3;32;32;32;0;5;33;0;4;229;34
"brianteeman";1;"14446";16;0;3;2;2;2;1;5;131;0;5;493;21
"brianteeman";1;"14445";3;0;1;3;3;3;0;2;26;0;2;55;21
"brianteeman";1;"14443";2;1;2;1;9;7;0;3;16;0;1;42;21
"brianteeman";1;"14442";1;0;1;2;2;2;0;4;20;NA;1;21;21
"C-Lodder";1;"14436";2;0;1;1;3;3;0;6;43;0;2;42;21
"infograf768";1;"14428";2;0;1;2;2;2;0;7;16;0;2;32;16
"alikon";1;"14426";1;0;1;1;1;1;1;6;44;NA;1;3;3
"dgt41";1;"14422";27;0;3;4;187;146;1;3;70;0;9;588;18
"ciar4n";1;"14421";3;0;1;2;2;1;0;5;45;0;2;57;21
"zero-24";1;"14418";5;0;1;4;15;12;1;8;47;0;4;115;21
"bertmert";1;"14416";2;0;1;1;1;1;1;7;68;0;2;54;27
"bertmert";1;"14414";2;0;1;1;1;1;1;9;85;0;2;52;26
"bertmert";1;"14412";5;0;1;1;1;1;1;8;79;0;2;85;13
"laoneo";1;"14410";0;6;1;3;26;21;3;4;47;NA;NA;NA;NA
"Bakual";1;"14408";11;0;18;6;64;9;3;4;184;0;6;190;21
"laoneo";1;"14405";5;2;2;1;11;5;2;11;72;0;4;67;13
"laoneo";1;"14404";9;0;2;1;4;0;7;10;64;0.5;6;174;17
"laoneo";1;"14403";9;0;9;12;113;33;6;8;86;0.5;4;160;19
"ciar4n";1;"14400";19;0;3;22;4931;5036;1;3;134;0;7;390;15
"ciar4n";1;"14398";11;0;1;3;214;0;2;5;52;0;2;188;16
"Bakual";1;"14395";3;0;1;1;7;37;2;8;122;0;3;55;21
"zero-24";1;"14391";0;0;1;1;3;3;0;7;53;NA;NA;NA;NA
"laoneo";1;"14390";10;0;1;3;10;6;3;8;114;0;4;296;17
"Bakual";1;"14388";1;0;1;1;1;1;0;7;23;NA;1;1;1
"Bakual";1;"14387";2;0;1;1;1;1;0;2;23;0;2;5;2.5
"Bakual";1;"14386";9;0;1;1;1;1;1;2;32;0;5;237;21
"Bakual";1;"14385";0;0;1;1;2;2;0;5;28;NA;NA;NA;NA
"Bakual";1;"14384";3;0;2;2;2;0;1;3;122;0.5;3;55;21
"laoneo";1;"14378";0;0;1;4;23;15;0;6;22;NA;NA;NA;NA
"infograf768";1;"14369";7;0;1;1;2;2;0;3;64;0;3;95;11
"joomdonation";1;"14351";7;0;1;1;1;1;4;2;43;0.5;5;159;13
"ciar4n";1;"14349";0;0;1;3;0;25;0;5;69;NA;NA;NA;NA
"ciar4n";1;"14347";4;0;1;5;18;6;0;6;47;0;3;65;17
"Bakual";1;"14344";2;0;1;1;0;15;2;9;54;1;2;62;31
"zero-24";1;"14337";0;0;1;1;1;1;0;6;24;NA;NA;NA;NA
"yvesh";1;"14325";6;0;2;1;7;0;0;8;85;0;4;118;16.5
"Hackwar";1;"14323";7;0;1;1;4;4;4;7;37;0;5;104;14
"Hackwar";1;"14322";11;0;2;3;57;69;5;5;221;0;4;507;27
"csthomas";1;"14321";38;2;2;12;94;35;16;14;268;0;3;1537;26.5
"Kubik-Rubik";1;"14316";0;0;1;1;1943;2734;0;7;10;NA;NA;NA;NA
"wojsmol";1;"14312";1;2;2;1;1;1;0;13;116;NA;1;21;21
"dgt41";1;"14311";19;3;4;3;14;4;1;4;88;0;5;461;25
"infograf768";1;"14309";12;0;4;25;79;558;2;7;40;0;5;185;17
"Bakual";1;"14295";1;0;1;2;2;2;0;12;38;NA;1;26;26
"Bakual";1;"14294";1;0;11;84;101;101;0;3;75;NA;1;32;32
"Bakual";1;"14293";1;4;1;2;2;1;0;10;39;NA;1;13;13
"Bakual";1;"14292";0;2;2;1;1;1;0;4;37;NA;NA;NA;NA
"Bakual";1;"14290";3;0;1;1;1;1;0;2;33;0;2;41;18
"Bakual";1;"14289";1;0;1;1;1;1;0;2;27;NA;1;2;2
"Bakual";1;"14288";2;0;1;1;1;1;0;3;29;0;2;29;14.5
"dgt41";1;"14287";4;0;1;1;22;18;0;5;41;0;3;107;21
"Bakual";1;"14278";2;0;1;1;1;1;1;8;45;0;2;17;8.5
"Bakual";1;"14277";2;0;1;1;1;1;0;3;37;0;2;23;11.5
"Bakual";1;"14274";5;0;1;1;1;1;0;8;34;0;5;66;13
"infograf768";1;"14273";3;0;1;2;2;2;0;3;13;0;2;55;21
"izharaazmi";1;"14267";6;0;4;7;99;46;2;4;140;0;3;118;18
"izharaazmi";1;"14266";3;0;1;2;3;2;2;8;83;0.5;2;55;21
"marrouchi";1;"14265";1;1;1;1;0;3;0;15;10;NA;1;7;7
"ciar4n";1;"14255";3;1;1;7;177;153;0;5;57;0;3;55;21
"joomlabeat";1;"14254";6;0;1;1;1;1;9;2;282;1;6;79;13.5
"joomdonation";1;"14249";1;0;1;1;1;1;0;5;47;NA;1;2;2
"joomdonation";1;"14248";3;0;1;1;3;1;1;5;25;0.5;3;62;23
"zero-24";1;"14247";4;2;3;1;6;4;6;6;60;0;3;91;23
"zero-24";1;"14242";15;0;1;2;6;6;6;10;65;0;5;459;29
"zero-24";1;"14241";5;0;1;2;8;2;1;10;76;0;4;159;21
"laoneo";1;"14239";30;0;5;7;17;1;16;12;70;0;7;685;19
"zero-24";1;"14237";0;0;2;1;1;2;0;4;33;NA;NA;NA;NA
"zero-24";1;"14236";13;13;10;6;84;56;22;8;71;0;3;163;10
"izharaazmi";1;"14235";9;0;2;2;45;42;2;10;177;0;3;341;27
"zero-24";1;"14233";2;0;1;1;6;8;2;4;19;1;2;39;19.5
"laoneo";1;"14232";2;1;1;2;15;12;2;4;23;0;2;23;11.5
"Bakual";1;"14227";2;0;1;1;12;2;2;8;162;1;2;50;25
"zero-24";1;"14224";5;0;2;1;32;32;5;4;19;0;2;100;21
"csthomas";1;"14223";18;0;2;17;7786;8994;4;6;165;0;4;612;24
"810";1;"14219";14;0;2;4;6;4;28;5;33;0;7;179;8.5
"zero-24";1;"14217";20;4;8;1;2;2;14;7;98;0;8;524;17.5
"zero-24";1;"14216";8;0;1;2;8;3;3;6;74;0;4;227;21
"zero-24";1;"14214";8;3;1;4;3;7;1;12;103;0;4;234;21
"PhilETaylor";1;"14213";4;0;1;11;11;11;0;6;9;0;2;67;12
"zero-24";1;"14204";1;0;2;1;2;0;0;8;23;NA;1;15;15
"zero-24";1;"14203";1;0;1;1;1;2;0;8;23;NA;1;15;15
"dgt41";1;"14194";4;0;1;2;2;2;2;7;125;0;2;81;20
"infograf768";1;"14188";3;0;1;1;1;4;0;6;288;0;3;63;21
"joomdonation";1;"14187";2;0;1;1;4;4;0;9;51;0;2;42;21
"joomdonation";1;"14182";4;0;1;1;2;2;7;6;46;1;3;63;17
"eorisis";1;"14177";4;0;1;1;10;6;2;8;174;1;4;82;19.5
"csthomas";1;"14172";5;0;1;1;40;27;3;3;53;0;4;175;26
"laoneo";1;"14169";8;0;3;1;4;1;16;10;109;0;7;95;12.5
"zero-24";1;"14167";2;0;1;1;2;2;0;10;30;0;2;11;5.5
"zero-24";1;"14166";0;0;1;2;2;2;0;8;46;NA;NA;NA;NA
"zero-24";1;"14165";0;0;1;1;1;1;0;6;39;NA;NA;NA;NA
"infograf768";1;"14160";1;0;1;1;0;4;0;8;62;NA;1;8;8
"PhilETaylor";1;"14158";2;0;1;1;1;1;0;6;23;0;2;48;24
"laoneo";1;"14155";0;0;1;2;10;9;0;4;4;NA;NA;NA;NA
"MATsxm";1;"14154";2;0;1;1;0;4;0;4;30;0;2;36;18
"MATsxm";1;"14153";1;0;1;1;0;5;0;4;31;NA;1;15;15
"MATsxm";1;"14152";1;0;1;1;0;5;0;4;15;NA;1;15;15
"joomdonation";1;"14151";0;0;1;1;7;6;0;3;46;NA;NA;NA;NA
"joomdonation";1;"14150";0;0;2;2;11;10;0;6;73;NA;NA;NA;NA
"C-Lodder";1;"14149";1;0;1;1;4;1;0;7;62;NA;1;21;21
"wilsonge";1;"14145";6;1;4;24;1024;1816;3;7;55;0;3;206;36
"infograf768";1;"14143";2;0;1;1;3;3;0;3;6;0;2;22;11
"mbabker";1;"14142";0;0;1;1;47;531;0;8;32;NA;NA;NA;NA
"zero-24";1;"14140";1;0;1;1;0;2;0;9;77;NA;1;21;21
"joomdonation";1;"14139";18;2;3;2;6;0;6;6;152;0;8;643;23.5
"mbabker";1;"14138";7;3;1;1;24;26;4;6;171;0;4;142;21
"csthomas";1;"14137";6;0;1;1;3;0;1;9;84;0;5;124;21.5
"mbabker";1;"14136";0;3;1;7;12;7;0;5;52;NA;NA;NA;NA
"mbabker";1;"14134";6;1;1;1;19;14;3;3;160;0;3;168;28.5
"csthomas";1;"14133";1;0;1;1;9;9;0;12;102;NA;1;5;5
"csiteru";1;"14132";1;0;1;1;1;1;0;2;57;NA;1;11;11
"zero-24";1;"14128";0;0;2;1;2;2;4;9;20;NA;NA;NA;NA
"zero-24";1;"14126";4;0;2;1;13;14;2;3;18;1;3;170;21
"zero-24";1;"14125";3;0;1;1;1;2;2;5;20;1;3;55;21
"zero-24";1;"14124";2;0;1;1;1;2;2;5;20;1;2;36;18
"csthomas";1;"14123";3;0;1;3;407;78;2;10;126;0;3;55;21
"zero-24";1;"14122";2;0;1;1;1;2;2;6;21;1;2;36;18
"zero-24";1;"14121";2;0;1;1;1;2;2;6;21;1;2;36;18
"zero-24";1;"14119";3;0;1;1;1;1;2;9;48;0;3;55;21
"zero-24";1;"14117";3;0;1;1;1;2;1;4;19;0;2;57;21
"csthomas";1;"14113";4;0;3;6;108;71;2;10;127;0;4;90;19.5
"wilsonge";1;"14112";19;1;2;2;19;1;2;4;72;0;5;473;21
"zero-24";1;"14111";2;0;1;2;6;0;2;10;38;0;1;35;17.5
"zero-24";1;"14110";3;0;1;1;1;2;2;5;19;0.5;2;60;21
"zero-24";1;"14109";2;0;1;1;1;2;2;6;21;1;2;40;20
"zero-24";1;"14108";2;0;1;1;1;2;2;4;19;1;2;39;19.5
"zero-24";1;"14107";2;0;1;1;1;2;2;5;20;1;2;44;22
"asika32764";1;"14104";3;0;1;1;1;1;0;6;107;0;2;58;21
"alikon";1;"14103";0;0;1;1;0;9;1;7;18;NA;NA;NA;NA
"csthomas";1;"14102";16;0;1;14;113;115;15;6;383;0;5;507;23.5
"infograf768";1;"14101";3;0;4;13;43;33;0;5;6;0;3;54;21
"sanderpotjer";1;"14099";9;0;2;2;2;2;8;12;70;0;6;142;15
"photodude";1;"14097";2;0;2;1;2;2;0;8;46;0;2;6;3
"csthomas";1;"14096";2;0;1;1;1;1;3;11;41;0;2;42;21
"bertmert";1;"14094";6;0;2;1;1;0;5;11;80;0;5;91;17.5
"csthomas";1;"14093";3;0;2;6;9;3;7;17;81;0;2;93;25
"joomdonation";1;"14088";6;0;1;1;2;1;6;7;126;0;4;295;32.5
"C-Lodder";1;"14086";2;4;13;223;626;623;4;8;41;2;2;45;22.5
"yvesh";1;"14084";2;8;3;4;14;8;2;4;32;2;2;24;12
"infograf768";1;"14083";6;6;4;4;104;0;1;6;160;0;3;94;18.5
"C-Lodder";1;"14081";3;11;2;2;12;5;7;6;62;3.5;2;56;21
"C-Lodder";1;"14080";2;0;1;2;8;8;0;6;29;0;2;42;21
"csthomas";1;"14079";3;0;1;1;1;1;1;8;90;0.5;2;82;31
"ciar4n";1;"14078";4;9;4;6;123;105;0;6;20;0;4;57;14.5
"csthomas";1;"14077";2;0;1;2;4;0;7;6;149;2;2;42;21
"wilsonge";1;"14073";4;2;3;1;25;0;2;17;129;0;3;108;26.5
"rdeutz";1;"14067";3;0;1;1;0;8;1;5;57;0.5;3;37;9
"rdeutz";1;"14066";2;0;2;1;1;5;0;7;77;0;2;55;27.5
"zero-24";1;"14065";2;0;3;3;8;10;1;10;35;0;2;49;24.5
"zero-24";1;"14064";1;0;1;1;3;3;0;6;41;NA;1;3;3
"marrouchi";1;"14061";3;0;2;1;1;1;0;8;71;0;3;38;5
"mbabker";1;"14057";1;0;2;1;8;0;1;8;113;NA;1;11;11
"zero-24";1;"14054";3;0;1;1;9;0;0;10;18;0;2;55;21
"ciar4n";1;"14052";18;0;8;7;171;6;9;7;58;0;6;1988;21
"joomdonation";1;"14050";3;0;1;1;1;1;0;6;66;0;2;45;5
"zero-24";1;"14048";3;0;1;1;1;2;0;5;36;0;2;65;25
"zero-24";1;"14047";6;0;4;1;28;30;0;6;115;0;3;103;21
"mbabker";1;"14045";2;0;1;2;2;19;1;5;30;0;2;27;13.5
"mbabker";1;"14044";9;6;4;3;153;17;12;8;113;0;5;291;31
"infograf768";1;"14035";3;0;1;1;1;1;0;3;34;0;3;77;24
"zero-24";1;"14032";6;0;1;3;6;6;2;7;115;0;4;124;23
"Hackwar";1;"14031";7;0;1;1;5;1;1;5;119;0;5;328;22
"mbabker";1;"14030";1;0;1;14;33;20;0;6;24;NA;1;2;2
"bertmert";1;"14029";2;0;1;1;0;3;1;8;116;0;2;79;39.5
"ciar4n";1;"14028";3;0;1;6;120;102;2;5;49;0.5;3;43;21
"ciar4n";1;"14027";2;0;3;2;16;0;1;6;44;0;2;45;22.5
"alikon";1;"14026";7;0;1;1;1;1;4;6;33;0.5;5;101;9
"bertmert";1;"14025";3;0;1;1;3;3;2;8;83;0.5;3;67;21
"dgt41";1;"14024";4;0;2;27;57;38;1;4;50;0;4;86;26
"alikon";1;"14020";2;0;5;4;0;84;3;7;26;0;1;66;33
"Bakual";1;"14015";6;0;2;3;13;11;1;3;241;0;5;206;28
"C-Lodder";1;"14009";2;0;1;1;26;0;2;8;61;2;2;42;21
"C-Lodder";1;"14008";1;0;1;1;0;38;0;4;27;NA;1;26;26
"infograf768";1;"14006";3;0;1;1;13;1;1;5;145;0.5;3;63;21
"C-Lodder";1;"14000";7;5;14;213;1107;1107;8;6;44;0;5;99;10
"C-Lodder";1;"13998";2;0;4;53;3741;3555;3;4;41;3;2;42;21
"photodude";1;"13995";6;0;10;1;42;48;0;9;78;0;3;136;13
"C-Lodder";1;"13994";4;0;4;2;11;5;0;8;60;0;2;48;12
"ciar4n";1;"13992";10;0;1;3;55;6;1;4;44;0;5;153;15
"C-Lodder";1;"13991";3;0;5;102;666;147;0;6;56;0;2;64;21
"ciar4n";1;"13989";4;0;2;3;6;12;0;4;49;0;3;47;12.5
"ciar4n";1;"13988";1;0;3;7;88;117;0;7;35;NA;1;21;21
"laoneo";1;"13980";1;0;1;7;8;32;0;13;30;NA;1;10;10
"zero-24";1;"13979";14;2;2;6;328;329;3;7;122;0;3;596;23
"SniperSister";1;"13977";3;0;1;1;6;0;5;10;68;2.5;2;56;21
"bembelimen";1;"13975";4;0;2;1;11;2;4;7;300;1;3;128;32.5
"Bakual";1;"13974";8;0;1;1;20;2;4;4;154;0;3;189;19.5
"ciar4n";1;"13971";6;0;2;4;77;7;4;5;83;0;5;152;21
"ciar4n";1;"13970";1;0;2;4;54;32;0;7;76;NA;1;21;21
"regularlabs";1;"13965";5;0;2;1;5;1;1;8;119;0;3;124;23
"regularlabs";1;"13963";4;0;3;3;31;16;1;10;27;0;3;89;20
"infograf768";1;"13961";7;1;1;1;1;1;4;3;30;0;4;133;16
"okonomiyaki3000";1;"13958";7;2;4;32;90;56;5;2;43;0;5;139;21
"okonomiyaki3000";1;"13957";6;0;3;1;5;0;4;6;62;1;4;69;8.5
"Bakual";1;"13956";11;0;1;1;2;2;10;7;117;0;6;307;30
"laoneo";1;"13953";6;13;4;5;92;83;2;5;9;0;2;58;10
"laoneo";1;"13952";11;0;3;13;212;269;8;3;34;0;5;624;31
"Bakual";1;"13951";5;4;2;2;126;0;1;8;74;0;4;94;21
"laoneo";1;"13950";1;0;1;2;2;2;0;7;7;NA;1;1;1
"laoneo";1;"13949";2;0;1;1;5;3;1;9;13;0;2;42;21
"csthomas";1;"13941";2;0;5;2;65;25;3;7;139;1;2;18;9
"mbabker";1;"13938";3;0;1;9;1100;634;9;5;49;0.5;2;29;11
"mbabker";1;"13937";3;0;1;2;4;2;0;4;86;0;2;152;23
"mbabker";1;"13936";2;0;2;65;13151;561;0;5;156;7;1;6;3
"mbabker";1;"13935";0;0;1;1;33;1;0;6;158;NA;NA;NA;NA
"wilsonge";1;"13934";1;0;1;1;4;0;0;8;20;NA;1;2;2
"infograf768";1;"13928";2;0;1;4;4;4;0;6;101;0;2;28;14
"ciar4n";1;"13927";2;0;1;3;15;0;0;6;42;0;2;50;25
"zero-24";1;"13924";0;0;1;1;0;1;0;8;27;NA;NA;NA;NA
"ciar4n";1;"13921";1;0;1;4;4;4;0;6;33;NA;1;21;21
"mbabker";1;"13920";0;2;1;2;14;9;0;15;140;NA;NA;NA;NA
"mbabker";1;"13919";3;0;2;2;35;3;1;7;103;0;2;48;19
"mbabker";1;"13918";3;0;1;1;10;4;4;6;128;0;3;55;21
"mbabker";1;"13917";2;0;1;1;11;3;4;6;158;0;2;42;21
"mbabker";1;"13916";2;4;1;1;15;27;4;6;181;0;2;42;21
"uglyeoin";1;"13906";8;0;1;1;1;1;43;9;204;1;4;186;23
"zero-24";1;"13903";1;0;1;1;1;1;1;13;61;NA;1;16;16
"Fedik";1;"13901";5;0;1;2;21;1;8;12;31;1.5;2;147;28
"ciar4n";1;"13900";4;0;4;15;277;269;0;6;50;0;3;57;17
"Bakual";1;"13898";2;0;1;1;25;30;1;9;92;0;2;47;23.5
"infograf768";1;"13897";3;0;1;4;4;4;1;10;95;0;2;62;21
"zero-24";1;"13894";13;0;1;5;106;101;1;8;46;0;3;208;13
"laoneo";1;"13893";6;0;1;4;0;45;20;8;72;2;5;152;24
"ciar4n";1;"13890";5;0;1;3;72;0;1;6;52;0;4;68;13
"infograf768";1;"13889";3;3;4;2;20;2;1;11;172;0;3;63;21
"marrouchi";1;"13885";7;0;5;2;3;0;26;14;96;0.5;4;192;25
"infograf768";1;"13884";3;0;1;1;10;2;1;9;86;0;2;54;17
"laoneo";1;"13883";0;0;1;1;1;0;0;8;10;NA;NA;NA;NA
"laoneo";1;"13882";8;0;2;1;11;1;1;7;97;0;5;158;20
"infograf768";1;"13881";0;0;1;1;2;0;0;7;10;NA;NA;NA;NA
"Bakual";1;"13875";5;0;3;14;248;3;2;12;145;0;4;235;34
"csthomas";1;"13860";1;0;1;5;152;0;13;5;23;NA;1;11;11
"rdeutz";1;"13859";1;0;1;1;0;21;4;9;62;NA;1;15;15
"photodude";1;"13858";1;0;1;1;2;2;2;4;69;NA;1;3;3
"izharaazmi";1;"13857";8;0;1;2;32;6;0;14;138;0;5;140;18
"infograf768";1;"13855";3;0;1;2;4;3;0;6;63;0;2;60;21
"csthomas";1;"13854";4;0;1;1;53;65;13;10;172;0;3;81;21.5
"tonypartridge";1;"13853";5;0;3;1;5;4;2;12;147;0;3;144;24
"ciar4n";1;"13852";3;0;2;2;3;2;0;7;47;0;2;59;21
"infograf768";1;"13850";0;0;2;1;3;4;0;6;42;NA;NA;NA;NA
"ciar4n";1;"13845";5;0;1;5;691;298;1;5;91;0;3;101;21
"wilsonge";1;"13843";0;0;1;4;58;58;0;3;53;NA;NA;NA;NA
"C-Lodder";1;"13842";9;0;3;26;495;483;0;7;26;0;4;219;17
"laoneo";1;"13840";3;0;1;1;4;4;0;7;66;0;3;42;16
"izharaazmi";1;"13838";9;0;1;1;27;0;1;13;98;0;5;159;18
"laoneo";1;"13837";8;0;1;7;122;17;0;5;151;0;6;193;19
"C-Lodder";1;"13834";0;2;3;1;9;0;0;9;45;NA;NA;NA;NA
"Fedik";1;"13833";4;0;1;1;1;0;1;10;26;1;3;81;21
"izharaazmi";1;"13830";47;0;14;22;351;121;2;13;296;0;4;1259;21.5
"coolcat-creations";1;"13829";13;0;3;2;11;9;38;10;56;1;7;293;21
"csthomas";1;"13825";8;0;1;1;2;2;2;4;219;0;6;186;24.5
"ciar4n";1;"13823";3;0;1;3;6;6;1;4;47;0.5;3;56;21
"bertmert";1;"13822";3;0;1;1;0;1;4;12;135;1.5;3;55;21
"infograf768";1;"13819";5;0;1;2;2;1;1;10;40;0;3;70;16
"Bakual";1;"13814";20;5;11;11;182;2;3;4;147;0;6;1005;23
"photodude";1;"13810";10;0;16;1;26;0;10;5;39;0;4;207;19
"infograf768";1;"13808";11;6;3;5;86;5;1;12;64;0;4;343;28
"laoneo";1;"13806";9;0;2;2;16;17;9;7;220;0;3;156;20
"photodude";1;"13802";0;0;1;1;3;6;0;6;33;NA;NA;NA;NA
"photodude";1;"13801";2;0;1;1;2;4;0;8;52;0;2;5;2.5
"photodude";1;"13799";1;0;3;3;11;11;0;4;48;NA;1;4;4
"rdeutz";1;"13798";0;0;1;3;4;31;0;12;2;NA;NA;NA;NA
"wilsonge";1;"13797";0;0;1;2;2;2;0;4;22;NA;NA;NA;NA
"roland-d";1;"13795";26;0;1;3;31;4;0;11;121;0;8;1016;29
"viocassel";1;"13794";3;0;1;2;15;6;0;5;59;0;3;43;21
"Bakual";1;"13791";15;0;1;1;2;0;2;4;116;0;5;490;21
"mbabker";1;"13790";16;0;11;11;187;13;1;4;83;0;4;741;39
"infograf768";1;"13785";6;0;1;1;2;2;0;5;44;0;5;122;21
"dgt41";1;"13784";1;0;6;15;97;119;1;5;23;NA;1;5;5
"jeckodevelopment";1;"13782";0;3;1;1;1;1;0;3;25;NA;NA;NA;NA
"tonypartridge";1;"13778";5;0;1;1;1;1;1;8;123;0;4;141;22
"klas";1;"13777";1;0;1;2;5;2;0;11;48;NA;1;7;7
"marrouchi";1;"13776";18;0;3;1;3;0;1;14;99;0;7;334;11
"joeforjoomla";1;"13775";8;1;5;1;3;0;6;9;118;0;5;195;20.5
"laoneo";1;"13773";3;0;1;4;2;31;0;9;79;0;3;55;21
"ciar4n";1;"13769";5;0;5;5;278;1;1;3;90;0;4;162;32
"csthomas";1;"13767";6;0;1;2;30;30;1;12;42;0;5;117;20.5
"laoneo";1;"13765";7;0;21;29;369;351;2;5;12;0;3;260;13
"infograf768";1;"13763";0;0;1;1;1;0;0;9;97;NA;NA;NA;NA
"laoneo";1;"13762";1;0;1;1;4;0;4;6;31;NA;1;5;5
"laoneo";1;"13761";5;0;2;1;34;0;0;7;90;0;3;96;21
"Bakual";1;"13759";3;0;1;2;3;3;1;4;47;0;3;55;21
"rdeutz";1;"13758";14;0;2;3;93;23;2;9;123;0;3;477;21
"regularlabs";1;"13756";7;0;1;1;1;1;2;7;63;0;4;131;13
"brianpeat";1;"13752";27;1;11;3;17;0;8;9;114;0;9;1221;34
"laoneo";1;"13750";4;0;1;3;5;37;0;8;72;0;3;79;21
"izharaazmi";1;"13749";5;0;3;12;103;19;1;12;77;0;3;139;22
"Bakual";1;"13745";7;0;2;4;12;4;2;6;126;0;4;201;25
"ciar4n";1;"13740";3;0;1;3;3;0;1;6;31;0.5;3;63;21
"wilsonge";1;"13738";2;0;8;15;12;729;0;4;70;0;2;15;7.5
"phproberto";1;"13737";4;0;1;1;4;3;3;10;326;1;4;129;34.5
"yvesh";1;"13732";1;0;1;5;20;266;0;4;39;NA;1;2;2
"rdeutz";1;"13727";0;0;1;1;1;1;0;8;54;NA;NA;NA;NA
"zero-24";1;"13724";1;0;1;6;36;17;0;5;28;NA;1;3;3
"zero-24";1;"13723";3;0;1;16;42;27;0;5;26;0;3;116;32
"laoneo";1;"13722";0;0;1;3;11;11;0;4;4;NA;NA;NA;NA
"laoneo";1;"13720";0;0;1;1;1;1;0;3;5;NA;NA;NA;NA
"C-Lodder";1;"13718";0;0;1;1;1;1;0;8;17;NA;NA;NA;NA
"dgt41";1;"13717";2;0;1;1;1;1;0;5;32;0;2;59;29.5
"dgt41";1;"13715";0;0;1;1;2;2;0;2;32;NA;NA;NA;NA
"dgt41";1;"13714";0;0;1;1;14;0;0;4;44;NA;NA;NA;NA
"dgt41";1;"13713";3;0;1;1;1;1;0;3;81;0;3;81;26
"C-Lodder";1;"13712";0;0;1;6;7;14;0;6;17;NA;NA;NA;NA
"infograf768";1;"13710";9;0;1;36;70;63;2;6;65;0;5;250;17
"laoneo";1;"13708";15;0;6;1;4;1;9;6;40;0;7;371;22
"laoneo";1;"13704";0;5;14;9;238;391;0;5;12;NA;NA;NA;NA
"Bakual";1;"13703";8;0;1;3;32;6;4;14;114;0;7;309;37
"Bakual";1;"13702";14;0;1;2;3;3;34;17;123;0;5;285;11
"ciar4n";1;"13698";5;0;1;3;3;3;7;7;30;0;4;100;21
"laoneo";1;"13697";0;0;4;5;88;76;0;5;12;NA;NA;NA;NA
"SoftForge";1;"13687";2;10;4;5;174;29;0;8;9;0;2;8;4
"dgt41";1;"13685";2;0;1;2;4;2;0;6;130;0;2;42;21
"laoneo";1;"13683";6;4;16;8;184;163;1;7;162;0;2;558;76
"MartijnMaandag";1;"13681";2;0;1;1;1;1;0;2;18;0;2;71;35.5
"joomdonation";1;"13679";2;0;3;3;14;10;0;7;106;0;2;36;18
"Bakual";1;"13677";6;0;1;2;5;2;0;8;155;0;4;272;29
"Bakual";1;"13676";2;0;1;3;13;4;1;8;88;0;2;53;26.5
"laoneo";1;"13672";13;5;15;1;84;9;1;4;28;0;4;370;25
"SoftForge";1;"13670";6;0;2;2;32;1;0;2;3;0;2;56;7
"infograf768";1;"13659";22;0;1;1;0;19;0;4;234;0;5;841;27
"joomdonation";1;"13656";9;0;6;2;13;7;32;7;131;0;5;173;16
"izharaazmi";1;"13650";13;0;1;2;7;8;6;13;92;0;4;211;14
"izharaazmi";1;"13649";13;0;4;3;23;7;15;9;65;0;5;364;19
"Bakual";1;"13643";12;0;2;1;10;7;3;4;99;0;4;318;26.5
"Bakual";1;"13638";23;8;15;6;60;102;12;3;446;0;5;1293;31
"810";1;"13636";1;0;2;1;21;21;0;5;20;NA;1;3;3
"joomdonation";1;"13635";3;0;1;1;10;10;2;3;43;0.5;3;33;8
"alikon";1;"13626";2;0;3;3;64;4;1;4;19;8;2;17;8.5
"infograf768";1;"13623";1;0;1;1;2;0;0;4;18;NA;1;21;21
"Bakual";1;"13621";15;0;2;7;0;45;6;6;159;0;6;634;21
"rdeutz";1;"13619";3;4;2;3;9;0;1;7;52;0;2;106;31
"rdeutz";1;"13618";1;0;1;3;54;54;0;4;43;NA;1;3;3
"alikon";1;"13617";1;0;1;1;2;0;0;4;6;NA;1;5;5
"nicksavov";1;"13615";2;0;1;1;1;1;1;8;55;1;2;28;14
"infograf768";1;"13612";20;0;2;1;1;1;4;6;50;0;3;443;19.5
"Bakual";1;"13610";5;0;1;1;1;1;11;7;62;1;5;167;33
"laoneo";1;"13607";4;0;1;1;4;3;6;10;68;0;3;99;25.5
"mbabker";1;"13603";2;0;1;2;28;11;0;6;41;0;2;29;14.5
"infograf768";1;"13593";3;0;1;4;22;3;0;8;102;0;3;50;21
"wilsonge";1;"13592";3;0;1;1;21;6;1;9;158;0;3;57;21
"joomlabeat";1;"13590";5;0;3;2;2;2;1;13;46;0.5;5;259;39
"Bakual";1;"13589";5;0;1;1;1;1;1;13;104;0;3;115;21
"ciar4n";1;"13586";3;0;1;4;46;36;1;6;71;0;3;55;21
"csthomas";1;"13585";21;3;3;3;42;70;23;10;425;0;4;481;19
"Bakual";1;"13578";5;0;1;1;4;7;24;6;135;0.5;4;83;21
"wilsonge";1;"13575";3;0;1;7;41;27;3;2;26;1.5;3;55;24
"wilsonge";1;"13574";3;0;1;1;5;0;3;6;126;0.5;3;68;21
"wilsonge";1;"13573";11;0;1;3610;3702;3702;0;5;0;0;6;223;14
"Bakual";1;"13572";21;0;1;1;7;7;50;6;236;0;5;968;46
"Bakual";1;"13571";12;0;2;1;2;2;0;4;63;0;8;279;26.5
"Bakual";1;"13570";3;0;1;1;1;1;2;6;68;0;3;56;21
"Bakual";1;"13564";1;0;1;1;1;1;0;8;25;NA;1;3;3
"infograf768";1;"13563";1;0;1;1;1;1;0;6;12;NA;1;1;1
"ciar4n";1;"13560";9;0;1;3;0;10;3;5;110;0;7;432;24
"jajodiaraghav";1;"13557";7;0;4;1;1;1;6;9;37;0.5;6;129;21
"laoneo";1;"13556";5;0;1;1;0;1;1;12;97;0;3;107;21
"laoneo";1;"13555";3;0;1;2;0;35;1;7;34;0;3;58;21
"laoneo";1;"13554";8;0;4;2;5;8;7;8;78;1;4;183;13
"andrepereiradasilva";1;"13550";2;0;1;1;0;3;0;3;21;0;2;23;11.5
"Bakual";1;"13549";5;0;2;5;17;8;4;4;107;0.5;5;205;35
"laoneo";1;"13547";7;0;1;1;1;1;2;9;91;0;4;231;24
"laoneo";1;"13546";8;0;2;6;92;72;6;11;85;0;4;150;17
"jajodiaraghav";1;"13545";7;0;1;1;4;2;7;8;100;0;3;231;25
"PhilETaylor";1;"13544";4;0;1;1;1;1;0;11;50;0;3;44;10.5
"Bakual";1;"13539";2;0;1;1;1;1;0;8;97;0;2;24;12
"Bakual";1;"13538";3;0;1;1;1;1;0;7;58;0;3;59;21
"rdeutz";1;"13537";26;35;41;42;4174;10;7;5;530;0;11;1270;27.5
"frankmayer";1;"13535";11;2;10;2;171;136;6;4;130;0;7;213;21
"csthomas";1;"13534";11;0;1;2;62;37;2;6;234;0;7;243;15
"laoneo";1;"13532";3;0;1;11;0;413;1;5;42;0;3;25;6
"mbabker";1;"13526";4;0;1;1;28;20;21;6;131;1;3;148;39.5
"mbabker";1;"13525";5;0;1;1;35;20;33;8;171;2;4;195;30
"mbabker";1;"13524";4;0;2;4;55;26;26;9;337;2;4;85;21
"mbabker";1;"13521";6;0;1;3;65;30;60;4;112;1;4;185;25.5
"mbabker";1;"13520";11;0;1;3;96;7;1;10;307;0;4;346;21
"PhilETaylor";1;"13516";47;7;9;5;166;38;2;11;529;0;10;3227;51
"zero-24";1;"13515";2;0;1;1;1;3;1;6;46;1;2;40;20
"andrepereiradasilva";1;"13514";2;0;2;6;41;19;2;11;100;1;2;49;24.5
"andrepereiradasilva";1;"13513";4;0;5;6;78;37;2;11;100;0;3;143;24.5
"andrepereiradasilva";1;"13512";9;0;2;1;10;13;2;10;51;0;5;216;24
"csthomas";1;"13505";14;0;2;11;864;51;19;6;547;0;7;678;21.5
"mbabker";1;"13504";2;6;1;38;802;127;29;8;223;14;2;21;10.5
"andrepereiradasilva";1;"13503";3;0;1;1;3;1;3;10;70;0;3;56;21
"frankmayer";1;"13498";12;0;2;6;83;97;29;5;198;0;7;349;27
"frankmayer";1;"13493";7;0;2;1;12;12;33;18;138;0;4;143;20
"andrepereiradasilva";1;"13490";15;0;4;2;4;3;1;3;35;0;7;390;23
"Bakual";1;"13488";3;0;1;1;1;1;0;6;74;0;2;55;21
"joomdonation";1;"13485";5;0;1;1;15;7;6;3;69;0.5;5;80;13
"infograf768";1;"13482";3;0;1;2;2;1;0;4;65;0;3;55;21
"dgt41";1;"13481";6;0;2;53;87;61;7;3;329;0;3;87;13.5
"frankmayer";1;"13480";4;0;2;1;23;6;31;3;62;0;3;90;23.5
"frankmayer";1;"13478";3;0;1;2;11;11;30;7;42;15;2;60;21
"ciar4n";1;"13477";2;0;4;1;2;2;0;9;33;0;2;61;30.5
"andrepereiradasilva";1;"13476";10;0;5;7;76;86;1;9;200;0;5;221;20
"Bakual";1;"13475";4;0;1;1;0;2;1;7;64;0;3;164;30.5
"rbsl-manisha";1;"13472";10;0;2;1;5;5;1;7;68;0;3;504;31
"frankmayer";1;"13469";7;4;5;1;2;2;2;8;87;0;3;310;24
"okonomiyaki3000";1;"13468";3;0;1;54;1487;1165;2;2;28;0.5;3;76;24
"andrepereiradasilva";1;"13466";3;0;2;9;21;82;0;8;74;0;3;85;24
"andrepereiradasilva";1;"13465";4;0;1;1;1;1;0;7;51;0;3;63;17.5
"andrepereiradasilva";1;"13464";2;0;1;1;1;1;1;4;28;0;2;27;13.5
"frankmayer";1;"13463";3;0;1;2;0;0;1;16;80;0.5;3;78;37
"zero-24";1;"13462";15;6;12;2;15;3;24;15;70;0;4;274;14
"frankmayer";1;"13461";8;0;1;1;19;0;3;4;32;0;5;182;19
"Bakual";1;"13460";3;0;1;1;3;6;1;11;59;0.5;3;61;24
"PhilETaylor";1;"13458";2;0;1;1;2;2;0;5;24;0;1;12;6
"piotr-cz";1;"13457";1;0;1;3;1613;1613;0;6;19;NA;1;1;1
"laoneo";1;"13456";12;0;2;1;6;0;3;5;78;0;6;228;17.5
"infograf768";1;"13455";15;0;1;5;15;13;1;6;288;0;6;687;23
"mbabker";1;"13452";8;0;2;19;248;13;4;7;269;0;5;508;48
"infograf768";1;"13450";6;0;1;2;13;4;1;11;66;0;4;186;31.5
"mbabker";1;"13449";4;0;1;2;1;7;4;7;100;1;4;148;30.5
"mbabker";1;"13448";3;0;1;8;42;53;3;8;62;0.5;3;62;24
"photodude";1;"13447";1;0;1;1;8;4;2;5;71;NA;1;22;22
"wilsonge";1;"13446";9;0;1;2;217;76;12;11;163;0;3;332;14
"frankmayer";1;"13442";3;0;2;13;94;93;40;6;25;17.5;3;52;21
"frankmayer";1;"13441";4;0;1;1;8;4;2;5;21;0;4;57;17
"photodude";1;"13439";1;0;1;3;10;10;0;5;52;NA;1;8;8
"dgt41";1;"13435";3;0;9;3;102;27;5;5;74;0.5;3;58;21
"Fedik";1;"13434";4;0;1;2;21;5;2;11;48;1;3;72;17.5
"infograf768";1;"13431";5;0;1;3;3;3;2;9;46;0.5;4;78;16
"andrepereiradasilva";1;"13427";7;0;3;3;29;25;5;10;173;1;5;203;25
"andrepereiradasilva";1;"13426";3;0;4;4;0;4;1;11;91;0;3;59;21
"andrepereiradasilva";1;"13425";17;0;11;5;16;21;6;7;69;0;7;539;18
"andrepereiradasilva";1;"13424";2;0;1;1;2;2;2;7;26;1;2;45;22.5
"Harmageddon";1;"13422";4;0;1;2;2;2;0;5;232;0;4;115;35
"coolcat-creations";1;"13420";6;0;1;2;4;4;7;6;29;0;6;319;44.5
"alikon";1;"13419";3;0;1;1;0;1;3;9;33;0;3;62;23
"ralain";1;"13418";1;0;1;1;1;1;1;4;19;NA;1;4;4
"ciar4n";1;"13413";4;0;1;3;3;3;0;3;50;0;3;61;18.5
"wilsonge";1;"13411";3;0;2;5;23;23;0;10;56;0;3;58;21
"frankmayer";1;"13410";1;0;1;23;104;123;5;5;31;NA;1;22;22
"wilsonge";1;"13409";0;0;1;28;1678;1823;0;7;75;NA;NA;NA;NA
"frankmayer";1;"13408";1;7;4;11;12;32;1;5;39;NA;1;3;3
"andrepereiradasilva";1;"13407";7;1;3;1;8;13;4;5;113;0;5;216;29
"ciar4n";1;"13406";4;0;1;6;98;98;1;8;60;0;4;79;17.5
"frankmayer";1;"13402";8;3;5;14;71;75;14;5;20;0;3;567;56
"frankmayer";1;"13398";0;3;2;14;23;23;0;5;39;NA;NA;NA;NA
"frankmayer";1;"13391";0;0;1;8;7;12;0;5;63;NA;NA;NA;NA
"frankmayer";1;"13390";7;0;4;1;6;10;1;7;64;0;5;178;30
"chrisdavenport";1;"13389";9;0;1;1;0;27;5;6;73;0;5;293;27
"mbabker";1;"13388";7;1;1;8;168;101;1;4;31;0;5;116;13
"Fedik";1;"13387";31;2;13;5;961;43;2;15;179;0;4;1541;23.5
"cpfeifer";1;"13384";6;0;8;3;4;4;6;4;75;0;6;142;21
"andrepereiradasilva";1;"13381";0;0;1;1;1;1;0;8;34;NA;NA;NA;NA
"joomdonation";1;"13380";5;6;1;1;11;14;18;4;92;0.5;4;122;25
"yvesh";1;"13379";5;0;3;2;2;2;19;8;23;0.5;5;134;27
"cpfeifer";1;"13378";2;0;4;1;1;1;0;6;51;0;2;42;21
"andrepereiradasilva";1;"13376";6;0;4;3;8;19;3;10;125;0;5;207;32.5
"andrepereiradasilva";1;"13374";3;0;1;1;1;1;0;3;24;0;2;55;21
"frankmayer";1;"13372";1;44;9;53;227;221;18;5;65;NA;1;25;25
"Fedik";1;"13368";4;0;2;5;93;101;0;10;51;0;3;63;18.5
"Fedik";1;"13367";33;0;7;3;12;2;8;11;64;0;3;1334;26.5
"Fedik";1;"13366";3;0;1;1;2;2;0;5;37;0;2;59;21
"mbabker";1;"13360";1;0;1;8;84;41;0;4;40;NA;1;21;21
"chrisdavenport";1;"13358";3;0;1;1;3;1;4;7;96;0.5;3;55;21
"mbabker";1;"13356";8;1;1;5;20;36;10;10;143;0;6;203;21
"joomdonation";1;"13354";8;0;1;1;1;0;13;5;137;0;4;277;21
"Bakual";1;"13353";17;11;2;5;21;116;77;10;129;0.5;7;418;13
"Bakual";1;"13348";4;4;2;1;30;14;4;12;174;1;4;89;25
"zero-24";1;"13347";1;0;1;1;2;2;0;5;44;NA;1;21;21
"laoneo";1;"13345";9;0;2;1;3;2;2;10;59;0;5;427;21
"Bakual";1;"13334";3;0;1;1;0;5;1;5;46;0;3;55;21
"cpfeifer";1;"13333";6;0;2;1;2;2;0;5;65;0;4;83;14.5
"MATsxm";1;"13329";3;0;1;1;1;1;0;10;54;0;3;49;21
"infograf768";1;"13328";0;0;1;1;3;3;0;4;83;NA;NA;NA;NA
"infograf768";1;"13326";4;0;1;1;1;1;0;9;273;0;4;66;19.5
"dgt41";1;"13323";3;0;1;1;1;1;1;3;65;0.5;3;44;21
"mbabker";1;"13321";4;1;1;39;1497;1216;5;6;55;0;3;78;16.5
"ggppdk";1;"13320";27;2;11;2;15;5;24;14;149;0;8;1703;37
"laoneo";1;"13319";33;12;42;201;3400;1441;19;7;201;0;5;1238;18.5
"Bakual";1;"13316";3;0;1;6;80;116;6;5;81;1;3;55;21
"Bakual";1;"13315";3;0;1;1;9;0;0;7;57;0;3;44;21
"frankmayer";1;"13309";10;0;2;17;53;53;1;5;79;0;4;540;50.5
"ciar4n";1;"13307";7;0;2;15;256;227;13;6;48;0;5;153;21
"laoneo";1;"13303";0;0;1;17;876;582;0;4;51;NA;NA;NA;NA
"Bakual";1;"13302";9;0;3;5;71;25;7;6;166;0;4;173;21
"Bakual";1;"13301";5;0;1;2;12;0;1;7;134;0;4;68;13
"frankmayer";1;"13298";3;0;1;8;23;23;5;5;54;0;3;59;21
"frankmayer";1;"13297";4;12;7;3;12;16;5;4;76;0;3;90;19
"frankmayer";1;"13296";6;0;5;7;8;11;7;4;77;0;5;239;27.5
"frankmayer";1;"13295";3;16;5;25;98;96;5;7;53;1.5;2;75;25
"frankmayer";1;"13293";3;0;1;41;138;138;5;7;53;1.5;2;51;17
"frankmayer";1;"13292";1;2;3;33;97;99;1;7;53;NA;1;1;1
"zero-24";1;"13290";2;0;1;1;28;34;1;11;46;0;2;5;2.5
"pocketpc";1;"13288";4;0;1;1;1;1;1;8;31;0;4;73;19
"csthomas";1;"13284";7;0;1;2;45;8;26;16;57;4;6;225;21
"viocassel";1;"13282";3;0;1;2;4;3;27;5;59;0.5;3;55;21
"ciar4n";1;"13280";4;0;1;4;33;2;2;6;52;0;3;59;17.5
"mbabker";1;"13274";4;0;1;2;13;14;3;5;29;0;3;77;20
"mbabker";1;"13273";3;0;1;5;24;11;3;8;68;1;3;128;54
"frankmayer";1;"13271";0;0;1;29;94;94;1;8;168;NA;NA;NA;NA
"ciar4n";1;"13269";3;0;1;3;3;0;0;4;44;0;2;60;21
"ciar4n";1;"13266";13;0;4;4;18;0;3;3;73;0;4;806;34
"csthomas";1;"13262";30;0;4;4;956;167;69;13;328;0;5;980;25
"ciar4n";1;"13261";3;0;1;4;110;89;0;3;56;0;3;58;21
"infograf768";1;"13259";0;0;2;2;0;2;0;5;68;NA;NA;NA;NA
"Bakual";1;"13256";16;0;6;7;139;409;16;10;268;0;7;747;31
"andrepereiradasilva";1;"13255";0;0;1;1;1;1;0;4;19;NA;NA;NA;NA
"mbabker";1;"13254";8;0;2;1;1;1;2;7;87;0;4;199;22
"andrepereiradasilva";1;"13252";4;0;6;6;1;12;1;6;74;0;3;82;21
"frankmayer";1;"13248";4;0;1;5;10;5;4;6;23;0;4;60;17
"Bakual";1;"13246";12;5;2;6;96;41;3;7;107;0;6;244;18.5
"frankmayer";1;"13245";0;3;3;10;28;28;2;6;106;NA;NA;NA;NA
"frankmayer";1;"13244";0;0;2;14;41;42;2;13;112;NA;NA;NA;NA
"frankmayer";1;"13241";3;0;5;5;7;23;2;5;121;1;3;62;24
"frankmayer";1;"13239";3;0;1;6;10;10;1;6;100;0;3;63;24
"frankmayer";1;"13236";0;0;4;16;21;54;52;5;99;NA;NA;NA;NA
"frankmayer";1;"13235";3;0;2;18;25;25;1;6;100;0;3;64;25
"frankmayer";1;"13234";3;0;4;33;104;104;52;13;111;12.5;2;35;8
"Bakual";1;"13233";3;0;1;1;37;36;3;5;191;0.5;3;70;24
"laoneo";1;"13229";0;0;1;1;2;2;0;4;11;NA;NA;NA;NA
"infograf768";1;"13228";7;0;1;3;46;7;3;8;148;0;5;94;7
"Bakual";1;"13221";5;0;1;1;28;12;52;7;182;0.5;4;86;19
"frankmayer";1;"13216";3;0;4;9;15;19;2;4;109;0.5;3;58;21
"frankmayer";1;"13215";0;0;1;3;10;10;4;6;99;NA;NA;NA;NA
"frankmayer";1;"13213";0;0;4;5;9;11;4;4;117;NA;NA;NA;NA
"frankmayer";1;"13212";1;5;1;8;23;23;4;5;100;NA;1;21;21
"frankmayer";1;"13211";0;2;2;20;55;55;4;6;101;NA;NA;NA;NA
"frankmayer";1;"13206";3;3;8;41;18;70;7;6;57;2;3;61;24
"frankmayer";1;"13199";6;2;5;1;3;1;4;4;43;0;5;115;23
"frankmayer";1;"13198";4;0;2;2;0;30;4;4;22;0;3;43;8.5
"frankmayer";1;"13196";4;0;1;3;0;6;1;4;22;0;4;74;18.5
"zero-24";1;"13193";3;0;4;1;5;4;4;11;45;0;3;55;21
"frankmayer";1;"13190";8;7;4;32;57;57;1;6;58;0;5;165;23
"frankmayer";1;"13188";3;0;1;2;5;5;1;6;58;0;3;62;24
"frankmayer";1;"13187";3;0;1;2;2;6;1;3;55;0;3;62;24
"frankmayer";1;"13186";3;0;1;8;13;27;1;3;55;0;3;62;24
"frankmayer";1;"13185";4;3;4;15;18;18;2;7;59;0;4;72;18.5
"frankmayer";1;"13183";3;2;3;18;57;55;1;6;83;0.5;3;63;25
"dgt41";1;"13181";34;0;4;8;126;95;54;2;108;0;14;963;24
"laoneo";1;"13179";3;0;1;1;2;1;1;8;83;0.5;2;60;21
"marcochirienti";1;"13176";3;0;8;36;155;155;1;10;57;0;3;54;15
"laoneo";1;"13175";5;2;4;27;174;112;5;10;107;0.5;5;155;21
"marcochirienti";1;"13173";3;0;6;96;365;365;2;10;57;0.5;3;63;24
"frankmayer";1;"13171";3;0;1;2;8;8;0;5;25;0;3;71;21
"frankmayer";1;"13170";6;0;1;9;43;43;6;9;59;0;5;209;35
"csthomas";1;"13169";7;0;1;1;3;0;1;8;34;0;5;193;25
"frankmayer";1;"13162";5;0;3;2;22;2;4;4;4;1;5;109;24
"frankmayer";1;"13161";6;2;2;2;24;7;4;4;5;0;2;135;18.5
"frankmayer";1;"13160";1;0;2;4;4;4;1;4;27;NA;1;3;3
"Bakual";1;"13158";7;0;2;14;151;69;36;5;122;0.5;5;231;21
"frankmayer";1;"13157";2;0;1;1;1;1;1;4;4;0;2;33;16.5
"frankmayer";1;"13156";18;5;14;62;97;96;10;6;16;0;7;304;17.5
"alikon";1;"13155";10;2;3;2;7;2;11;11;24;1;6;208;17
"mbabker";1;"13154";24;1;4;16;182;9;3;11;177;0;6;1627;43
"Fedik";1;"13153";10;0;1;2;13;4;35;9;63;0;4;297;21.5
"infograf768";1;"13152";5;2;3;1;1;1;1;10;172;0;4;161;24
"marcochirienti";1;"13149";7;0;5;13;14;14;2;10;57;0;5;78;10
"mbabker";1;"13147";4;0;1;1;13;1;0;13;64;0;3;78;21
"infograf768";1;"13143";4;0;2;1;1;1;0;8;52;0;4;69;17
"marcochirienti";1;"13141";7;2;6;53;191;191;2;9;41;0;4;99;13
"bembelimen";1;"13140";6;0;4;1;3;1;5;10;51;0;4;126;21
"marcochirienti";1;"13139";2;1;2;4;9;9;0;4;25;0;2;30;15
"Bakual";1;"13136";2;0;1;1;3;3;0;5;36;0;2;46;23
"MATsxm";1;"13129";9;0;1;1;2;2;0;7;21;0;5;356;21
"AlexRed";1;"13127";9;0;1;1;1;1;3;11;57;0;4;159;14
"alikon";1;"13126";5;2;2;1;14;1;1;10;27;0;4;96;21
"chrisdavenport";1;"13125";3;0;1;1;6;0;1;7;40;0;3;63;21
"alikon";1;"13123";3;0;5;2;16;7;1;7;27;0.5;2;55;21
"chrisdavenport";1;"13121";1;0;1;2;15;8;1;5;57;NA;1;18;18
"brianteeman";1;"13119";6;0;1;1;1;1;1;6;32;0;5;193;17.5
"brianteeman";1;"13117";8;0;1;2;4;4;1;6;11;0;4;167;22
"brianteeman";1;"13116";13;2;4;2;9;9;0;3;37;0;6;935;38
"Bakual";1;"13115";3;0;2;9;5;76;2;9;77;0;3;55;21
"infograf768";1;"13112";11;0;4;1;22;3;4;14;247;0;5;385;24
"infograf768";1;"13111";0;0;1;1;6;0;0;7;17;NA;NA;NA;NA
"marcochirienti";1;"13109";3;0;1;1;1;1;1;6;24;0.5;2;55;21
"laoneo";1;"13103";32;3;11;4;24;22;15;9;220;0;6;743;23
"alikon";1;"13102";1;0;1;1;2;0;0;7;19;NA;1;1;1
"ciar4n";1;"13100";4;0;1;3;17;0;3;4;48;0;3;76;21
"chrisdavenport";1;"13099";1;0;1;4;20;3;1;8;19;NA;1;21;21
"csthomas";1;"13097";4;4;2;3;12;9;8;9;67;1;4;80;18.5
"dgt41";1;"13094";5;0;2;2;29;16;13;4;113;1.5;3;128;21
"laoneo";1;"13093";21;0;6;2;7;3;18;12;122;0;6;504;21
"Bakual";1;"13092";3;0;1;1;0;1;28;5;56;3.5;3;61;24
"Bakual";1;"13091";0;6;2;5;89;58;0;3;79;NA;NA;NA;NA
"tonypartridge";1;"13090";6;2;4;2;4;3;1;11;72;0;3;96;17
"Bakual";1;"13089";3;0;1;2;2;11;1;5;199;0;2;61;21
"Bakual";1;"13087";6;0;2;2;47;37;1;11;93;0;3;142;21
"bembelimen";1;"13086";7;0;1;1;10;7;8;3;119;1;3;332;14
"bembelimen";1;"13085";6;2;4;1;118;12;63;4;82;4;5;120;18
"andrepereiradasilva";1;"13081";5;0;2;1;6;0;14;12;168;0;4;58;12
"andrepereiradasilva";1;"13079";3;0;3;1;6;2;7;13;196;3.5;3;83;31
"mbabker";1;"13074";5;0;4;7;82;46;16;3;133;2.5;5;112;21
"mbabker";1;"13073";7;0;1;3;292;17;3;12;282;0;5;541;34
"brianteeman";1;"13072";1;0;1;2;2;2;0;3;14;NA;1;2;2
"brianteeman";1;"13071";1;0;1;2;2;2;0;4;13;NA;1;2;2
"ciar4n";1;"13070";8;0;1;3;7;7;0;5;26;0;5;155;21
"laoneo";1;"13069";18;0;7;7;64;63;12;10;117;0;8;435;25
"brianteeman";1;"13068";5;0;1;1;1;1;2;2;26;0.5;3;121;21
"ggppdk";1;"13064";9;4;4;2;12;0;11;5;159;0.5;6;466;63
"csthomas";1;"13061";3;0;1;1;1;3;4;5;36;0;3;68;24
"mbabker";1;"13057";3;0;1;1;4;0;0;8;41;0;2;58;21
"Bakual";1;"13053";3;0;1;1;1;1;5;5;223;0;2;55;21
"alikon";1;"13052";5;0;1;1;14;1;8;6;25;1.5;4;177;21
"infograf768";1;"13049";10;0;1;1;26;9;6;5;58;0;6;394;26.5
"zero-24";1;"13047";13;4;13;7;59;26;12;11;79;0;5;278;21
"infograf768";1;"13043";7;0;1;5;5;5;1;4;122;0;4;166;21
"shur";1;"13042";8;0;4;1;1;2;8;4;15;0;6;210;21
"mbabker";1;"13039";2;0;1;3;6;6;0;7;39;0;2;46;23
"izharaazmi";1;"13036";63;5;37;115;2657;913;51;6;1274;0;7;1437;30
"andrepereiradasilva";1;"13035";6;0;2;2;3;1;10;18;117;0;5;113;21
"andrepereiradasilva";1;"13030";8;0;3;1;40;1;50;7;84;0;3;250;22.5
"andrepereiradasilva";1;"13029";0;0;1;1;28;3;25;7;83;NA;NA;NA;NA
"andrepereiradasilva";1;"13028";0;0;1;1;1;1;25;7;85;NA;NA;NA;NA
"andrepereiradasilva";1;"13026";0;0;1;1;26;1;25;7;82;NA;NA;NA;NA
"andrepereiradasilva";1;"13025";3;0;1;1;8;8;0;7;35;0;3;49;21
"infograf768";1;"13024";9;0;2;5;5;5;1;6;8;0;5;133;14
"alikon";1;"13023";9;2;3;1;6;1;10;5;48;0;5;154;21
"marcochirienti";1;"13022";13;0;6;34;71;71;10;7;57;0;6;435;23
"Hackwar";1;"13021";8;0;7;4;0;51;23;6;11;0;2;162;19
"Bakual";1;"13019";66;4;11;48;3052;1115;10;7;208;0;5;1319;30.5
"zero-24";1;"13015";3;0;2;1;2;0;11;9;32;0;2;55;21
"brianteeman";1;"13013";8;0;9;10;192;192;14;2;10;0;4;137;15.5
"marcochirienti";1;"13010";11;0;3;1;5;5;0;13;39;0;7;154;19
"sweco-semhul";1;"13006";5;0;1;1;1;1;1;6;45;0;4;99;21
"sweco-semhul";1;"13003";4;0;1;1;10;7;12;10;37;0;3;86;23
"alikon";1;"12999";5;0;1;1;1;1;15;10;59;1.5;3;570;24
"okonomiyaki3000";1;"12997";5;0;1;6;31;5;15;10;57;1;4;85;20
"okonomiyaki3000";1;"12993";22;0;3;4;16;14;27;3;87;0;10;1362;26.5
"marcochirienti";1;"12992";2;0;1;1;1;1;0;4;30;0;2;45;22.5
"photodude";1;"12990";23;14;94;171;2325;2184;18;9;81;0;4;8125;23
"brianteeman";1;"12989";5;0;2;45;118;53;5;4;894;2.5;3;128;28
"laoneo";1;"12988";22;0;6;1;1;0;82;8;135;0;7;733;31
"brianteeman";1;"12987";10;4;2;5;10;6;13;5;42;0;4;106;8
"shur";1;"12986";3;0;1;1;1;1;0;4;15;0;3;63;11
"infograf768";1;"12984";10;0;1;1;320;320;0;6;12;0;4;421;32
"Bakual";1;"12980";10;0;2;2;3;3;2;6;61;0;4;385;22
"mbabker";1;"12977";21;2;8;14;245;155;15;4;192;0;7;1636;36
"andrepereiradasilva";1;"12975";3;0;4;4;36;25;14;6;100;1.5;2;55;21
"andrepereiradasilva";1;"12971";4;0;7;4;17;8;17;6;105;4;3;62;17
"andrepereiradasilva";1;"12970";5;0;10;4;37;12;66;6;150;19.5;5;92;21
"Bakual";1;"12969";23;0;5;4;41;3;17;7;175;0;4;1826;22
"laoneo";1;"12968";35;2;10;6;125;65;44;7;140;0;4;1476;31.5
"laoneo";1;"12967";3;0;2;1;1;12;14;7;139;7;3;54;21
"okonomiyaki3000";1;"12966";7;0;4;7;80;66;43;3;112;1;5;122;21
"andrepereiradasilva";1;"12965";8;0;6;4;11;8;42;6;71;1;5;91;10
"andrepereiradasilva";1;"12964";4;0;5;4;17;7;17;6;71;1;3;67;17
"andrepereiradasilva";1;"12963";3;0;2;3;9;4;15;6;91;0;2;59;21
"andrepereiradasilva";1;"12959";2;0;8;8;8;8;15;8;137;0;2;42;21
"andrepereiradasilva";1;"12953";7;0;11;14;236;143;43;6;66;1;5;114;21
"imanickam";1;"12951";2;0;1;1;1;1;3;10;614;1;2;42;21
"andrepereiradasilva";1;"12950";2;0;1;1;1;5;16;11;81;0;2;61;30.5
"andrepereiradasilva";1;"12949";3;0;3;6;17;2;16;11;59;1.5;2;55;21
"andrepereiradasilva";1;"12947";6;0;2;1;29;21;37;13;70;1;5;103;20
"dgt41";1;"12943";0;0;1;8;82;4;0;5;74;NA;NA;NA;NA
"ralain";1;"12941";2;0;1;1;1;1;9;10;77;2;2;69;34.5
"tecpromotion";1;"12938";5;0;2;2;5;6;0;7;105;0;4;84;21
"brianteeman";1;"12937";4;0;1;1;2;2;18;3;69;3;3;56;17
"ciar4n";1;"12935";5;0;1;3;0;9;1;7;40;0;4;82;21
"infograf768";1;"12932";8;10;6;1;20;12;10;4;475;0;4;817;28
"alikon";1;"12931";8;0;5;4;28;2;22;8;186;1;4;633;50
"andrepereiradasilva";1;"12929";5;0;6;2;27;25;1;6;116;0;3;105;21
"chrBrd";1;"12928";1;0;1;1;1;0;1;10;174;NA;1;38;38
"brianteeman";1;"12925";4;0;1;1;16;2;19;7;21;3;3;72;21.5
"andrepereiradasilva";1;"12918";2;0;6;2;12;8;81;5;72;0;2;131;65.5
"andrepereiradasilva";1;"12917";2;0;1;1;40;27;1;12;71;0;2;42;21
"andrepereiradasilva";1;"12916";3;0;2;1;100;71;20;8;122;1.5;2;97;21
"andrepereiradasilva";1;"12915";0;0;3;3;158;158;0;6;32;NA;NA;NA;NA
"brianteeman";1;"12913";6;0;1;3;4;4;0;4;68;0;4;75;15.5
"andrepereiradasilva";1;"12911";6;0;1;1;25;15;20;9;90;0;4;172;23
"Bakual";1;"12908";11;0;2;1;6;0;20;11;85;0;6;309;21
"andrepereiradasilva";1;"12906";11;0;7;1;12;0;20;11;90;0;5;447;35
"phproberto";1;"12905";3;0;1;1;20;144;1;3;62;0.5;2;50;12
"phproberto";1;"12904";4;0;1;1;5;0;21;11;227;0;3;91;21
"Bakual";1;"12899";3;0;1;2;6;5;1;9;68;0.5;3;43;21
"Hackwar";1;"12897";3;0;1;1;0;10;0;8;28;0;2;61;21
"810";1;"12895";24;0;2;1;1;1;3;5;16;0;10;555;17
"brianteeman";1;"12892";5;0;2;1;2;2;1;3;32;0;4;57;13
"laoneo";1;"12886";22;5;7;3;24;11;23;8;121;0;5;539;16.5
"laoneo";1;"12885";5;0;1;1;2;2;1;12;62;0;3;153;27
"mbabker";1;"12882";0;0;9;35;369;289;39;7;376;NA;NA;NA;NA
"infograf768";1;"12879";25;0;4;1;9;0;2;10;64;0;7;499;20
"Fedik";1;"12877";10;0;2;2;15;1;27;7;62;0;5;158;12
"mbabker";1;"12876";6;0;2;45;4;20910;7;4;30;0;5;83;11.5
"Hackwar";1;"12875";1;0;6;13;21;1646;12;7;31;NA;1;19;19
"infograf768";1;"12871";3;0;1;1;19;19;3;9;267;0;3;94;26
"Bakual";1;"12869";9;0;2;4;4;4;5;13;96;0;3;166;21
"Bakual";1;"12868";10;0;1;1;1;1;4;10;163;0;5;348;30
"andrepereiradasilva";1;"12867";16;0;34;18;26;34;25;8;65;0;6;1007;33
"Bakual";1;"12865";8;0;2;3;99;96;4;7;153;0;4;187;21.5
"Bakual";1;"12864";10;0;1;4;75;77;4;6;86;0;4;219;21
"Bakual";1;"12863";4;0;2;2;15;12;4;9;71;0;4;79;20.5
"Bakual";1;"12861";10;0;3;6;242;221;4;7;86;0;5;198;18
"Bakual";1;"12858";10;0;1;4;0;10;2;10;85;0;6;354;25
"smehrbrodt";1;"12856";1;0;2;2;3;3;0;6;13;NA;1;21;21
"Bakual";1;"12855";12;0;2;6;12;6;5;7;118;0;6;308;21
"bembelimen";1;"12854";5;0;1;1;14;14;4;8;202;0;5;109;21
"andrepereiradasilva";1;"12852";6;0;11;11;11;11;6;10;69;0;4;106;17.5
"andrepereiradasilva";1;"12851";8;0;4;4;14;14;1;5;136;0;5;116;15
"andrepereiradasilva";1;"12850";11;0;13;1;463;252;27;9;467;0;4;607;21
"ggppdk";1;"12844";5;0;1;2;4;3;48;7;110;0;4;191;21
"andrepereiradasilva";1;"12836";6;0;1;1;4;4;7;8;576;0;5;179;24.5
"infograf768";1;"12835";22;0;1;6;9;9;2;10;92;0;6;839;25.5
"brianteeman";1;"12833";4;0;4;2;4;4;7;4;44;2;3;56;17
"andrepereiradasilva";1;"12827";3;0;1;1;5;1;7;12;85;0;3;65;21
"andrepereiradasilva";1;"12826";10;0;2;2;4;5;7;9;115;0;4;355;21.5
"andrepereiradasilva";1;"12825";7;0;1;1;3;9;5;14;124;0;4;190;21
"andrepereiradasilva";1;"12824";5;0;1;1;4;7;7;7;83;0;5;114;21
"jeckodevelopment";1;"12823";3;0;1;1;1;2;0;4;81;0;3;55;21
"andrepereiradasilva";1;"12821";10;0;6;1;16;20;90;13;91;0;4;211;21
"andrepereiradasilva";1;"12820";3;0;2;1;4;2;8;12;74;0;3;65;21
"andrepereiradasilva";1;"12819";3;0;3;1;10;7;57;12;70;25.5;3;52;21
"andrepereiradasilva";1;"12818";3;0;1;1;1;1;10;7;59;2;3;55;21
"milux";1;"12817";35;2;5;1;14;1;1;8;90;0;8;1102;25.5
"andrepereiradasilva";1;"12815";4;0;2;2;6;6;8;11;81;0;4;56;17
"Bakual";1;"12814";3;0;1;1;1;1;1;6;156;0;2;55;21
"laoneo";1;"12813";19;1;5;4;113;8;27;3;136;0;6;447;21
"laoneo";1;"12811";6;0;2;1;1;1;30;9;57;0;4;172;21
"Bakual";1;"12808";2;0;1;1;0;1;0;5;53;0;2;50;25
"Bakual";1;"12807";18;0;2;15;22;22;29;7;127;0;5;700;27
"laoneo";1;"12803";5;0;3;1;0;33;30;6;36;0;3;75;21
"AlexRed";1;"12802";9;0;1;1;5;0;41;7;55;0;4;296;21
"andrepereiradasilva";1;"12800";10;0;1;1;3;4;8;9;79;0;7;317;26
"andrepereiradasilva";1;"12797";4;0;1;1;3;3;8;7;58;0;4;56;17
"PhilETaylor";1;"12791";4;11;10;2;18;2;12;9;138;0;3;101;22
"andrepereiradasilva";1;"12783";26;0;6;3;34;4;30;15;101;0;7;1504;36.5
"andrepereiradasilva";1;"12781";4;0;1;1;2;1;1;12;94;0;2;75;19.5
"andrepereiradasilva";1;"12780";4;4;3;1;4;8;3;6;82;0;3;46;12
"brianteeman";1;"12779";3;0;2;1;1;1;2;6;58;0.5;3;96;38
"jeckodevelopment";1;"12776";2;0;1;1;0;1;0;2;10;0;2;42;21
"PhilETaylor";1;"12774";6;2;2;1;1;0;0;5;5;0;4;153;26
"PhilETaylor";1;"12771";4;0;1;1;1;1;0;11;16;0;2;76;19
"PhilETaylor";1;"12770";2;0;1;1;1;1;0;11;18;0;1;42;21
"brianteeman";1;"12769";4;0;1;1;1;1;1;6;30;0;3;56;17
"brianteeman";1;"12767";6;0;1;1;1;1;1;3;62;0;4;61;7
"andrepereiradasilva";1;"12766";4;0;1;1;4;1;1;6;55;0;3;85;21
"zero-24";1;"12764";1;0;1;1;0;1;0;12;29;NA;1;28;28
"zero-24";1;"12763";7;0;1;1;3;4;15;3;83;0.5;5;228;21
"brianteeman";1;"12760";5;2;4;1;4;6;1;5;12;0;3;65;13
"brianteeman";1;"12757";2;0;1;1;1;1;0;5;11;0;2;3;1.5
"brianteeman";1;"12756";17;0;2;2;8;4;4;7;31;0;5;744;29
"pe7er";1;"12753";7;0;3;7;7;4;11;10;193;1;5;179;25
"Devportobello";1;"12752";25;0;3;2;11;1;35;7;86;0;10;892;23
"roland-d";1;"12750";11;0;1;1;1;0;0;6;93;0;6;311;22
"brianteeman";1;"12749";4;0;1;8;25;0;1;2;6;0;4;56;17
"chrisdavenport";1;"12745";8;0;1;1;3;1;11;7;176;0;4;490;39.5
"andrepereiradasilva";1;"12742";22;0;4;2;140;115;1;7;39;0;5;794;21
"Bakual";1;"12740";19;0;1;2;12;13;2;9;199;0;8;957;35
"ggppdk";1;"12739";48;0;8;9;61;23;4;16;173;0;6;1775;46.5
"infograf768";1;"12737";5;0;1;2;8;4;1;7;143;0;4;81;20
"Bakual";1;"12736";4;0;1;1;1;1;1;8;58;0;3;76;21
"mbabker";1;"12735";1;0;1;1;63;51;0;8;115;NA;1;25;25
"Bakual";1;"12729";3;0;1;2;6;3;2;6;105;0;3;67;25
"Bakual";1;"12723";2;0;1;4;5;5;0;6;57;0;2;34;17
"ciar4n";1;"12722";7;0;1;3;3;0;0;7;39;0;4;240;13
"andrepereiradasilva";1;"12720";7;0;18;47;155;243;1;13;113;0;4;122;21
"brianteeman";1;"12719";8;0;3;1;1;1;2;5;61;0;4;135;19.5
"andrepereiradasilva";1;"12718";3;0;4;3;5;5;1;7;64;0;3;40;17
"andrepereiradasilva";1;"12717";3;0;1;1;10;2;1;9;46;0.5;3;44;21
"andrepereiradasilva";1;"12716";4;2;2;1;2;1;1;9;77;0;3;60;18.5
"andrepereiradasilva";1;"12714";5;0;1;1;2;1;1;7;81;0;4;61;16
"andrepereiradasilva";1;"12713";5;0;2;2;8;7;2;6;70;0;3;54;13
"alikon";1;"12712";11;0;11;3;3;3;0;7;14;0;5;227;21
"brianteeman";1;"12709";5;0;1;1;1;1;0;4;75;0;5;81;21
"brianteeman";1;"12708";10;0;1;2;2;2;1;5;54;0;6;357;18.5
"zero-24";1;"12707";7;0;3;6;11;11;0;6;17;0;3;98;11
"brianteeman";1;"12702";6;0;3;2;2;2;0;3;17;0;4;69;10.5
"laoneo";1;"12699";6;0;2;2;1;15;13;7;30;1;5;80;12
"laoneo";1;"12698";3;0;1;2;2;2;4;8;58;0;2;84;21
"laoneo";1;"12696";11;0;4;1;8;3;42;11;84;0;4;235;21
"ggppdk";1;"12688";14;0;2;1;11;7;2;13;56;0;8;470;21
"alex7r";1;"12686";0;0;1;1;1;1;0;2;6;NA;NA;NA;NA
"brianteeman";1;"12684";13;6;8;3;9;0;2;8;66;0;6;331;15
"chrisdavenport";1;"12680";4;0;1;1;3;0;14;9;105;5;3;96;17
"chrisdavenport";1;"12679";8;0;1;2;2;0;35;9;75;0;4;256;24.5
"Bakual";1;"12678";0;0;1;1;0;6;0;4;46;NA;NA;NA;NA
"brianteeman";1;"12677";4;4;4;2;6;6;3;2;87;0;3;62;17
"laoneo";1;"12675";5;0;1;1;1;1;0;6;35;0;5;75;14
"laoneo";1;"12674";4;0;1;5;0;27;0;11;31;0;3;64;18.5
"laoneo";1;"12672";7;0;1;4;0;491;1;4;79;0;5;127;21
"andrepereiradasilva";1;"12671";6;0;12;8;38;97;14;5;94;0;3;101;17.5
"bertmert";1;"12669";2;0;2;2;4;2;0;6;14;1;2;12;6
"photodude";1;"12667";2;0;1;1;2;2;0;5;103;0;2;5;2.5
"brianteeman";1;"12663";5;0;1;4;8;8;1;4;80;0;5;108;25
"alikon";1;"12660";41;1;21;2;308;2;68;7;100;0;8;965;22.5
"infograf768";1;"12656";16;0;2;1;2;2;13;11;74;0;5;599;29.5
"infograf768";1;"12653";11;0;1;3;18;9;4;8;89;0;5;448;21
"mbabker";1;"12650";0;0;1;2;10;8;0;8;40;NA;NA;NA;NA
"infograf768";1;"12646";4;4;2;11;53;14;1;11;151;0;3;71;16
"mbabker";1;"12644";3;0;1;1;2;1;1;7;25;0.5;3;44;7
"ciar4n";1;"12643";62;4;23;10;917;3;47;3;91;0;4;1203;33.5
"alikon";1;"12642";47;1;9;5;87;3;49;8;38;0;6;1136;24.5
"andrepereiradasilva";1;"12641";13;0;7;2;38;60;5;10;70;0;4;383;24
"Bakual";1;"12640";12;2;5;3;10;0;16;3;80;0;5;380;21
"andrepereiradasilva";1;"12635";4;0;1;1;2;2;13;6;72;0;2;153;34.5
"ciar4n";1;"12634";9;0;2;3;284;0;16;5;141;0;5;203;21
"Hackwar";1;"12629";5;0;2;1;7;9;6;7;117;0;4;90;21
"matrikular";1;"12627";27;6;8;3;130;74;40;12;453;0;8;1145;26
"brianteeman";1;"12626";11;2;6;1;2;2;7;13;121;0;4;244;14
"mbabker";1;"12622";0;0;330;1067;39409;20945;0;3;31;NA;NA;NA;NA
"Fedik";1;"12621";7;0;2;2;5;6;2;9;37;0;4;148;21
"brianteeman";1;"12618";1;0;7;7;163;130;0;6;9;NA;1;15;15
"brianteeman";1;"12611";7;0;2;1;2;2;41;7;116;1;4;138;13
"matrikular";1;"12608";7;0;7;3;19;9;0;12;167;0;6;169;21
"Bakual";1;"12600";3;0;1;1;7;0;2;7;313;0;2;78;16
"mbabker";1;"12599";2;0;1;1;0;1;0;6;53;0;2;25;12.5
"zero-24";1;"12589";6;0;4;3;3;3;5;10;48;0;4;114;16
"phproberto";1;"12585";10;0;1;1;2;2;2;6;186;0;5;230;21
"brianteeman";1;"12579";6;0;1;1;1;1;3;5;129;0;5;95;17
"eshiol";1;"12576";5;0;1;2;18;2;3;7;124;0;2;116;16
"Bakual";1;"12571";8;2;4;6;7;14;54;4;286;0;5;178;16
"brianteeman";1;"12569";8;0;1;1;2;2;3;3;11;0;6;116;17
"mbabker";1;"12564";4;0;1;1;1;1;1;2;32;0;2;62;17
"dgt41";1;"12561";55;38;23;41;606;270;120;7;385;0;7;682;17
"Bakual";1;"12557";4;0;1;1;1;2;4;6;77;1;2;70;17
"brianteeman";1;"12551";11;0;2;2;14;1;4;5;64;0;6;128;13
"brianteeman";1;"12548";9;0;1;4;10010;10371;7;4;27;0;4;209;22
"zero-24";1;"12547";6;0;5;3;29;0;26;12;88;19;3;95;17
"okonomiyaki3000";1;"12546";6;1;4;75;293;120;103;9;105;4;5;154;9.5
"phproberto";1;"12545";3;0;1;1;1;1;4;8;594;0.5;3;135;42
"okonomiyaki3000";1;"12541";11;0;1;49;9224;8913;7;3;35;0;6;201;13
"brianteeman";1;"12539";11;0;5;4;28;1;11;6;161;0;5;206;13
"jeckodevelopment";1;"12534";10;0;3;1;5;627;0;2;135;0;4;261;16.5
"mbabker";1;"12532";2;0;1;6;41;336;6;10;33;0;2;50;25
"mbabker";1;"12531";0;0;1;15;115;1144;6;9;104;NA;NA;NA;NA
"ciar4n";1;"12528";26;0;1;1;0;15;2;6;70;0;7;745;18.5
"jeckodevelopment";1;"12525";3;0;2;2;6;6;0;9;28;0;3;29;3
"demis-palma";1;"12524";2;0;1;1;1;1;0;4;56;0;2;26;13
"jeckodevelopment";1;"12523";2;0;1;1;1;1;0;5;24;0;2;25;12.5
"andrepereiradasilva";1;"12521";0;0;1;3;3;1;0;7;61;NA;NA;NA;NA
"PhilETaylor";1;"12514";10;1;3;1;5;0;1;13;201;0;4;321;33
"andrepereiradasilva";1;"12513";10;0;6;4;38;45;0;6;121;0;6;165;16
"andrepereiradasilva";1;"12512";13;0;7;2;2;2;16;6;70;0;4;345;21
"Fedik";1;"12511";12;0;4;2;106;35;1;13;143;0;5;280;19
"izharaazmi";1;"12510";4;0;1;1;3;0;45;9;137;2;4;78;21
"alikon";1;"12505";16;0;12;2;27;15;48;11;59;0;6;715;33
"dgt41";1;"12503";21;0;5;1;11;6;13;4;172;0;6;505;22
"csthomas";1;"12501";8;0;1;6;6;6;8;7;114;0;5;453;24
"rdeutz";1;"12497";8;3;2;2;65;17;1;6;161;0;6;237;28.5
"andrepereiradasilva";1;"12494";8;0;15;7;36;12;9;10;216;0;5;207;17
"brianteeman";1;"12490";4;0;1;1;1;1;49;7;103;1;4;94;15
"photodude";1;"12484";2;0;1;1;0;8;6;7;45;8;2;11;5.5
"photodude";1;"12478";14;2;3;1;1;1;6;8;190;0;5;426;23
"brianteeman";1;"12472";11;0;1;1;1;1;16;4;60;0;6;506;26
"brianteeman";1;"12471";2;3;2;1;1;0;50;13;85;0;2;4;2
"infograf768";1;"12468";5;0;1;1;4;2;6;7;24;0;3;72;15
"andrepereiradasilva";1;"12467";3;0;1;22;115;115;7;6;61;0;2;55;21
"andrepereiradasilva";1;"12465";7;0;6;2;4;3;23;14;91;0;4;215;24
