"gaearon";1;"9252";1;0;1;1;0;5;0;3;7;NA;1;1;1
"gaearon";1;"9247";0;1;1;1;64;66;0;3;31;NA;NA;NA;NA
"gaearon";1;"9246";0;0;1;1;17;0;0;5;21;NA;NA;NA;NA
"bvaughn";1;"9238";2;0;1;2;9;2;1;4;0;1;2;50;25
"gaearon";1;"9235";0;0;1;1;21;0;0;6;22;NA;NA;NA;NA
"bernard-lin";1;"9234";0;0;2;1;6;5;0;1;115;NA;NA;NA;NA
"tinglof";1;"9233";2;0;1;1;1;1;2;5;24;0;1;117;58.5
"gaearon";1;"9225";1;0;1;4;470;0;0;6;18;NA;1;8;8
"aickin";1;"9221";3;6;4;4;778;0;4;9;70;0;2;60;19
"shergin";1;"9219";1;2;2;3;95;5;2;8;129;NA;1;1;1
"CodinCat";1;"9215";1;0;1;1;3;3;0;7;0;NA;1;1;1
"gaearon";1;"9209";0;1;9;70;88;3768;3;2;114;NA;NA;NA;NA
"bvaughn";1;"9197";0;4;3;9;388;121;4;3;104;NA;NA;NA;NA
"bvaughn";1;"9196";0;0;1;3;5;5;1;7;30;NA;NA;NA;NA
"sebmarkbage";1;"9195";0;0;1;1;1;0;0;3;2;NA;NA;NA;NA
"sebmarkbage";1;"9194";2;0;1;2;93;7;0;10;89;0;2;10;5
"acdlite";1;"9187";2;7;7;5;89;7;1;7;38;1;2;22;11
"jergason";1;"9179";0;0;1;1;4;0;1;6;0;NA;NA;NA;NA
"bernard-lin";1;"9170";1;0;4;1;1;1;0;4;94;NA;1;1;1
"spicyj";1;"9165";0;0;2;1;5;0;0;7;0;NA;NA;NA;NA
"gadtfly";1;"9160";2;0;1;1;2;3;0;7;16;0;2;12;6
"spicyj";1;"9155";0;0;1;2;2;2;0;4;8;NA;NA;NA;NA
"gaearon";1;"9153";1;0;2;5;18;25;0;5;48;NA;1;15;15
"acdlite";1;"9145";0;0;2;2;49;25;8;6;3;NA;NA;NA;NA
"gaearon";1;"9144";6;0;1;1;1;1;1;11;55;0;2;176;31.5
"gaearon";1;"9143";0;0;2;2;20;20;0;5;0;NA;NA;NA;NA
"gaearon";1;"9139";1;0;1;2;15;15;1;5;28;NA;1;4;4
"gaearon";1;"9136";2;0;1;1;1;1;0;8;4;0;1;30;15
"spicyj";1;"9127";0;0;1;3;8;4;0;5;1;NA;NA;NA;NA
"spicyj";1;"9126";0;0;1;1;3;3;0;8;1;NA;NA;NA;NA
"jddxf";1;"9121";1;0;1;1;10;10;0;11;8;NA;1;3;3
"vnctaing";1;"9114";9;2;6;1;6;6;1;5;37;0;5;520;59
"aweary";1;"9111";5;0;2;2;1;40;3;4;115;1;3;87;15
"aweary";1;"9110";0;0;1;3;0;73;2;2;29;NA;NA;NA;NA
"aweary";1;"9109";6;0;1;3;0;134;2;2;35;0;2;233;31.5
"aweary";1;"9107";0;0;1;3;0;264;1;2;66;NA;NA;NA;NA
"aickin";1;"9106";3;5;20;4;398;15;16;10;85;5;2;99;29
"gaearon";1;"9105";17;13;7;4;67;57;1;10;117;0;5;609;31
"sebmarkbage";1;"9101";10;35;9;328;12794;11435;11;2;100;0;5;483;31
"acdlite";1;"9098";0;0;1;5;210;10;1;9;27;NA;NA;NA;NA
"acdlite";1;"9097";8;0;1;2;3;2;1;11;17;0;3;213;23
"trueadm";1;"9096";10;22;13;8;108;69;5;6;73;0;4;403;24.5
"aickin";1;"9089";3;2;12;3;63;52;2;12;51;1;2;47;13
"acdlite";1;"9088";8;0;2;3;29;2;2;7;5;0;4;176;17.5
"acdlite";1;"9087";0;1;1;5;6;12;0;8;2;NA;NA;NA;NA
"FokkeZB";1;"9084";0;0;1;1;1;1;0;5;3;NA;NA;NA;NA
"acdlite";1;"9082";12;12;7;25;166;44;1;6;27;0;5;271;15
"trueadm";1;"9080";0;4;3;6;51;171;1;6;64;NA;NA;NA;NA
"sebmarkbage";1;"9078";4;0;4;247;615;478;1;7;57;0;2;64;16
"spicyj";1;"9077";2;0;1;22;89;88;0;3;21;0;2;79;39.5
"acdlite";1;"9076";3;9;5;9;69;8;2;10;24;0;2;61;23
"beznosd";1;"9074";3;4;3;2;5;0;4;7;7;0.5;3;68;27
"bvaughn";1;"9073";9;0;2;1;10;1;1;11;40;0;4;295;29
"gaearon";1;"9071";6;8;42;17;1593;427;9;3;176;0;2;138;26
"sunny";1;"9070";0;0;1;1;1;1;3;4;12;NA;NA;NA;NA
"bernard-lin";1;"9067";0;0;1;1;1;1;1;3;105;NA;NA;NA;NA
"spicyj";1;"9063";0;0;1;1;8;3;0;5;3;NA;NA;NA;NA
"acdlite";1;"9060";1;0;1;1;1;1;0;3;56;NA;1;17;17
"nihgwu";1;"9058";1;0;1;1;1;1;0;2;2;NA;1;3;3
"aickin";1;"9055";10;8;7;3;186;0;6;6;195;0;3;529;45
"acdlite";1;"9054";0;0;1;1;4;0;0;7;12;NA;NA;NA;NA
"dainguyenhuu";1;"9051";2;0;1;1;1;1;0;2;94;0;1;117;58.5
"spicyj";1;"9050";0;0;1;1;3;1;0;4;0;NA;NA;NA;NA
"bvaughn";1;"9049";1;0;1;5;104;0;0;10;65;NA;1;11;11
"Stephie";1;"9047";1;0;1;1;1;1;0;5;94;NA;1;1;1
"trueadm";1;"9045";13;2;6;4;16;5;1;12;54;0;3;526;38
"trueadm";1;"9043";1;3;4;4;30;15;1;7;73;NA;1;29;29
"mdogadailo";1;"9042";0;0;1;4;38;0;1;9;5;NA;NA;NA;NA
"acdlite";1;"9040";0;0;5;4;68;0;1;7;43;NA;NA;NA;NA
"bvaughn";1;"9039";0;2;1;2;7;5;0;8;87;NA;NA;NA;NA
"thymikee";1;"9034";2;0;1;2;275;290;1;4;17;0;2;11;5.5
"valscion";1;"9032";16;0;5;2;54;54;10;13;71;0;2;253;11.5
"maxweldsouza";1;"9031";0;0;1;1;24;29;3;3;55;NA;NA;NA;NA
"romamatusevich";1;"9028";1;0;1;1;1;1;0;5;0;NA;1;1;1
"spicyj";1;"9019";2;2;1;4;45;12;0;4;0;0;2;36;18
"dsblv";1;"9015";8;0;1;4;2;8;0;7;21;0;3;141;18
"acdlite";1;"9004";7;16;9;16;312;277;9;9;87;0;4;426;48
"spicyj";1;"9002";1;0;1;3;51;20;0;4;24;NA;1;3;3
"sebmarkbage";1;"9000";1;0;1;1;4;0;0;7;47;NA;1;2;2
"sebmarkbage";1;"8999";3;0;1;1;9;3;0;6;14;0;3;48;13
"gaearon";1;"8997";0;0;1;3;0;252;0;8;40;NA;NA;NA;NA
"gaearon";1;"8996";0;0;1;1;1;1;0;9;13;NA;NA;NA;NA
"aweary";1;"8995";1;0;1;1;1;1;0;8;7;NA;1;6;6
"gaearon";1;"8994";0;0;1;1;1;1;0;7;59;NA;NA;NA;NA
"sebmarkbage";1;"8993";2;0;2;4;2;7;15;5;35;0;2;23;11.5
"spicyj";1;"8992";0;0;1;1;2;2;0;4;27;NA;NA;NA;NA
"sebmarkbage";1;"8991";1;0;1;1;1;3;0;4;75;NA;1;4;4
"gaearon";1;"8990";0;0;1;1;0;1;0;8;11;NA;NA;NA;NA
"BDav24";1;"8989";8;0;1;1;1;0;0;7;46;0;3;357;39
"jiminikiz";1;"8987";2;0;1;1;1;1;0;4;101;0;1;117;58.5
"pra85";1;"8985";1;0;1;1;1;1;0;7;3;NA;1;1;1
"philraj";1;"8981";6;0;1;1;1;1;1;6;94;0;3;201;21.5
"acdlite";1;"8978";3;3;1;12;263;271;2;9;50;2.5;2;82;28
"moacirosa";1;"8976";3;0;0;0;0;0;0;8;14;0;2;118;23
"acdlite";1;"8974";0;1;2;9;221;104;4;7;15;NA;NA;NA;NA
"bvaughn";1;"8973";0;0;1;1;13;7;1;7;54;NA;NA;NA;NA
"DanZeuss";1;"8970";10;0;3;1;85;4;10;5;124;0;3;491;39
"sebmarkbage";1;"8965";2;0;1;3;26;2;0;6;22;0;1;37;18.5
"sebmarkbage";1;"8963";1;0;1;8;0;0;0;7;69;NA;1;11;11
"sebmarkbage";1;"8962";0;0;1;1;8;8;0;3;23;NA;NA;NA;NA
"acdlite";1;"8961";1;6;4;8;237;122;17;10;57;NA;1;4;4
"bvaughn";1;"8960";0;0;1;1;1;1;1;5;0;NA;NA;NA;NA
"bvaughn";1;"8959";2;3;3;7;77;59;1;5;15;0;2;74;37
"sebmarkbage";1;"8954";1;1;1;28;1117;1117;0;9;58;NA;1;34;34
"acdlite";1;"8950";0;7;6;8;75;12;17;2;17;NA;NA;NA;NA
"acdlite";1;"8949";4;13;5;9;105;69;15;4;18;0;1;12;2.5
"acdlite";1;"8948";0;0;1;2;20;19;1;8;22;NA;NA;NA;NA
"seangransee";1;"8946";0;2;3;12;20;19;6;6;11;NA;NA;NA;NA
"gaearon";1;"8945";2;0;1;1;1;1;0;2;1;0;2;16;8
"koba04";1;"8943";1;0;1;1;1;5;6;4;9;NA;1;1;1
"koba04";1;"8942";4;0;1;3;0;26;3;3;11;1;2;27;2.5
"acdlite";1;"8937";0;0;1;7;67;86;1;4;14;NA;NA;NA;NA
"acdlite";1;"8936";0;1;2;8;65;163;1;7;13;NA;NA;NA;NA
"sebmarkbage";1;"8934";0;0;1;2;22;29;0;11;65;NA;NA;NA;NA
"lelandrichardson";1;"8931";21;18;8;5;285;6;4;8;262;0;4;865;38
"gaearon";1;"8930";0;5;1;1;8;0;2;7;35;NA;NA;NA;NA
"mitenka";1;"8927";3;0;1;1;1;1;2;2;8;0;2;73;11
"acdlite";1;"8926";3;18;3;7;217;103;3;8;24;1;2;57;7
"spicyj";1;"8923";0;0;1;3;74;28;0;13;13;NA;NA;NA;NA
"spicyj";1;"8922";0;0;1;2;28;0;20;7;0;NA;NA;NA;NA
"acdlite";1;"8921";1;0;1;1;6;1;0;9;2;NA;1;1;1
"acdlite";1;"8919";2;14;7;5;110;24;5;5;14;4;1;6;3
"gaearon";1;"8918";1;0;1;4;32;47;0;8;20;NA;1;8;8
"krinoid";1;"8916";14;6;7;1;50;4;4;8;71;0;3;379;22
"pontusab";1;"8915";1;0;2;1;10;5;0;2;5;NA;1;20;20
"gaearon";1;"8914";0;0;1;1;2;2;0;4;1;NA;NA;NA;NA
"omidfi";1;"8913";5;0;2;1;1;1;0;7;20;0;2;100;19
"jonbretman";1;"8910";3;0;1;8;16;15;5;4;13;1;2;12;4
"acdlite";1;"8908";1;0;1;3;6;5;1;7;9;NA;1;7;7
"acdlite";1;"8907";10;0;2;4;15;18;2;8;16;0;3;240;21
"acdlite";1;"8906";0;0;1;1;1;1;0;5;7;NA;NA;NA;NA
"acdlite";1;"8905";2;0;1;2;26;3;1;4;26;0;2;42;21
"gaearon";1;"8903";1;0;3;6;276;8;8;9;50;NA;1;6;6
"spicyj";1;"8900";0;0;1;1;1;1;0;6;1;NA;NA;NA;NA
"cn007b";1;"8899";0;0;0;0;0;0;0;3;13;NA;NA;NA;NA
"acdlite";1;"8897";0;0;2;1;62;8;0;4;24;NA;NA;NA;NA
"eduard9x";1;"8896";3;0;2;1;3;1;2;2;155;1;2;138;23
"anmonteiro";1;"8895";6;0;0;0;0;0;7;7;3;0;2;143;23.5
"gaearon";1;"8893";2;0;3;2;8;15;1;7;62;0;2;19;9.5
"roman01la";1;"8892";0;0;1;1;1;1;1;10;2;NA;NA;NA;NA
"acdlite";1;"8890";0;2;6;5;52;22;1;6;22;NA;NA;NA;NA
"mjackson";1;"8889";2;0;2;1;9;7;0;7;11;0;2;5;2.5
"gaearon";1;"8888";1;0;1;1;2;4;0;2;15;NA;1;25;25
"Rastopyr";1;"8886";5;0;3;1;10;2;1;8;20;0;3;85;20
"gaearon";1;"8884";1;0;1;1;2;0;0;4;25;NA;1;27;27
"Shastel";1;"8882";2;0;1;1;0;1;1;3;4;0;1;12;6
"fryn";1;"8879";0;0;0;0;0;0;0;7;0;NA;NA;NA;NA
"mgalgs";1;"8871";0;0;1;1;1;1;0;4;0;NA;NA;NA;NA
"sebmarkbage";1;"8868";0;0;1;1;1;1;0;6;13;NA;NA;NA;NA
"jddxf";1;"8866";2;1;3;1;57;65;0;2;14;0;2;12;6
"edvinerikson";1;"8863";10;0;3;1;4;4;0;13;11;0;2;219;9
"jquense";1;"8860";17;15;7;15;701;18;37;3;29;0;4;592;36
"oscar-b";1;"8859";11;0;1;2;4;8;1;6;3;0;3;293;19
"edvinerikson";1;"8858";7;0;2;1;4;4;0;3;94;0;3;77;12
"gaearon";1;"8857";1;4;1;1;2;1;0;3;5;NA;1;2;2
"lokson";1;"8856";1;0;2;1;2;0;1;3;5;NA;1;8;8
"spicyj";1;"8855";1;1;1;2;14;17;0;5;0;NA;1;4;4
"aweary";1;"8853";2;3;4;3;65;7;0;2;37;0;2;40;20
"keyanzhang";1;"8851";2;6;4;1;31;24;0;12;6;0;2;18;9
"tiagofernandez";1;"8849";3;0;1;1;1;1;10;8;110;5;2;125;23
"zacbraddy";1;"8846";3;12;1;11;95;27;6;4;103;3;1;444;147
"rthor";1;"8845";0;0;1;1;1;1;1;6;4;NA;NA;NA;NA
"mguidotto";1;"8841";3;1;3;1;5;0;2;2;94;1;2;134;23
"sebmarkbage";1;"8840";8;5;5;13;226;140;5;7;174;0;2;600;69.5
"sebmarkbage";1;"8839";0;1;1;9;21;20;0;10;61;NA;NA;NA;NA
"EugeneGarbuzov";1;"8837";2;0;1;1;1;1;0;3;3;0;1;117;58.5
"sebmarkbage";1;"8833";3;5;1;5;158;7;1;7;228;0.5;1;143;51
"diegomura";1;"8831";7;4;4;6;35;3;15;6;2;0;3;113;13
"gaearon";1;"8818";2;20;11;4;91;1;10;4;258;1;1;20;10
"faheel";1;"8817";1;0;0;0;0;0;0;4;13;NA;1;1;1
"pedrottimark";1;"8816";3;3;2;2;4;3;6;8;107;0.5;2;98;24
"rohannair";1;"8815";9;0;2;1;2;2;0;11;2;0;2;166;8
"koba04";1;"8811";5;0;4;2;8;60;0;8;73;0;3;113;27
"DQNEO";1;"8809";3;0;2;1;1;1;0;4;28;0;2;19;2
"justingrant";1;"8806";1;0;2;1;2;0;7;8;160;NA;1;5;5
"jayjaycross";1;"8805";2;3;3;2;8;5;1;6;32;1;1;42;21
"gaearon";1;"8803";1;0;2;3;18;7;4;8;50;NA;1;36;36
"superlaziness";1;"8802";3;0;1;1;2;2;0;3;7;0;2;118;23
"Rich-Harris";1;"8799";1;0;2;2;17;1;2;6;31;NA;1;3;3
"acdlite";1;"8797";6;5;6;17;204;138;10;7;12;0;2;105;16
"tomgasson";1;"8796";1;4;1;1;4;2;1;8;41;NA;1;10;10
"Jwan622";1;"8792";2;2;2;1;6;0;19;2;88;0;1;117;58.5
"bvaughn";1;"8785";14;12;3;2;28;4;3;8;75;0;4;276;20.5
"Volga";1;"8781";6;0;1;1;1;1;1;7;9;0;3;204;25
"yuyokk";1;"8780";1;0;1;1;5;3;0;2;24;NA;1;3;3
"bvaughn";1;"8779";0;2;3;2;9;7;0;3;42;NA;NA;NA;NA
"jayjaycross";1;"8778";4;1;17;46;752;1490;10;5;37;0;2;125;25.5
"richiethomas";1;"8777";5;0;1;35;77;77;18;8;107;0;3;72;11
"diegomura";1;"8771";1;0;1;1;1;1;0;3;25;NA;1;3;3
"piperchester";1;"8770";1;0;1;1;1;1;0;2;5;NA;1;1;1
"gaearon";1;"8767";1;2;1;3;96;70;0;3;38;NA;1;13;13
"gaearon";1;"8765";0;0;5;8;1242;1254;0;6;19;NA;NA;NA;NA
"zzz6519003";1;"8762";1;0;2;1;1;1;0;2;0;NA;1;1;1
"zhuscat";1;"8760";3;0;1;1;1;1;0;2;11;0;2;118;23
"acdlite";1;"8757";0;15;11;9;170;44;0;7;5;NA;NA;NA;NA
"bvaughn";1;"8756";10;10;7;5;309;10;1;7;71;0;2;409;40
"piperchester";1;"8750";1;0;1;1;7;7;0;7;0;NA;1;1;1
"zpao";1;"8749";1;0;2;1;50;0;1;7;1;NA;1;42;42
"jddxf";1;"8747";1;2;5;2;6;10;1;6;0;NA;1;5;5
"acdlite";1;"8746";0;0;1;7;24;26;0;7;16;NA;NA;NA;NA
"bvaughn";1;"8742";0;8;4;5;137;1;3;5;62;NA;NA;NA;NA
"gaearon";1;"8739";2;7;3;4;137;36;0;7;82;0;1;18;9
"mitenka";1;"8738";4;0;1;1;1;1;0;4;8;0;2;155;23
"mitenka";1;"8735";2;0;1;1;8;8;0;2;7;0;2;104;52
"spen";1;"8730";2;0;2;1;1;1;0;7;47;0;2;15;7.5
"bvaughn";1;"8729";0;0;1;1;1;1;0;4;2;NA;NA;NA;NA
"acdlite";1;"8728";0;15;2;4;40;48;1;6;22;NA;NA;NA;NA
"richiethomas";1;"8726";4;0;1;1;1;1;0;10;81;0;2;57;12.5
"bvaughn";1;"8723";1;18;1;2;25;5;0;4;25;NA;1;23;23
"StuartHarris";1;"8722";1;0;1;1;5;0;0;6;83;NA;1;1;1
"nikolas";1;"8720";1;0;1;1;1;1;0;7;0;NA;1;1;1
"Delapouite";1;"8712";0;0;1;1;1;1;0;6;81;NA;NA;NA;NA
"acdlite";1;"8710";4;2;1;1;5;6;1;7;45;0;2;50;14
"gyfis";1;"8707";6;7;6;1;7;1;3;8;167;1;3;486;23.5
"bvaughn";1;"8706";8;8;1;5;88;9;2;8;226;0;4;332;35.5
"gaearon";1;"8705";2;1;2;1;404;22;3;4;17;0;2;31;15.5
"murtazahaveliwala";1;"8704";4;0;1;1;1;1;0;2;9;0;2;47;13.5
"murtazahaveliwala";1;"8703";0;0;1;1;1;1;0;5;91;NA;NA;NA;NA
"scottdomes";1;"8698";2;0;2;1;3;2;19;3;47;0;1;117;58.5
"aweary";1;"8697";0;4;2;1;8;4;1;7;2;NA;NA;NA;NA
"czajkowski";1;"8695";3;0;1;1;1;1;0;9;23;0;3;97;2
"czajkowski";1;"8694";3;0;1;1;1;1;0;6;30;0;2;120;23
"johnlonganecker";1;"8691";2;0;1;1;2;0;28;6;66;0;1;39;19.5
"aweary";1;"8688";1;4;2;3;5;1;2;10;12;NA;1;1;1
"bvaughn";1;"8687";3;0;1;3;18;3;17;8;99;4.5;3;135;37
"gaearon";1;"8686";8;13;5;44;586;87;1;5;103;0;4;210;22.5
"acdlite";1;"8685";0;0;1;6;46;22;0;8;6;NA;NA;NA;NA
"gaearon";1;"8682";2;5;2;7;14;181;0;6;53;0;1;66;33
"karthikchintapalli";1;"8681";2;0;1;1;1;1;0;15;18;0;2;7;3.5
"madeinfree";1;"8680";4;2;3;1;23;0;8;11;8;1;3;126;14.5
"bvaughn";1;"8679";2;0;1;1;1;1;0;8;0;0;1;20;10
"bvaughn";1;"8677";10;3;1;8;63;91;0;6;36;0;4;191;20
"neeldeep";1;"8674";3;0;1;1;5;0;0;2;81;0;2;119;23
"madeinfree";1;"8673";3;0;1;1;1;1;0;3;81;0;2;120;23
"bonham000";1;"8671";2;0;1;1;3;3;2;3;41;0;2;38;19
"churchie317";1;"8667";10;4;4;1;5;8;13;11;36;0;2;589;57
"acdlite";1;"8661";0;6;2;9;113;120;4;7;112;NA;NA;NA;NA
"acdlite";1;"8658";0;2;2;3;36;9;4;11;28;NA;NA;NA;NA
"acdlite";1;"8655";9;20;3;9;289;87;14;6;146;1.5;2;403;35
"koba04";1;"8652";3;12;2;3;45;7;13;8;19;3;2;38;7
"kwonoj";1;"8651";5;3;1;1;1;0;26;5;37;0;2;31;4
"gitanupam";1;"8650";7;0;1;1;2;2;0;3;99;0;3;210;23
"gitanupam";1;"8649";4;0;2;1;2;0;0;8;45;0;3;147;20.5
"bvaughn";1;"8646";20;39;1;11;113;26;1;8;224;0;4;1146;40.5
"bvaughn";1;"8645";8;4;1;2;84;0;17;7;136;0;3;626;65
"jddxf";1;"8641";6;0;1;1;3;5;4;6;15;0;2;117;14
"gaearon";1;"8640";0;3;1;3;13;7;2;7;15;NA;NA;NA;NA
"gaearon";1;"8639";2;3;1;3;37;3;2;8;12;0;2;331;165.5
"gaearon";1;"8638";3;0;4;3;45;4;20;8;64;0.5;2;133;39
"gaearon";1;"8637";1;2;1;5;30;12;3;8;92;NA;1;22;22
"ericpitcher";1;"8636";3;0;1;1;2;0;0;2;102;0;2;120;23
"iamdustan";1;"8635";12;29;14;17;179;76;16;10;126;0;2;526;33.5
"acdlite";1;"8634";7;21;6;13;211;101;6;5;49;0.5;2;353;32
"sebmarkbage";1;"8633";2;0;1;1;1;0;0;7;24;0;2;41;20.5
"agiron123";1;"8632";2;1;2;1;1;2;13;2;3;12;2;6;3
"iamdustan";1;"8628";29;76;33;24;630;174;20;3;208;0;5;1327;25
"gaearon";1;"8627";25;10;7;7;190;47;0;9;169;0;2;780;22
"spicyj";1;"8623";1;10;1;9;71;37;0;7;35;NA;1;14;14
"bvaughn";1;"8622";1;0;1;1;2;0;0;8;62;NA;1;1;1
"gaearon";1;"8621";1;0;1;2;135;152;0;4;10;NA;1;5;5
"spicyj";1;"8614";3;2;1;3;58;4;0;7;73;0;2;68;26
"sebmarkbage";1;"8613";1;11;8;4;151;132;0;3;16;NA;1;32;32
"spicyj";1;"8612";0;6;1;8;141;58;0;7;3;NA;NA;NA;NA
"bvaughn";1;"8611";19;23;10;6;204;135;1;7;142;0;3;1130;57
"acdlite";1;"8610";0;1;1;3;91;83;1;7;6;NA;NA;NA;NA
"sebmarkbage";1;"8608";0;0;1;3;5;5;0;4;7;NA;NA;NA;NA
"sebmarkbage";1;"8607";6;25;11;20;412;173;31;7;241;0;2;185;10.5
"acdlite";1;"8606";1;1;4;15;283;511;0;6;39;NA;1;69;69
"acdlite";1;"8605";0;0;1;14;505;213;0;5;32;NA;NA;NA;NA
"dfrownfelter";1;"8597";3;0;1;1;0;12;2;2;25;0.5;3;9;2
"bvaughn";1;"8594";2;0;1;6;59;2;0;11;38;1;2;36;18
"gaearon";1;"8591";0;2;4;3;15;3;4;7;29;NA;NA;NA;NA
"bvaughn";1;"8590";25;3;1;3;55;2;1;9;155;0;3;1062;33
"nhunzaker";1;"8589";54;32;32;56;5889;29;24;7;85;0;3;1916;42
"acdlite";1;"8587";0;0;4;4;112;109;1;4;112;NA;NA;NA;NA
"gaearon";1;"8586";10;17;4;15;420;181;1;4;77;0;2;419;38
"acdlite";1;"8585";0;15;2;12;140;201;6;8;38;NA;NA;NA;NA
"acdlite";1;"8584";7;6;2;14;213;505;4;4;109;0;3;362;22
"SunHuawei";1;"8580";1;0;2;1;1;1;39;6;0;NA;1;1;1
"spicyj";1;"8572";4;0;1;7;155;8;0;7;175;0;2;63;19
"gaearon";1;"8570";4;22;14;31;870;249;1;6;69;0;2;145;28.5
"spicyj";1;"8569";0;0;1;1;3;1;0;6;0;NA;NA;NA;NA
"bvaughn";1;"8568";9;1;1;2;1;1;1;9;124;0;4;398;38
"sebmarkbage";1;"8563";5;6;3;10;85;67;0;10;154;0;2;51;11
"bvaughn";1;"8560";2;29;1;13;650;82;3;3;491;1;2;23;11.5
"bvaughn";1;"8558";2;0;2;5;4;4;1;4;6;0;2;6;3
"bvaughn";1;"8557";0;0;1;5;6;5;0;5;29;NA;NA;NA;NA
"keyanzhang";1;"8552";7;8;3;1;51;0;37;7;63;0;3;445;11
"gaearon";1;"8544";1;6;4;1;68;61;3;7;4;NA;1;19;19
"comerc";1;"8542";1;0;1;1;1;1;2;2;0;NA;1;94;94
"acdlite";1;"8538";6;37;16;16;1215;259;7;5;308;1;1;231;17.5
"spicyj";1;"8536";0;0;1;55;65;65;13;6;2;NA;NA;NA;NA
"sebmarkbage";1;"8535";0;0;1;1;16;16;0;5;17;NA;NA;NA;NA
"gaearon";1;"8532";2;17;13;5;110;15;4;4;219;0;1;18;9
"acdlite";1;"8528";6;1;2;6;58;19;6;5;40;0;3;103;7
"spicyj";1;"8526";0;2;1;1;3;2;0;7;37;NA;NA;NA;NA
"sebmarkbage";1;"8525";2;1;1;2;87;0;0;10;9;0;2;18;9
"feministy";1;"8523";5;0;1;1;1;1;0;8;27;0.5;3;439;94
"bvaughn";1;"8521";3;0;1;6;1201;636;1;4;40;0;2;57;14
"bvaughn";1;"8520";0;6;4;3;33;6;0;8;20;NA;NA;NA;NA
"CharlieGarcia";1;"8518";2;0;2;1;9;0;1;2;81;0;1;117;58.5
"gre";1;"8512";4;0;3;3;23;1;7;4;2;5;3;52;11.5
"spicyj";1;"8511";1;0;1;3;74;8;0;4;1;NA;1;24;24
"spicyj";1;"8510";0;0;1;1;11;6;0;4;0;NA;NA;NA;NA
"sebmarkbage";1;"8509";1;0;1;2;110;0;1;8;14;NA;1;18;18
"sebmarkbage";1;"8508";2;0;1;3;15;3;0;7;20;0;1;18;9
"sebmarkbage";1;"8507";0;3;1;1;6;4;0;2;4;NA;NA;NA;NA
"joelseq";1;"8498";1;0;2;1;1;1;30;9;34;NA;1;8;8
"tomocchino";1;"8496";0;0;1;1;8;5;0;10;35;NA;NA;NA;NA
"n3tr";1;"8495";6;1;4;3;51;31;36;8;260;0;3;239;38.5
"sebmarkbage";1;"8491";1;0;3;7;72;31;5;8;41;NA;1;1;1
"gaearon";1;"8490";6;9;31;13;797;86;5;3;7;0;2;113;19
"sebmarkbage";1;"8489";0;0;1;1;0;2;0;2;1;NA;NA;NA;NA
"spicyj";1;"8488";0;0;1;1;1;1;0;6;0;NA;NA;NA;NA
"tomocchino";1;"8486";0;0;62;10;163;5;0;5;51;NA;NA;NA;NA
"acdlite";1;"8479";10;33;10;11;730;434;6;3;130;0;3;322;28
"lucas-aragno";1;"8478";1;0;0;0;0;0;1;4;8;NA;1;4;4
"AlanBreck";1;"8476";3;0;1;1;1;1;1;2;81;0.5;2;120;23
"gaearon";1;"8474";1;0;1;12;58;58;0;8;3;NA;1;1;1
"spicyj";1;"8470";0;0;1;2;11;0;0;8;18;NA;NA;NA;NA
"kweiberth";1;"8467";8;0;1;2;8;1;1;6;30;0;3;108;11.5
"spicyj";1;"8465";4;0;1;1;6;4;0;3;16;0;2;33;9.5
"spicyj";1;"8463";2;0;2;2;47;43;1;6;0;0;2;8;4
"gaearon";1;"8462";0;0;1;2;96;0;0;11;35;NA;NA;NA;NA
"gaearon";1;"8460";0;0;2;4;29;2;0;10;104;NA;NA;NA;NA
"spicyj";1;"8458";5;0;1;4;204;67;0;5;6;0;2;115;19
"spicyj";1;"8457";0;0;1;4;42;5;0;6;0;NA;NA;NA;NA
"Andarist";1;"8453";1;0;1;1;1;1;36;7;6;NA;1;1;1
"spicyj";1;"8451";1;0;1;5;12;4;0;6;0;NA;1;6;6
"sebmarkbage";1;"8450";1;2;2;7;176;79;4;5;93;NA;1;4;4
"spicyj";1;"8448";0;0;1;2;43;0;0;8;0;NA;NA;NA;NA
"gaearon";1;"8446";0;2;3;9;747;642;0;3;193;NA;NA;NA;NA
"spicyj";1;"8444";0;0;1;2;2;2;0;2;0;NA;NA;NA;NA
"spicyj";1;"8443";0;0;1;5;13;7;0;7;0;NA;NA;NA;NA
"sebmarkbage";1;"8441";1;0;3;32;168;168;0;7;39;NA;1;1;1
"sericaia";1;"8440";1;0;1;1;0;1;0;6;15;NA;1;2;2
"thisguychris";1;"8425";1;2;1;1;12;3;15;5;42;NA;1;22;22
"Gregoirevda";1;"8424";2;1;2;1;1;1;39;2;91;39;2;139;69.5
"gaearon";1;"8422";1;0;1;3;28;2;0;4;47;NA;1;18;18
"Devinsuit";1;"8421";1;0;0;0;0;0;40;4;3;NA;1;1;1
"gaearon";1;"8420";0;0;1;3;6;19;0;4;4;NA;NA;NA;NA
"gaearon";1;"8416";1;0;1;2;34;0;0;7;10;NA;1;9;9
"frontsideair";1;"8412";2;0;1;1;1;1;0;5;5;0;2;3;1.5
"brillout";1;"8411";5;0;1;1;0;6;0;3;19;0;4;138;15
"spicyj";1;"8407";2;0;1;3;93;6;5;3;0;0;2;60;30
"sebmarkbage";1;"8406";1;8;2;8;116;63;0;4;125;NA;1;7;7
"spicyj";1;"8405";0;3;1;6;20;20;0;2;0;NA;NA;NA;NA
"spicyj";1;"8404";0;0;1;1;6;0;1;5;17;NA;NA;NA;NA
"spicyj";1;"8403";0;2;1;3;2;18;0;3;0;NA;NA;NA;NA
"sebmarkbage";1;"8402";0;0;1;1;0;3;0;2;20;NA;NA;NA;NA
"spicyj";1;"8401";0;0;1;1;20;0;0;6;65;NA;NA;NA;NA
"sebmarkbage";1;"8400";3;9;4;8;153;129;1;6;80;0.5;2;61;16
"spicyj";1;"8399";0;0;1;2;24;1;0;5;0;NA;NA;NA;NA
"spicyj";1;"8398";0;2;1;4;41;5;0;7;38;NA;NA;NA;NA
"sebmarkbage";1;"8391";0;4;1;5;6;6;0;4;0;NA;NA;NA;NA
"spicyj";1;"8389";0;1;1;1;6;5;6;3;0;NA;NA;NA;NA
"sebmarkbage";1;"8388";2;0;1;1;1;1;0;3;7;2;2;18;9
"spicyj";1;"8387";5;0;1;5;101;45;0;5;24;0;4;192;26
"gaearon";1;"8386";7;4;2;11;429;2;0;3;402;0;4;650;25
"spicyj";1;"8385";0;0;1;1;0;2;0;1;0;NA;NA;NA;NA
"gaearon";1;"8384";1;0;1;1;22;14;1;8;53;NA;1;48;48
"maisano";1;"8383";1;0;1;1;2;2;0;10;60;NA;1;2;2
"gaearon";1;"8381";0;0;1;1;15;16;0;6;28;NA;NA;NA;NA
"LinusU";1;"8380";8;0;1;1;16;15;0;5;31;0;3;53;6.5
"miraage";1;"8378";1;0;1;1;1;1;0;4;10;NA;1;3;3
"SimenB";1;"8375";1;0;1;1;1;1;0;6;0;NA;1;1;1
"zpao";1;"8374";1;2;3;1;27;8;1;5;41;NA;1;43;43
"sebmarkbage";1;"8372";0;1;2;5;63;51;2;6;34;NA;NA;NA;NA
"sebmarkbage";1;"8371";0;0;1;2;41;22;8;9;57;NA;NA;NA;NA
"spicyj";1;"8368";2;0;1;14;172;54;1;2;0;0;2;19;9.5
"sebmarkbage";1;"8365";0;17;11;17;200;211;2;4;28;NA;NA;NA;NA
"aweary";1;"8363";7;0;2;3;83;1;8;10;60;0;2;71;3
"spicyj";1;"8353";7;8;1;7;118;11;5;6;5;0;3;214;27
"sihaelov";1;"8351";1;0;0;0;0;0;1;2;0;NA;1;1;1
"tomocchino";1;"8350";0;0;1;6;127;123;0;9;0;NA;NA;NA;NA
"sebmarkbage";1;"8349";1;2;1;3;20;17;0;7;31;NA;1;1;1
"spicyj";1;"8348";2;2;1;9;84;65;3;3;0;1;2;47;23.5
"sebmarkbage";1;"8347";0;2;7;10;236;195;0;4;3;NA;NA;NA;NA
"shubheksha";1;"8346";2;0;2;1;14;0;0;7;24;0;1;11;5.5
"shubheksha";1;"8345";1;0;2;1;2;2;0;8;15;NA;1;2;2
"nolanlawson";1;"8339";1;2;1;1;1;1;1;2;81;NA;1;17;17
"lacker";1;"8335";0;0;1;1;2;0;0;5;45;NA;NA;NA;NA
"spicyj";1;"8334";0;0;1;5;24;15;0;6;0;NA;NA;NA;NA
"gaearon";1;"8332";1;2;4;2;80;24;1;8;60;NA;1;17;17
"acdlite";1;"8331";3;5;1;9;96;18;14;8;28;28;3;250;94
"cloudy1";1;"8328";4;0;2;1;1;1;12;2;87;6;4;224;50
"probablyup";1;"8327";6;2;4;4;368;432;3;6;32;0;2;85;11
"bgirard";1;"8322";9;0;1;3;370;358;6;8;0;0;4;220;30
"sebmarkbage";1;"8319";1;27;27;15;1624;144;2;3;35;NA;1;20;20
"marcysutton";1;"8317";9;3;2;2;40;28;1;7;119;0;6;175;7
"lacker";1;"8315";4;0;1;1;1;1;1;7;102;0;3;45;7.5
"tomocchino";1;"8309";3;1;4;35;1518;1499;1;12;104;0;2;65;30
"rricard";1;"8306";1;0;1;1;4;2;6;8;7;NA;1;1;1
"acdlite";1;"8304";4;28;19;9;1161;482;15;5;167;2;1;357;34.5
"tomocchino";1;"8298";1;0;1;1;3;1;0;4;11;NA;1;1;1
"gaearon";1;"8293";0;0;1;2;162;0;1;4;1;NA;NA;NA;NA
"sebmarkbage";1;"8292";1;0;2;15;248;491;0;10;28;NA;1;1;1
"acdlite";1;"8290";0;0;1;1;1;5;1;3;4;NA;NA;NA;NA
"gaearon";1;"8287";5;0;2;2;14;18;0;6;24;0;3;55;9
"Sacret";1;"8285";3;0;0;0;0;0;0;2;4;0;2;119;23
"gaearon";1;"8281";1;0;1;1;1;1;0;9;41;NA;1;9;9
"qiuyuntao";1;"8277";1;0;1;1;1;1;1;4;81;NA;1;2;2
"devtanc";1;"8273";4;0;3;1;11;5;4;3;79;1;3;229;42
"gaearon";1;"8272";2;17;14;11;739;93;4;5;84;2;2;42;21
"gaearon";1;"8271";0;0;1;1;2;2;0;3;4;NA;NA;NA;NA
"samsch";1;"8270";5;0;2;1;4;0;0;6;30;0;3;130;26
"MicheleBertoli";1;"8269";3;2;2;1;12;6;0;6;18;0;2;66;23
"gaearon";1;"8263";1;0;1;4;31;33;0;6;122;NA;1;13;13
"aweary";1;"8261";1;13;5;8;66;25;1;7;36;NA;1;3;3
"spicyj";1;"8259";1;0;1;4;6;7;0;2;0;NA;1;1;1
"gaearon";1;"8258";0;0;2;5;245;30;0;3;22;NA;NA;NA;NA
"gaearon";1;"8257";12;2;1;3;14;3;0;5;37;0;2;287;17.5
"gaearon";1;"8256";3;0;1;2;0;18;0;8;29;0.5;3;57;14
"snakajima";1;"8254";3;0;1;1;2;2;0;7;4;0;2;67;23
"shuhei";1;"8252";4;0;1;1;1;1;1;7;35;0;3;69;13
"sebmarkbage";1;"8251";0;2;1;7;116;51;2;4;144;NA;NA;NA;NA
"arnif";1;"8250";2;0;1;1;3;3;0;2;33;0;2;123;61.5
"fson";1;"8244";0;0;1;1;1;1;0;7;8;NA;NA;NA;NA
"koba04";1;"8243";2;0;2;3;13;2;0;5;0;0;2;5;2.5
"ankeetmaini";1;"8242";8;17;6;4;68;8;3;7;5;0;3;163;8.5
"jddxf";1;"8241";2;0;1;2;2;4;0;10;0;1;2;69;34.5
"sebmarkbage";1;"8240";0;1;1;5;103;13;1;5;39;NA;NA;NA;NA
"sebmarkbage";1;"8239";0;0;1;15;491;239;0;11;38;NA;NA;NA;NA
"dhyey35";1;"8236";13;25;2;3;252;0;91;7;26;3;4;389;24
"operatino";1;"8235";1;0;1;1;6;1;0;4;19;NA;1;2;2
"dashtinejad";1;"8234";11;6;10;1;1;1;57;6;35;0.5;5;445;23
"sebmarkbage";1;"8232";0;4;3;9;151;67;8;8;152;NA;NA;NA;NA
"sebmarkbage";1;"8231";1;0;1;5;6;33;0;5;27;NA;1;1;1
"sebmarkbage";1;"8230";0;0;2;3;56;0;0;2;0;NA;NA;NA;NA
"sebmarkbage";1;"8229";0;0;1;2;55;0;0;11;33;NA;NA;NA;NA
"spicyj";1;"8228";1;5;1;7;87;18;6;6;48;NA;1;1;1
"natec8";1;"8226";2;0;2;1;2;2;1;6;0;1;2;43;21.5
"sebmarkbage";1;"8225";0;0;1;1;0;1;0;4;7;NA;NA;NA;NA
"DaveVoyles";1;"8224";3;0;2;1;1;1;9;8;139;4.5;2;156;39
"spicyj";1;"8223";0;0;1;3;4;3;0;4;0;NA;NA;NA;NA
"spicyj";1;"8221";0;0;1;4;909;19;0;7;10;NA;NA;NA;NA
"alexbaumgertner";1;"8218";3;0;1;1;1;1;1;4;99;0.5;2;67;23
"spicyj";1;"8214";2;0;1;1;63;20;2;6;1;1;2;75;37.5
"gaearon";1;"8210";2;16;3;6;428;106;1;6;39;0;2;21;10.5
"spicyj";1;"8207";1;8;1;5;66;45;1;6;22;NA;1;9;9
"acdlite";1;"8206";1;1;1;5;67;382;4;9;52;NA;1;2;2
"spicyj";1;"8204";5;0;1;4;8;20;1;7;17;0;4;96;14
"spicyj";1;"8202";1;0;1;3;4;3;0;5;36;NA;1;14;14
"samerbuna";1;"8198";1;0;1;1;2;2;5;4;0;NA;1;1;1
"brentvatne";1;"8196";6;1;2;1;5;0;0;6;19;0;3;111;19.5
"acdlite";1;"8194";1;0;1;3;9;5;0;3;33;NA;1;28;28
"acdlite";1;"8193";4;4;11;7;314;369;1;9;174;0;2;187;16.5
"sebmarkbage";1;"8192";0;0;1;15;239;491;5;13;53;NA;NA;NA;NA
"sebmarkbage";1;"8190";1;0;1;5;42;12;4;10;104;NA;1;12;12
"sebmarkbage";1;"8189";0;2;1;2;31;45;0;6;64;NA;NA;NA;NA
"gaearon";1;"8187";5;0;2;3;65;132;0;7;51;0;3;36;9
"gaearon";1;"8186";0;0;2;3;397;101;0;7;30;NA;NA;NA;NA
"sebmarkbage";1;"8185";2;0;1;1;2;2;0;4;12;0;2;21;10.5
"gaearon";1;"8183";1;21;2;9;516;5;0;6;39;NA;1;1;1
"sebmarkbage";1;"8176";0;3;2;13;143;187;5;10;46;NA;NA;NA;NA
"sebmarkbage";1;"8175";2;1;1;2;9;19;1;5;133;0;2;98;49
"saneyuki";1;"8173";6;0;1;2;3;7;0;6;21;0;3;134;21.5
"gaearon";1;"8172";2;1;4;3;64;4;0;10;57;0;2;21;10.5
"gaearon";1;"8171";2;2;2;4;191;59;0;5;47;0;2;5;2.5
"sebmarkbage";1;"8170";0;2;1;3;89;9;1;11;37;NA;NA;NA;NA
"spicyj";1;"8169";4;7;2;7;1952;32;0;5;13;0;3;67;10.5
"sebmarkbage";1;"8165";1;0;1;13;29;640;0;6;62;NA;1;8;8
"goenning";1;"8163";6;4;3;1;4;4;9;4;30;0;3;109;16.5
"Skasi";1;"8157";2;0;0;0;0;0;1;5;37;1;2;95;47.5
"rricard";1;"8156";13;15;15;3;114;16;6;7;30;0;3;251;12
"gaearon";1;"8151";1;0;3;3;39;10;1;8;95;NA;1;101;101
"rricard";1;"8150";10;9;4;2;8;4;0;7;9;0;2;67;4.5
"gaearon";1;"8149";2;1;2;6;53;8;0;7;28;0;2;40;20
"gaearon";1;"8148";3;0;1;7;92;157;0;7;83;0;2;66;6
"gaearon";1;"8147";2;2;2;1;42;4;0;3;12;1;2;90;45
"rricard";1;"8146";7;9;11;6;94;23;9;8;79;0;2;176;21
"yuyokk";1;"8145";1;0;1;1;1;2;10;2;41;NA;1;1;1
"yongdamsh";1;"8142";1;0;2;1;1;1;0;2;8;NA;1;2;2
"bel3atar";1;"8139";3;0;1;1;1;1;2;3;9;1;2;118;23
"andrewlo";1;"8138";2;0;1;1;1;1;0;9;19;0;2;95;47.5
"lacker";1;"8137";1;0;2;14;40;6;11;6;40;NA;1;1;1
"SMHFandA";1;"8136";11;0;1;1;3;3;4;2;19;0;5;452;47
"Shastel";1;"8135";3;0;1;1;1;1;1;5;16;0.5;2;66;23
"gaearon";1;"8133";1;5;5;3;572;208;0;7;200;NA;1;12;12
"iDams";1;"8131";3;0;2;1;2;0;3;8;9;1.5;2;66;23
"GantMan";1;"8129";2;0;1;1;21;1;0;4;32;0;2;40;20
"sebmarkbage";1;"8128";1;0;3;11;154;184;0;12;3;NA;1;1;1
"acdlite";1;"8127";23;35;14;16;444;149;6;6;52;0;3;678;17
"ElForastero";1;"8126";2;0;0;0;0;0;0;2;14;0;2;95;47.5
"gaearon";1;"8124";0;0;1;1;5;1;0;5;2;NA;NA;NA;NA
"lewisblackwood";1;"8122";3;0;1;1;1;1;0;7;36;0;2;66;23
"Plortinus";1;"8121";2;0;0;0;0;0;0;2;19;0;2;95;47.5
"varunbhuvanendran";1;"8120";3;0;1;1;2;0;0;3;81;0;2;13;3
"acdlite";1;"8118";2;11;1;1;35;12;1;2;5;0;2;11;5.5
"ericnakagawa";1;"8115";1;0;13;1;59;34;0;4;6;NA;1;4;4
"ivanzotov";1;"8114";3;0;1;1;0;0;1;7;24;0;2;18;6
"ivanzotov";1;"8113";1;0;1;3;25;8;1;3;4;NA;1;2;2
"ericnakagawa";1;"8112";1;4;6;1;31;25;0;2;18;NA;1;2;2
"akatopo";1;"8110";2;0;1;1;1;1;0;4;6;0;2;43;21.5
"terabaud";1;"8107";3;0;1;1;2;2;0;5;17;0;2;66;23
"koba04";1;"8104";1;0;1;2;4;4;0;6;8;NA;1;1;1
"koba04";1;"8102";3;10;4;8;65;13;0;10;39;0.5;3;45;12
"acdlite";1;"8099";9;18;5;8;101;24;0;6;17;0;3;105;11
"goatslacker";1;"8097";5;2;1;3;26;7;2;5;88;1;4;76;4
"sebmarkbage";1;"8096";3;0;1;7;38;186;0;2;67;0.5;3;50;18
"gaearon";1;"8095";3;15;1;4;631;197;3;4;26;0;2;236;70
"rickbeerendonk";1;"8094";3;0;1;1;8;3;2;5;6;1;3;15;5
"Jaehlee11";1;"8090";3;0;1;1;1;1;1;2;107;0.5;2;119;23
"sebmarkbage";1;"8086";6;4;4;125;165;126;0;12;36;0;5;108;16
"sebmarkbage";1;"8085";1;1;1;2;126;1;0;12;38;NA;1;17;17
"sebmarkbage";1;"8083";1;7;6;9;564;11;2;5;193;NA;1;1;1
"chicoxyzzy";1;"8082";1;0;1;1;1;1;0;4;44;NA;1;1;1
"cgav";1;"8081";2;0;1;1;1;1;0;3;81;0;2;96;48
"gaearon";1;"8079";2;0;1;2;48;1;0;7;23;0;2;70;35
"sebmarkbage";1;"8078";0;0;1;1;0;3;0;3;5;NA;NA;NA;NA
"gaearon";1;"8076";0;0;3;2;143;53;0;5;8;NA;NA;NA;NA
"thinker3197";1;"8073";1;0;1;1;1;1;0;5;11;NA;1;1;1
"koba04";1;"8072";3;0;2;2;23;23;0;7;27;0.5;3;154;14
"marciopuga";1;"8067";4;0;1;1;2;2;0;2;0;0;3;119;12
"gaearon";1;"8066";1;0;2;7;280;290;1;6;73;NA;1;2;2
"gaearon";1;"8064";0;0;1;1;6;5;0;7;0;NA;NA;NA;NA
"gaearon";1;"8062";0;0;1;1;6;18;0;7;11;NA;NA;NA;NA
"Hotell";1;"8061";6;0;2;2;20;0;13;12;2;1;4;143;21.5
"giuseppeg";1;"8059";3;0;1;1;1;1;0;9;9;0;2;66;23
"pavlin99th";1;"8058";1;0;1;1;1;1;0;4;16;NA;1;1;1
"armostafizi";1;"8057";2;0;1;1;1;1;0;2;81;0;2;95;47.5
"whoffmann";1;"8056";3;0;1;1;1;1;0;2;0;0;2;66;23
"sebmarkbage";1;"8055";0;0;1;1;7;1;0;4;29;NA;NA;NA;NA
"mfijas";1;"8054";5;0;1;1;2;2;6;2;21;0.5;4;153;29
"OMantere";1;"8051";2;0;1;10;42;42;0;9;67;0;2;43;21.5
"diegomura";1;"8050";8;0;2;1;0;7;0;5;49;0;3;210;14.5
"avnash";1;"8049";2;0;1;8;17;17;0;6;6;0;2;95;47.5
"tae-jun";1;"8048";3;0;1;1;1;1;0;5;33;0;2;66;23
"tae-jun";1;"8047";4;0;1;1;1;1;0;4;9;0;3;121;13
"jasongrlicky";1;"8046";3;0;1;1;2;2;0;7;0;0;2;66;23
"dittos";1;"8045";1;0;1;1;1;1;0;6;8;NA;1;2;2
"nhardy";1;"8043";3;0;1;2;6;6;0;6;11;0;2;67;23
"sebmarkbage";1;"8041";0;2;3;1;1;1;1;6;10;NA;NA;NA;NA
"CodyReichert";1;"8040";3;0;1;1;1;1;1;5;9;0.5;2;66;23
"rthor";1;"8039";1;0;2;1;13;13;1;6;10;NA;1;3;3
"mbeaudru";1;"8038";3;0;2;1;1;1;1;6;14;0.5;2;118;23
"spicyj";1;"8037";1;0;1;1;1;1;1;10;18;NA;1;1;1
"gaearon";1;"8033";2;3;3;22;6340;10;4;3;96;0;2;3;1.5
"sebmarkbage";1;"8029";1;0;1;2;14;7;0;8;84;NA;1;1;1
"sebmarkbage";1;"8028";0;1;1;2;107;1;4;8;125;NA;NA;NA;NA
"lacker";1;"8027";16;9;16;37;681;1253;1;5;91;0;5;969;42
"aweary";1;"8020";5;6;3;2;19;7;17;7;146;8.5;3;96;9
"spicyj";1;"8019";2;0;1;3;137;2;1;4;15;0;2;146;73
"eoin";1;"8018";13;0;1;1;13;6;22;3;11;0;7;204;10
"koba04";1;"8016";2;5;1;1;68;0;2;6;16;0;2;5;2.5
"sebmarkbage";1;"8015";3;5;4;5;491;76;2;4;112;2;2;75;17
"bradvogel";1;"8013";3;0;1;1;1;1;3;7;81;1.5;2;118;23
"sebmarkbage";1;"8010";2;4;3;3;234;6;1;5;133;0;2;33;16.5
"gaearon";1;"8006";13;9;1;9;25;22;0;5;14;0;3;151;8
"gaearon";1;"8005";1;0;1;1;1;1;0;3;15;NA;1;6;6
"ivanzotov";1;"8003";1;0;1;6;7;2;0;13;0;NA;1;1;1
"koba04";1;"8001";2;0;1;1;39;0;0;7;22;1;2;43;21.5
"piperchester";1;"8000";3;0;1;1;1;1;0;3;81;0;2;66;16
"keyanzhang";1;"7999";13;5;5;3;29;8;21;3;142;0;5;803;51
"sebmarkbage";1;"7997";2;1;1;1;49;813;3;6;49;5;2;25;12.5
"gaearon";1;"7994";0;0;1;4;6;2;0;5;27;NA;NA;NA;NA
"philquinn";1;"7989";3;0;1;1;1;1;5;6;7;2.5;2;79;23
"hramos";1;"7984";1;0;1;7;45;836;0;10;7;NA;1;1;1
"lacker";1;"7983";2;22;13;65;168;3780;4;7;72;3;1;7;3.5
"sebmarkbage";1;"7980";3;0;1;3;6;6;0;4;31;0;3;15;4
"ivanzotov";1;"7979";0;0;1;32;116;120;0;8;36;NA;NA;NA;NA
"ivanzotov";1;"7977";6;0;2;1;1;1;0;8;51;0;2;101;12
"ivanzotov";1;"7976";1;0;1;1;2;1;0;12;52;NA;1;5;5
"ivanzotov";1;"7974";2;0;2;1;2;2;0;5;0;0;2;35;17.5
"ivanzotov";1;"7973";5;0;1;1;1;1;0;11;5;0;2;84;18
"hramos";1;"7971";1;0;3;7;96;85;4;9;11;NA;1;11;11
"ivanzotov";1;"7970";0;0;1;9;24;24;0;6;5;NA;NA;NA;NA
"wuct";1;"7969";1;0;1;1;2;2;0;6;5;NA;1;1;1
"iamdustan";1;"7968";7;0;1;1;5;0;0;6;22;0;3;61;7
"ivanzotov";1;"7967";2;0;4;3;15;15;1;5;81;0;2;34;17
"ericnakagawa";1;"7964";0;144;13;3;709;0;7;9;0;NA;NA;NA;NA
"lacker";1;"7962";7;64;11;9;216;515;6;7;58;0;3;71;7
"hramos";1;"7961";6;106;18;64;811;5723;2;6;42;0;2;73;11.5
"lacker";1;"7960";6;49;11;17;239;1540;2;2;77;0;3;120;7
"sebmarkbage";1;"7957";1;0;1;1;5390;0;0;4;11;NA;1;1;1
"hramos";1;"7956";1;5;3;8;22;141;2;7;33;NA;1;1;1
"lacker";1;"7954";3;4;2;5;49;426;1;2;44;0.5;2;4;1
"Gpx";1;"7953";1;0;1;1;1;1;1;2;0;NA;1;2;2
"lacker";1;"7952";3;23;9;13;90;1141;2;4;27;1;2;139;5
"aweary";1;"7950";0;0;1;1;1;1;0;4;20;NA;NA;NA;NA
"gaearon";1;"7949";5;4;23;11;1574;248;3;6;28;0;3;54;7
"kevinzwhuang";1;"7944";1;0;1;1;5;6;0;8;121;NA;1;1;1
"hramos";1;"7943";2;16;7;5;468;104;0;10;170;0;1;46;23
"sebmarkbage";1;"7941";7;1;3;6;134;100;6;3;70;0;3;111;14
"hramos";1;"7940";1;7;4;6;26;58;1;13;22;NA;1;5;5
"ababkov";1;"7938";1;0;1;1;6;6;0;4;8;NA;1;2;2
"lacker";1;"7935";3;6;4;7;159;1307;0;2;74;0;2;35;13
"aesopwolf";1;"7934";3;0;1;1;1;1;1;2;83;0.5;2;80;23
"colinwren";1;"7933";4;0;1;1;1;1;1;4;81;0;3;89;16
"hramos";1;"7931";1;15;3;9;254;1003;1;8;86;NA;1;3;3
"ibash";1;"7930";11;0;1;2;7;2;1;9;36;0;3;292;27
"hramos";1;"7929";0;0;1;3;8;10;0;4;14;NA;NA;NA;NA
"rdwrcode";1;"7921";3;0;1;1;1;1;1;7;81;0.5;2;82;23
"gaearon";1;"7920";22;16;11;5;413;1;4;7;13;0;8;796;22.5
"lacker";1;"7919";5;33;15;4;489;195;4;9;59;0.5;1;25;1
"lacker";1;"7918";2;30;12;32;110;6231;4;2;58;3;1;7;3.5
"koba04";1;"7913";1;0;1;1;2;2;0;4;23;NA;1;1;1
"kevinzwhuang";1;"7911";12;17;11;2;85;4;5;11;235;0;3;581;43.5
"ojhaujjwal";1;"7909";4;0;1;1;1;1;5;2;0;0;3;91;17
"hramos";1;"7904";0;0;2;1;8;1;1;4;47;NA;NA;NA;NA
"gaearon";1;"7896";22;86;12;9;832;20;1;10;20;0;8;739;24
"hramos";1;"7895";1;0;1;1;14;4;0;12;209;NA;1;2;2
"hramos";1;"7894";0;1;1;1;2;2;0;6;11;NA;NA;NA;NA
"lacker";1;"7891";1;0;4;7;21;614;0;4;21;NA;1;1;1
"hramos";1;"7890";3;0;2;3;156;115;1;4;57;7.5;3;66;14
"zpao";1;"7888";1;0;2;3;10;3;0;4;36;NA;1;1;1
"mrscobbler";1;"7887";0;0;1;1;1;1;0;8;14;NA;NA;NA;NA
"tylerbuchea";1;"7884";3;0;1;1;1;1;0;8;23;0;3;65;8
"hramos";1;"7883";2;0;1;1;2;2;0;6;2;0;2;17;8.5
"gaearon";1;"7881";6;32;5;5;185;12;0;6;49;0;5;152;25.5
"lacker";1;"7878";5;86;46;50;391;3237;0;9;130;0;3;21;2
"spicyj";1;"7876";2;0;1;1;6;2;0;4;5;1;2;7;3.5
"ericnakagawa";1;"7875";17;4;17;11;648;4;3;12;26;0;5;361;17
"mcobrien";1;"7873";2;0;1;1;1;1;0;8;11;0;2;56;28
"hramos";1;"7871";5;0;7;7;138;42;2;6;80;0;3;95;15
"thymikee";1;"7870";7;0;3;6;274;61;2;4;14;0;3;283;26
"acdlite";1;"7869";11;77;1;2;423;1;56;4;75;0;4;288;13
"gaearon";1;"7868";6;8;2;8;104;68;0;5;195;0;3;463;56
"krambertech";1;"7867";2;0;1;1;1;1;0;7;14;0;2;68;34
"gaearon";1;"7865";0;0;1;207;381;297;0;3;155;NA;NA;NA;NA
"koba04";1;"7863";2;0;1;1;12;12;0;4;8;0;2;11;5.5
"stevemao";1;"7862";1;0;1;1;0;2;0;7;91;NA;1;6;6
"zawiasam";1;"7861";3;0;1;1;2;2;0;7;84;0;2;90;23
"lacker";1;"7858";2;28;12;12;105;730;0;2;130;0;1;45;22.5
"spicyj";1;"7857";0;0;1;1;4;2;1;4;11;NA;NA;NA;NA
"MarceloAlves";1;"7855";3;0;0;0;0;0;1;7;19;0;2;80;23
"lacker";1;"7854";6;5;9;27;102;28;0;2;41;0;3;174;25
"spicyj";1;"7851";0;0;1;6;12;12;0;4;5;NA;NA;NA;NA
"zpao";1;"7840";2;5;2;1;52;6;3;10;182;0;1;91;45.5
"ericdouglas";1;"7837";3;0;1;1;1;1;0;3;0;0;2;79;23
"ivanzotov";1;"7834";1;2;1;1;2;2;0;6;0;NA;1;1;1
"mnpenner";1;"7832";5;0;1;1;4;0;2;2;12;0;4;147;23
"gaearon";1;"7830";2;0;10;5;1059;9;11;7;10;11;2;36;18
"gaearon";1;"7828";4;7;3;4;269;6;0;3;33;0;3;126;20.5
"KyleAMathews";1;"7822";1;0;1;1;2;2;0;2;80;NA;1;1;1
"cpojer";1;"7818";6;3;2;1;2;2;0;5;47;0;5;39;7
"gaearon";1;"7817";1;0;2;5;169;142;0;9;94;NA;1;36;36
"vjeux";1;"7813";1;2;1;1;1;1;1;6;60;NA;1;2;2
"vjeux";1;"7812";0;0;1;1;16;0;0;3;106;NA;NA;NA;NA
"vjeux";1;"7811";0;0;1;1;2;2;0;7;4;NA;NA;NA;NA
"imjanghyuk";1;"7809";5;0;1;1;2;2;0;2;82;0;3;183;37
"jinmmd";1;"7790";3;0;1;1;1;1;4;6;80;2;2;89;23
"jinmmd";1;"7789";3;0;1;1;1;1;4;6;80;2;2;89;23
"gaearon";1;"7783";0;0;1;1;1;1;0;8;2;NA;NA;NA;NA
"jedwards1211";1;"7777";1;0;1;1;4;3;2;5;14;NA;1;1;1
"zpao";1;"7771";0;0;1;1;1;1;0;7;3;NA;NA;NA;NA
"ivanzotov";1;"7766";0;0;1;5;7;7;0;9;0;NA;NA;NA;NA
"aweary";1;"7757";1;0;1;5;35;32;1;5;20;NA;1;2;2
"nhunzaker";1;"7750";22;1;2;2;33;1;27;15;61;0;5;628;18
"gilchenzion";1;"7748";1;7;4;4;23;7;14;11;12;NA;1;1;1
"vjeux";1;"7747";3;15;5;2;188;0;11;2;174;0;2;66;22
"jessebeach";1;"7744";6;4;5;6;277;0;13;5;87;0;4;479;65.5
"ivanzotov";1;"7742";0;0;2;1;46;0;4;9;0;NA;NA;NA;NA
"havenchyk";1;"7741";1;2;0;0;0;0;1;8;52;NA;1;4;4
"koba04";1;"7739";8;0;2;2;140;136;19;2;21;0;3;64;6
"ivanzotov";1;"7738";0;2;2;1;12;0;4;9;0;NA;NA;NA;NA
"aweary";1;"7736";10;22;5;10;53;39;1;5;2;0;5;275;25.5
"ivanzotov";1;"7729";0;2;3;2;15;1;5;6;0;NA;NA;NA;NA
"ivanzotov";1;"7727";0;0;1;1;3;3;0;9;0;NA;NA;NA;NA
"ivanzotov";1;"7726";0;7;1;1;81;0;0;7;14;NA;NA;NA;NA
"spudly";1;"7724";4;0;0;0;0;0;0;8;22;0;3;90;12
"spicyj";1;"7723";1;0;1;1;9;21;1;4;0;NA;1;39;39
"zpao";1;"7722";4;0;1;1;6;6;1;4;38;0;3;151;11.5
"ivanzotov";1;"7717";1;3;1;2;24;1;1;7;0;NA;1;3;3
"aweary";1;"7716";1;4;4;3;123;78;1;3;33;NA;1;4;4
"amanvir";1;"7710";1;0;1;2;2;2;0;8;23;NA;1;1;1
"thymikee";1;"7708";1;0;1;1;4;2;0;7;42;NA;1;1;1
"sebmarkbage";1;"7707";7;29;22;18;2122;365;35;6;145;2;2;224;19
"gaearon";1;"7704";3;1;1;2;21;6;0;2;28;11;3;27;12
"flarnie";1;"7698";1;0;1;5;16;8;0;6;52;NA;1;1;1
"hkal";1;"7694";1;4;1;2;22;1;23;8;8;NA;1;16;16
"dmitriiabramov";1;"7693";0;0;1;1;1;2;0;1;11;NA;NA;NA;NA
"ivanzotov";1;"7690";0;0;1;1;13;0;4;7;20;NA;NA;NA;NA
"exiadbq";1;"7686";2;0;1;1;3;3;0;2;87;0;2;27;13.5
"zpao";1;"7684";0;0;1;2;1;19;0;9;7;NA;NA;NA;NA
"GantMan";1;"7681";3;0;1;1;1;1;0;6;11;0;3;31;8
"exiadbq";1;"7680";3;0;1;1;3;3;0;2;117;0;2;93;23
"koba04";1;"7679";3;0;1;3;57;64;0;8;18;0.5;3;59;10
"vjeux";1;"7676";1;0;1;3;85;355;1;4;45;NA;1;2;2
"vjeux";1;"7672";1;5;1;6;94;98;1;2;92;NA;1;3;3
"zpao";1;"7670";13;1;1;1;11;2;14;8;155;0;7;393;19
"zpao";1;"7669";1;0;1;8;8;8;142;3;11;NA;1;2;2
"flarnie";1;"7667";5;25;2;7;192;61;1;4;195;0.5;2;307;16
"NameFILIP";1;"7666";7;0;1;1;4;6;0;4;0;0;5;135;16
"vjeux";1;"7663";2;0;1;107;1420;1420;0;6;4;0;2;22;11
"aweary";1;"7658";3;10;1;2;28;1;1;6;18;0.5;2;37;17
"ixkaito";1;"7656";3;0;1;1;4;8;2;6;17;1;2;92;23
"gaearon";1;"7654";1;0;2;1;5;0;0;5;18;NA;1;10;10
"gaearon";1;"7653";4;0;1;2;20;2;0;5;79;0;4;36;9
"nhunzaker";1;"7652";4;0;1;1;1;1;0;10;14;0;3;62;11
"zpao";1;"7650";4;0;1;12;13;13;1;4;3;0;2;52;13.5
"aweary";1;"7649";45;39;15;9;143;26;11;4;57;0;4;1398;28.5
"vjeux";1;"7648";3;2;1;2;5;1;0;2;4;0;3;39;17
"vjeux";1;"7647";6;4;1;2;24;23;0;5;64;0;3;72;7.5
"flarnie";1;"7644";3;11;1;2;93;41;0;2;348;0;2;14;2
"nhunzaker";1;"7642";14;8;8;8;91;104;6;15;204;0;4;684;23.5
"sebmarkbage";1;"7636";2;8;8;11;370;361;11;8;62;7;1;24;12
"spicyj";1;"7634";5;2;1;2;7;7;1;3;5;0;4;118;13
"kentcdodds";1;"7633";1;0;1;1;1;1;0;6;28;NA;1;7;7
"guicar";1;"7631";4;0;1;1;0;2;0;5;22;0;3;100;17
"nhunzaker";1;"7629";3;0;1;1;0;1;0;4;30;0;3;168;56
"vjeux";1;"7628";14;8;1;3;15;90;1;4;33;0;5;293;13
"vjeux";1;"7625";6;17;1;11;28;71;1;4;74;0;3;67;8
"Andarist";1;"7621";2;2;1;2;30;2;0;7;4;0;2;6;3
"millermedeiros";1;"7619";1;0;1;1;13;0;0;4;52;NA;1;1;1
"zpao";1;"7618";2;0;1;2;6;4;1;11;64;0;1;9;4.5
"vjeux";1;"7616";18;3;1;1;96;443;3;6;89;0;7;623;27.5
"vjeux";1;"7615";4;7;1;13;180;201;0;3;27;0;3;117;15
"zpao";1;"7610";2;3;1;1;8;11;0;2;107;0;2;49;24.5
"mjackson";1;"7609";1;0;1;20;81;81;0;1;51;NA;1;17;17
"zpao";1;"7608";0;0;1;1;1;0;2;7;28;NA;NA;NA;NA
"dookpham";1;"7606";1;0;1;5;60;15;0;8;99;NA;1;51;51
"marcin-mazurek";1;"7603";1;0;1;2;91;7;0;10;42;NA;1;2;2
"nikolas";1;"7602";1;0;1;1;5;2;0;9;13;NA;1;1;1
"vjeux";1;"7600";5;29;1;1;33;12;4;2;8;0;2;104;18
"vjeux";1;"7599";1;0;1;3;5;11;0;8;23;NA;1;9;9
"vjeux";1;"7598";8;0;1;5;309;323;0;8;23;0;3;153;18.5
"vjeux";1;"7597";3;5;1;16;208;253;2;4;94;0.5;2;44;10
"vjeux";1;"7596";4;1;1;2;5;6;2;4;15;0;3;123;18.5
"RobertKielty";1;"7595";1;7;4;1;2;2;1;10;8;NA;1;2;2
"SchleyB";1;"7594";10;0;1;1;2;2;1;3;103;0;5;270;24.5
"vjeux";1;"7592";0;0;1;9;48;35;0;4;68;NA;NA;NA;NA
"vjeux";1;"7591";0;0;1;1;15;18;0;4;4;NA;NA;NA;NA
"vjeux";1;"7590";1;1;1;1;30;32;0;4;6;NA;1;11;11
"vjeux";1;"7589";3;0;1;5;20;31;1;4;39;0.5;1;32;11
"vjeux";1;"7587";0;3;1;2;30;20;1;2;24;NA;NA;NA;NA
"vjeux";1;"7586";0;0;1;1;3;1;0;2;51;NA;NA;NA;NA
"vjeux";1;"7585";0;0;1;2;22;11;0;2;71;NA;NA;NA;NA
"qiuyuntao";1;"7584";7;19;6;2;272;0;6;5;80;1;3;154;14
"kevinslin";1;"7582";1;3;3;1;2;0;4;4;80;NA;1;3;3
"vjeux";1;"7581";6;7;1;9;37;35;2;2;139;0;2;325;36
"vjeux";1;"7578";1;4;1;2;20;10;2;2;55;NA;1;2;2
"vjeux";1;"7576";0;8;1;1;99;39;0;2;0;NA;NA;NA;NA
"vjeux";1;"7572";0;0;1;1;4;3;0;2;0;NA;NA;NA;NA
"vjeux";1;"7571";0;0;1;1;5;2;0;2;0;NA;NA;NA;NA
"vjeux";1;"7570";3;2;1;1;0;18;0;3;24;0;2;19;7
"millermedeiros";1;"7569";3;5;1;2;73;24;5;4;108;2;2;20;3
"vjeux";1;"7568";1;0;1;1;5;5;1;3;54;NA;1;5;5
"vjeux";1;"7566";0;2;1;1;12;3;1;2;0;NA;NA;NA;NA
"vjeux";1;"7565";0;1;1;1;15;3;0;2;0;NA;NA;NA;NA
"vjeux";1;"7564";0;0;1;1;1;0;0;2;0;NA;NA;NA;NA
"millermedeiros";1;"7558";5;0;1;2;51;0;0;5;117;0;2;156;17
"vjeux";1;"7557";3;0;1;4;23;4;0;4;21;0;3;15;4
"gaearon";1;"7549";11;21;2;1;65;0;1;10;74;0;6;270;17
"gaearon";1;"7548";7;36;2;4;419;200;1;7;31;0.5;4;252;18
"NestorTejero";1;"7546";4;0;1;1;1;1;0;5;80;0;3;108;21
"AgtLucas";1;"7540";1;0;1;1;1;1;1;5;0;NA;1;2;2
"AgtLucas";1;"7533";2;0;1;1;1;0;0;4;6;0;2;6;3
"zpao";1;"7532";0;0;1;4;4;4;0;4;17;NA;NA;NA;NA
"Morhaus";1;"7523";2;0;1;2;11;0;0;6;47;0;2;16;8
"longhaiyan";1;"7520";2;0;1;1;0;3;0;2;80;0;2;77;38.5
"reaperhulk";1;"7519";7;5;1;1;1;0;5;7;23;0.5;4;169;21
"spicyj";1;"7515";1;5;1;4;49;18;2;5;2;NA;1;1;1
"spicyj";1;"7514";1;0;1;1;1;1;0;4;0;NA;1;1;1
"christophehurpeau";1;"7513";3;0;1;1;1;1;10;8;98;0;2;98;23
"gaearon";1;"7510";7;6;1;2;27;16;1;7;81;0;6;161;22
"smockle";1;"7508";1;0;1;1;0;1;14;5;84;NA;1;17;17
"vjeux";1;"7504";2;21;1;3;199;121;10;2;38;6;2;18;9
"vjeux";1;"7503";0;0;1;1;1;0;11;2;0;NA;NA;NA;NA
"vjeux";1;"7502";0;0;1;1;1;0;11;2;0;NA;NA;NA;NA
"vjeux";1;"7501";1;0;1;1;1;2;11;2;0;NA;1;6;6
"vjeux";1;"7500";0;0;1;1;2;0;11;2;0;NA;NA;NA;NA
"vjeux";1;"7499";3;0;1;1;2;2;1;2;36;0.5;2;14;4
"enaqx";1;"7498";1;1;2;1;1;0;15;4;0;NA;1;7;7
"alexzherdev";1;"7497";1;0;1;22;41;47;4;7;194;NA;1;12;12
"gaearon";1;"7496";1;7;2;2;84;35;1;9;5;NA;1;1;1
"jesstelford";1;"7495";1;2;1;1;4;0;2;4;6;NA;1;1;1
"zertosh";1;"7494";3;0;0;0;0;0;0;5;3;1.5;2;15;1
"zertosh";1;"7493";9;0;0;0;0;0;0;8;311;0;6;194;19
"gaearon";1;"7491";5;5;3;3;194;24;0;7;254;0;4;207;41
"gaearon";1;"7490";2;0;1;2;12;1;0;7;19;0;2;24;12
"gaearon";1;"7488";5;3;2;1;54;50;0;11;232;0.5;3;249;35
"troydemonbreun";1;"7486";5;0;4;2;6;2;3;3;3;0;2;66;13
"gaearon";1;"7483";5;0;2;9;15;15;0;5;190;0;3;170;21
"gaearon";1;"7481";1;0;1;5;9;181;0;2;13;NA;1;1;1
"sebmarkbage";1;"7476";1;1;1;6;62;32;0;6;56;NA;1;1;1
"sebmarkbage";1;"7473";2;2;1;23;79;89;1;9;92;1;2;4;2
"gaearon";1;"7472";4;4;8;15;84;190;0;3;101;0;2;43;10.5
"jaaberg";1;"7468";1;0;1;1;1;1;2;4;0;NA;1;2;2
"acdlite";1;"7466";3;5;3;7;202;70;34;4;65;0;3;53;18
"gaearon";1;"7464";1;7;3;7;108;137;0;8;56;NA;1;8;8
"gaearon";1;"7463";7;0;3;7;108;72;0;6;45;0;3;114;15
"gaearon";1;"7461";8;1;2;7;46;35;0;9;47;0;5;318;26.5
"TanaseHagi";1;"7458";1;4;3;1;13;1;4;8;80;NA;1;2;2
"ventuno";1;"7456";8;3;3;2;78;15;8;10;76;0;5;314;31
"keyanzhang";1;"7455";21;8;1;5;50;121;34;5;136;0;7;713;14
"zpao";1;"7454";1;0;1;1;0;82;0;3;20;NA;1;1;1
"sebmarkbage";1;"7453";0;0;1;1;1;0;0;9;37;NA;NA;NA;NA
"sebmarkbage";1;"7450";0;0;1;3;6;6;0;4;11;NA;NA;NA;NA
"bgnorlov";1;"7444";4;3;2;3;9;3;1;4;18;0;3;124;29
"cht8687";1;"7442";5;0;1;1;1;1;0;6;19;0;3;130;23
"rbrtmrtn";1;"7435";3;0;1;1;1;1;2;2;0;1;2;90;23
"josephsavona";1;"7434";0;0;1;1;1;1;0;7;3;NA;NA;NA;NA
"josephsavona";1;"7433";0;0;1;1;81;0;0;3;2;NA;NA;NA;NA
"zpao";1;"7417";0;0;1;1;0;0;0;5;110;NA;NA;NA;NA
"g-palmer";1;"7411";7;0;1;1;1;1;16;7;9;0;4;211;26
"keyanzhang";1;"7410";6;2;2;2;39;15;7;7;13;0;4;95;16
"zpao";1;"7408";0;0;1;1;1;1;0;4;13;NA;NA;NA;NA
"yungsters";1;"7400";3;0;2;1;8;6;0;6;41;0;2;24;10
"keyanzhang";1;"7397";2;8;2;2;73;2;1;9;61;13;2;30;15
"zpao";1;"7396";4;0;1;4;30;5;1;6;22;0;3;41;11.5
"zpao";1;"7394";1;3;1;20;84;76;1;3;102;NA;1;2;2
"nhunzaker";1;"7390";2;0;1;3;3;3;0;4;32;0;2;16;8
"keyanzhang";1;"7381";2;2;3;20;216;198;3;4;64;11;2;34;17
"zpao";1;"7380";1;0;1;1;1;1;0;7;4;NA;1;2;2
"zpao";1;"7377";0;0;1;1;1;0;0;7;16;NA;NA;NA;NA
"keyanzhang";1;"7365";1;0;1;1;0;0;0;4;14;NA;1;1;1
"iamdustan";1;"7362";11;2;1;6;101;0;2;3;51;0;4;432;38
"TornjV";1;"7348";3;0;1;1;1;1;0;4;11;0;2;90;23
"acdlite";1;"7344";16;23;15;10;524;16;51;2;190;0;3;750;33
"nhunzaker";1;"7343";24;5;1;1;7;1;8;7;104;0;6;986;25.5
"ghengeveld";1;"7342";3;0;1;1;5;0;2;3;12;1;3;89;23
"amasad";1;"7341";5;0;1;1;1;1;2;5;16;0;4;77;6
"zpao";1;"7339";0;0;1;6;7;7;0;10;2;NA;NA;NA;NA
"sjsyrek";1;"7338";4;0;1;1;1;1;0;5;107;0;3;84;9
"theseyi";1;"7336";1;1;4;1;1;1;0;6;80;NA;1;1;1
"nhunzaker";1;"7333";3;0;1;2;36;6;1;7;94;0.5;2;29;11
"zpao";1;"7330";0;1;22;17;1199;0;169;3;228;NA;NA;NA;NA
"keyanzhang";1;"7326";1;0;1;1;2;1;0;4;16;NA;1;1;1
"keyanzhang";1;"7322";1;1;2;2;3;1;1;2;0;NA;1;1;1
"keyanzhang";1;"7321";6;0;2;44;2045;1881;3;7;1191;1;3;99;13
"alexzherdev";1;"7319";1;0;1;2;29;9;0;8;2;NA;1;1;1
"finnigantime";1;"7313";3;0;1;2;5;3;5;6;0;2.5;2;90;23
"zpao";1;"7309";6;1;1;1;4;1;0;6;13;0;3;177;24
"zpao";1;"7308";1;0;2;265;339;313;0;4;83;NA;1;29;29
"sassanh";1;"7299";6;8;4;1;26;18;1;8;10;0;3;119;14
"gaearon";1;"7292";1;0;1;1;11;9;0;5;40;NA;1;1;1
"chenglou";1;"7291";6;3;3;7;98;96;10;7;104;0;3;79;12.5
"jackson-huang";1;"7284";1;1;2;1;125;0;11;2;80;NA;1;2;2
"gaearon";1;"7283";0;0;1;1;10;4;0;5;1;NA;NA;NA;NA
"gaearon";1;"7282";2;2;1;5;196;1;0;6;64;0;2;29;14.5
"zpao";1;"7278";0;0;1;4;6;6;0;9;0;NA;NA;NA;NA
"fhelwanger";1;"7277";4;0;0;0;0;0;1;10;24;0;3;105;19
"gaearon";1;"7275";2;0;2;1;4;4;0;6;13;1;2;19;9.5
"aweary";1;"7274";1;0;1;1;1;0;0;4;30;NA;1;51;51
"gaearon";1;"7273";0;0;1;1;612;0;0;7;1;NA;NA;NA;NA
"mertkahyaoglu";1;"7265";1;0;1;1;2;2;0;2;7;NA;1;1;1
"keyanzhang";1;"7260";1;0;1;2;32;1;0;9;4;NA;1;22;22
"spicyj";1;"7259";0;0;1;4;0;31;13;3;12;NA;NA;NA;NA
"spicyj";1;"7258";2;2;1;3;143;15;0;3;20;0;2;2;1
"spicyj";1;"7255";2;0;1;5;15484;13905;0;7;240;1;2;35;17.5
"scloudyy";1;"7254";10;9;10;8;80;156;12;4;10;0;5;318;29
"kentcdodds";1;"7252";1;3;1;1;2;0;0;7;3;NA;1;1;1
"troydemonbreun";1;"7251";4;1;2;2;8;3;1;2;3;1;3;104;15
"lvarayut";1;"7250";1;0;1;1;4;1;0;7;23;NA;1;3;3
"sebmarkbage";1;"7248";4;27;13;14;799;292;24;9;3;1;2;197;52
"gaearon";1;"7246";2;1;1;1;5;3;3;5;22;7;2;13;6.5
"gaearon";1;"7245";10;2;2;6;64;17;5;6;111;0;4;276;19.5
"BillyZac";1;"7238";3;0;1;1;1;1;2;3;96;1;2;89;23
"gaearon";1;"7232";14;7;1;2;25;13;0;6;125;0;9;651;35.5
"usmanajmal";1;"7230";7;5;61;7;30;8;4;4;15;0;2;182;23
"zpao";1;"7229";3;4;1;2;21;0;4;5;19;0.5;3;38;9
"gaearon";1;"7219";2;3;1;1;93;0;22;5;13;22;1;49;24.5
"saiyagg";1;"7210";1;0;1;1;0;1;0;3;80;NA;1;65;65
"gaearon";1;"7208";2;1;7;12;100;38;1;5;328;0;2;55;27.5
"sebmarkbage";1;"7206";2;0;1;4;31;0;36;6;146;0;2;3;1.5
"okonet";1;"7199";2;0;1;2;36;5;0;12;10;0;2;72;36
"zpao";1;"7197";14;0;1;1;11;1;0;8;120;0;4;849;48
"spicyj";1;"7195";22;13;1;4;219;28;1;2;71;0;15;692;22
"aweary";1;"7194";13;0;1;1;1;1;0;6;6;0;6;535;30
"gaearon";1;"7193";6;2;3;11;159;137;0;5;28;0;2;105;13
"gaearon";1;"7189";0;0;1;4;97;109;0;5;313;NA;NA;NA;NA
"gaearon";1;"7188";6;0;2;6;29;12;0;3;92;0;4;191;30.5
"gaearon";1;"7185";2;0;1;2;0;228;0;7;16;0;2;14;7
"zpao";1;"7175";2;0;1;4;152;0;3;8;186;3;2;77;38.5
"maxdeviant";1;"7174";3;0;5;9;182;84;3;5;128;0.5;3;25;7
"sebmarkbage";1;"7173";3;1;1;5;81;5;40;5;40;14;2;71;27
"STRML";1;"7171";0;0;1;5;5;0;0;6;5;NA;NA;NA;NA
"sebmarkbage";1;"7168";5;9;1;17;237;42;40;7;73;19.5;4;238;34
"sebmarkbage";1;"7167";4;0;1;15;0;0;0;5;37;0;2;62;16.5
"sebmarkbage";1;"7166";1;0;1;1;0;0;3;6;25;NA;1;6;6
"batusai513";1;"7165";7;0;1;1;1;0;1;5;20;0.5;4;142;14
"sebmarkbage";1;"7164";13;10;4;20;287;140;39;8;300;1;6;637;32
"sebmarkbage";1;"7154";1;13;7;13;823;306;0;4;29;NA;1;1;1
"griffinmichl";1;"7153";6;10;1;2;54;15;0;6;12;0;2;95;11.5
"yungsters";1;"7143";1;1;4;2;155;112;6;4;116;NA;1;9;9
"spicyj";1;"7133";2;0;1;1;2;2;0;6;39;0;2;146;73
"aweary";1;"7132";32;30;14;6;273;13;8;7;74;0;4;1343;27.5
"rricard";1;"7127";20;102;1;8;260;15;7;11;77;0;3;315;15.5
"gaearon";1;"7126";1;0;1;1;8;8;0;8;15;NA;1;27;27
"gaearon";1;"7125";1;3;4;4;123;11;0;5;18;NA;1;1;1
"vjeux";1;"7110";3;4;1;1;5;2;12;4;13;5.5;3;42;9
"aweary";1;"7109";1;0;1;1;1;1;0;8;32;NA;1;3;3
"msmania";1;"7107";4;0;1;2;214;4;82;13;369;1;3;44;11.5
"chicoxyzzy";1;"7104";2;16;3;5;34;20;0;6;0;0;2;38;19
"jimfb";1;"7102";1;0;1;2;2;2;0;7;42;NA;1;3;3
"gaearon";1;"7101";3;2;2;3;89;22;0;8;389;0;2;91;25
"jimfb";1;"7098";6;0;1;1;1;0;0;9;9;0;3;78;4.5
"zpao";1;"7097";0;0;1;1;1;1;0;4;0;NA;NA;NA;NA
"vjeux";1;"7085";2;0;1;1;0;0;1;6;28;1;2;67;33.5
"vjeux";1;"7080";0;0;1;1;2;1;1;3;12;NA;NA;NA;NA
"vjeux";1;"7079";0;0;1;1;4;3;0;3;37;NA;NA;NA;NA
"vjeux";1;"7076";1;0;1;1;14;2;4;3;9;NA;1;89;89
"vjeux";1;"7075";0;6;1;1;13;6;16;2;154;NA;NA;NA;NA
"starkch";1;"7066";4;0;5;2;14;14;10;8;80;3;3;115;20
"zpao";1;"7064";3;1;2;1;1;0;0;6;2;0;3;62;8
"nikolas";1;"7059";6;0;1;17;20;20;1;7;0;0;5;134;16.5
"jalexanderfox";1;"7057";3;2;2;1;1;1;6;5;3;3;2;91;23
"vjeux";1;"7053";5;0;1;4;33;30;1;6;79;0;4;130;14
"cbrandolino";1;"7046";2;5;2;1;2;2;1;7;92;0;2;9;4.5
"koba04";1;"7045";2;0;1;4;1;7;0;6;2;0;2;11;5.5
"koba04";1;"7044";2;0;1;4;0;149;0;6;2;0;2;3;1.5
"zpao";1;"7042";2;0;3;4;5;4;0;3;42;0;2;33;16.5
"jimfb";1;"7040";6;2;1;5;52;54;0;8;8;0;4;106;3.5
"zpao";1;"7039";0;2;1;8;156;1;0;6;5;NA;NA;NA;NA
"cpojer";1;"7035";4;0;1;2;21;1;0;7;8;0;1;20;5
"sebmarkbage";1;"7034";2;49;19;12;1022;200;16;7;314;1;2;17;8.5
"aweary";1;"7033";10;6;1;2;41;1;25;6;69;0;4;212;14.5
"operatino";1;"7028";3;0;1;1;5;0;1;7;80;0.5;2;91;23
"spicyj";1;"7022";0;0;1;1;5;5;1;5;10;NA;NA;NA;NA
"serima";1;"7020";7;0;3;3;3;3;0;3;15;0;4;119;11
"nhducit";1;"7015";3;0;1;1;1;1;3;5;80;1.5;2;89;23
"sotojuan";1;"7014";7;0;0;0;0;0;3;6;29;0;4;119;5
"spicyj";1;"7012";2;10;1;2;10;16;0;5;0;1;2;4;2
"keyanzhang";1;"7008";5;0;1;1;1;1;0;8;37;0;2;110;30
"jimfb";1;"7006";0;0;1;1;0;1;0;4;4;NA;NA;NA;NA
"trueadm";1;"7005";16;0;6;1;8;0;1;10;88;0;5;793;35.5
"jimfb";1;"7003";3;4;1;2;46;12;0;6;8;0;3;14;5
"jimfb";1;"7002";3;0;1;1;3;1;0;6;69;0;2;15;6
"jimfb";1;"7001";19;2;1;6;142;0;8;5;5;0;8;999;43
"yungsters";1;"6990";2;2;1;1;7;0;0;10;82;0;2;12;6
"sebmarkbage";1;"6988";1;3;2;4;84;70;1;5;113;NA;1;5;5
"jimfb";1;"6987";3;0;1;2;4;27;15;4;6;7;2;5;2
"jimfb";1;"6986";1;0;1;1;19;0;0;6;6;NA;1;19;19
"joshhunt";1;"6982";8;14;6;3;62;3;1;10;159;0;4;112;5
"sebmarkbage";1;"6981";3;7;2;6;254;84;0;9;189;0;2;11;5
"YusongLiu";1;"6980";2;2;2;1;1;1;1;9;46;0;2;6;3
"gaearon";1;"6977";0;0;1;1;9;9;0;7;40;NA;NA;NA;NA
"spicyj";1;"6976";1;0;1;1;4;22;0;10;2;NA;1;1;1
"gaearon";1;"6975";4;0;12;3;104;9;0;10;10;0;2;50;11
"inkinworld";1;"6973";4;0;1;1;1;1;4;2;84;0;3;95;14.5
"segmentationfaulter";1;"6972";6;0;1;1;1;1;37;2;3;1;3;141;15
"kpaxqin";1;"6971";3;0;1;1;4;4;8;10;16;4;2;89;23
"ogom";1;"6967";4;0;1;1;122;42;4;4;23;0;3;92;12.5
"spicyj";1;"6963";2;4;1;3;7;6;0;6;13;0;2;6;3
"spicyj";1;"6961";1;0;1;9;63;54;0;5;18;NA;1;2;2
"keyanzhang";1;"6960";1;0;1;1;1;0;0;6;16;NA;1;20;20
"keyanzhang";1;"6958";2;1;2;2;53;10;0;6;7;0;2;7;3.5
"zpao";1;"6957";3;1;3;12;23;17;0;2;45;0;3;30;5
"DanielRosenwasser";1;"6953";2;2;2;1;4;1;0;7;0;0;2;6;3
"keyanzhang";1;"6948";9;22;11;8;448;4;6;7;5;0;4;141;5
"keyanzhang";1;"6946";7;19;9;3;132;1;3;4;38;0.5;2;48;5
"spicyj";1;"6945";2;0;1;1;0;8;0;5;34;0;1;9;4.5
"spicyj";1;"6944";7;4;1;4;488;0;0;4;0;0;4;254;44
"wadahiro";1;"6941";2;0;2;2;31;1;7;8;13;7;2;32;16
"aweary";1;"6933";3;0;1;2;26;0;7;7;15;3.5;2;35;5
"sebmarkbage";1;"6931";1;1;1;2;90;36;0;4;21;NA;1;1;1
"andrewimm";1;"6930";10;0;1;1;22;4;2;9;208;0;4;169;14
"koba04";1;"6921";6;2;1;8;1;156;10;5;8;1;4;105;5.5
"koba04";1;"6919";2;0;1;4;4;64;0;4;6;0;2;4;2
"hjmoss";1;"6917";2;0;2;2;2;2;1;6;0;1;2;7;3.5
"spicyj";1;"6913";0;0;1;1;1;1;0;6;0;NA;NA;NA;NA
"lexjacobs";1;"6909";3;4;0;0;0;0;1;8;15;0;2;15;5
"jimfb";1;"6905";3;1;1;1;3;0;0;7;7;0;3;13;5
"zpao";1;"6904";0;0;1;1;5;12;0;7;3;NA;NA;NA;NA
"sebmarkbage";1;"6903";5;2;2;6;81;79;4;14;98;0.5;4;78;11
"jimfb";1;"6899";7;7;1;3;8;88;4;9;8;0;5;131;5
"keyanzhang";1;"6898";1;0;1;8;6536;2698;1;6;73;NA;1;2;2
"darobin";1;"6896";10;0;2;1;3;1;0;8;63;0;4;154;14
"grgur";1;"6890";1;0;1;1;1;1;0;5;17;NA;1;1;1
"GrigoriyZander";1;"6886";3;0;0;0;0;0;0;7;8;0;2;92;23
"sashashakun";1;"6884";21;19;0;0;0;0;11;15;90;0;4;455;6
"keyanzhang";1;"6882";10;25;7;10;437;1;6;7;99;0;4;124;5
"natenorberg";1;"6881";1;0;1;2;16;0;1;10;17;NA;1;3;3
"gaearon";1;"6880";3;7;10;3;260;87;1;6;98;0;3;60;18
"gaearon";1;"6878";0;0;1;2;6;1;0;6;8;NA;NA;NA;NA
"spicyj";1;"6877";0;0;1;2;4;5;0;6;2;NA;NA;NA;NA
"gaearon";1;"6872";5;0;6;66;834;905;0;7;19;0;3;69;5
"bruceharris";1;"6870";4;0;2;1;2;0;2;7;0;0;3;141;28
"spicyj";1;"6869";9;0;1;2;35;2;1;7;3;0;6;261;25
"spicyj";1;"6867";5;0;1;2;37;3;0;5;109;0;2;94;21
"aickin";1;"6862";21;2;4;1;94;12;8;7;97;0;6;3205;107
"spicyj";1;"6861";0;0;1;1;0;2;0;5;7;NA;NA;NA;NA
"gaearon";1;"6860";2;7;2;2;128;33;1;9;87;1;2;13;6.5
"sebmarkbage";1;"6859";5;27;2;15;714;109;3;7;59;0;3;79;5
"gaearon";1;"6858";5;0;3;2;81;2;0;6;27;0;3;60;5
"spicyj";1;"6857";2;0;1;2;10;4;0;8;0;0;2;45;22.5
"alitaheri";1;"6855";2;0;2;2;10;3;0;4;2;0;2;8;4
"spicyj";1;"6853";3;0;1;2;24;0;0;8;0;0;3;31;5
"alexzherdev";1;"6852";1;0;1;1;67;61;1;6;31;NA;1;1;1
"keyanzhang";1;"6851";2;4;4;9;149;143;1;8;52;1;1;10;5
"jimfb";1;"6841";1;0;1;1;1;1;0;4;42;NA;1;1;1
"ilyagelman";1;"6833";5;0;2;1;5;0;5;4;7;0;4;111;18
"vedatmahir";1;"6832";2;4;2;1;15;11;0;10;8;0;2;6;3
"vjeux";1;"6831";4;0;1;1;0;12;28;2;29;0;3;50;12
"ruiaraujo";1;"6830";9;0;1;2;2;2;1;5;41;0;5;162;9
"keyanzhang";1;"6824";3;3;2;2;19;58;2;6;47;0;2;68;9
"zpao";1;"6820";2;2;32;123;6709;1983;0;1;54;0;2;20;10
"roderickhsiao";1;"6815";1;1;1;1;8;6;1;6;31;NA;1;2;2
"Ivanwangcy";1;"6814";1;0;1;1;1;1;0;2;2;NA;1;1;1
"403studio";1;"6813";2;0;1;1;1;0;0;2;47;0;2;19;9.5
"rivertam";1;"6808";2;0;0;0;0;0;0;3;6;0;2;2;1
"dmitriiabramov";1;"6804";12;0;2;3;26;16;1;2;116;0;4;315;17.5
"iamdustan";1;"6801";3;2;1;13;10;9;0;6;155;0;3;111;9
"jimfb";1;"6800";44;8;1;3;90;38;7;5;77;0;7;1380;37
"keyanzhang";1;"6799";11;21;9;11;375;101;2;8;132;0;5;146;5
"gaearon";1;"6789";2;5;2;5;85;24;0;9;32;0;2;74;37
"gaearon";1;"6787";0;0;1;3;154;155;0;3;83;NA;NA;NA;NA
"kittens";1;"6781";1;0;1;1;2;3;0;10;33;NA;1;22;22
"spicyj";1;"6778";3;0;1;1;4;1;0;8;29;0;2;97;41
