"tboucher";1;"8643";1;0;1;1;1;1;0;11;153;NA;1;2;2
"jnothman";1;"8634";2;0;4;3;33;1;0;7;15;0;2;49;24.5
"lmcinnes";1;"8629";0;0;1;1;1;1;0;10;29;NA;NA;NA;NA
"hiqua";1;"8616";6;0;1;2;2;2;2;3;7;0;2;241;41.5
"sid-kap";1;"8612";1;0;1;1;1;1;0;4;27;NA;1;1;1
"sid-kap";1;"8610";0;0;1;1;2;2;0;5;32;NA;NA;NA;NA
"m1so";1;"8609";0;0;1;1;1;1;0;5;132;NA;NA;NA;NA
"scooler";1;"8600";1;0;1;1;1;1;0;6;63;NA;1;4;4
"guiniol";1;"8598";13;14;3;2;21;5;5;6;115;0;4;390;20
"hbertrand";1;"8591";4;0;2;2;4;1;1;6;180;0;3;15;3
"glemaitre";1;"8580";6;1;4;1;13;0;0;14;215;0;3;260;20.5
"ja9harper";1;"8578";1;0;2;1;2;2;0;11;123;NA;1;7;7
"PTRWang";1;"8576";14;24;31;4;34;11;2;7;127;0;3;443;16.5
"rishikksh20";1;"8571";2;0;1;1;2;2;3;11;139;1;2;7;3.5
"leereeves";1;"8569";3;2;2;2;16;10;2;8;51;0.5;2;10;2
"gedeck";1;"8567";6;3;5;3;27;5;6;14;135;0;4;185;11
"Sentient07";1;"8565";2;0;1;1;2;2;8;9;2;0;2;11;5.5
"glemaitre";1;"8562";2;0;1;1;1;1;0;8;142;0;1;18;9
"lesteve";1;"8561";2;0;1;1;1;1;0;6;13;0;2;18;9
"icyblade";1;"8560";2;0;1;1;1;1;0;3;131;0;2;33;16.5
"rishikksh20";1;"8552";2;3;6;4;10;20;3;7;132;3;1;35;17.5
"lmcinnes";1;"8551";1;1;2;1;12;1;1;11;33;NA;1;5;5
"brownsarahm";1;"8548";4;2;7;1;13;4;1;7;19;0;3;240;28
"Trion129";1;"8542";24;1;5;2;34;17;6;13;159;0;7;1011;31.5
"tfolkman";1;"8538";6;1;2;2;11;9;2;10;126;0;5;312;24
"nikitasingh981";1;"8537";2;6;6;1;15;0;0;11;24;0;2;124;62
"matthew-brett";1;"8536";10;0;2;2;5;15;2;9;14;0;5;381;26.5
"mehak-sachdeva";1;"8527";5;2;2;2;17;10;1;7;161;0;5;174;9
"EFerriss";1;"8524";3;1;3;1;7;0;0;8;184;0;3;11;5
"Ellen-Co2";1;"8521";4;2;1;1;2;1;0;3;214;0;3;95;3
"Namiya";1;"8518";6;0;1;1;6;4;0;9;126;0;4;186;19
"rishikksh20";1;"8516";6;0;5;1;7;4;9;6;149;3;4;417;45.5
"katelie";1;"8514";21;2;5;1;2;1;5;3;144;0;7;818;27
"shubham0704";1;"8513";5;0;1;1;0;2;2;5;130;0;4;262;27
"aabadie";1;"8502";8;0;1;1;1;0;1;6;7;0;4;220;7.5
"jakevdp";1;"8496";4;0;2;2;9;0;1;7;12;0;2;212;42
"almer-t";1;"8495";1;0;1;1;1;1;1;7;141;NA;1;115;115
"lesteve";1;"8492";2;0;2;17;511;400;5;5;30;5;2;115;57.5
"mathurinm";1;"8483";6;0;1;2;3;2;1;9;126;0;5;257;11.5
"josephsalmon";1;"8473";3;1;1;1;6;2;2;6;128;0;3;212;9
"jnothman";1;"8469";1;0;1;1;5;0;2;10;4;NA;1;2;2
"tguillemot";1;"8462";2;0;1;1;1;1;0;8;114;1;2;21;10.5
"rishikksh20";1;"8456";8;0;8;7;17;11;7;7;231;1;5;300;20
"MarcoFalke";1;"8455";2;0;1;1;1;1;1;7;18;1;2;108;54
"glemaitre";1;"8452";6;1;2;3;55;1;2;8;148;0;5;184;14.5
"lesteve";1;"8444";1;0;1;1;7;4;0;4;33;NA;1;6;6
"tzano";1;"8442";4;0;1;1;1;1;0;5;16;0;2;12;2.5
"jnothman";1;"8440";3;7;4;2;74;43;1;9;0;0;3;130;5
"Morikko";1;"8437";2;1;3;1;7;0;1;12;145;0;2;122;61
"lesteve";1;"8435";3;0;1;1;2;1;0;12;66;0;3;259;53
"tzano";1;"8432";6;3;5;6;9;9;0;6;25;0;3;371;33.5
"NelleV";1;"8427";8;0;2;1;1;1;1;11;39;0;5;240;21.5
"reiinakano";1;"8421";2;0;1;1;3;0;9;6;125;9;2;89;44.5
"dokato";1;"8420";1;0;1;1;1;1;0;11;56;NA;1;2;2
"drkatnz";1;"8418";11;7;6;2;14;1;0;9;149;0;4;324;17
"aashil";1;"8406";1;0;2;1;3;1;0;13;30;NA;1;15;15
"aashil";1;"8402";9;3;2;1;12;2;5;9;137;0.5;4;252;8
"aashil";1;"8398";3;0;1;1;3;0;1;11;131;0.5;3;92;3
"Neurrone";1;"8390";1;0;1;1;1;1;0;8;23;NA;1;1;1
"rishikksh20";1;"8385";3;0;1;1;2;1;4;7;145;2;3;94;5
"i-am-xhy";1;"8383";3;0;1;1;1;1;2;7;2;1;3;133;25
"SACHIN-13";1;"8378";21;7;1;1;25;9;4;9;146;0;6;407;13
"dengemann";1;"8375";2;1;2;6;14;12;0;5;10;0;2;55;27.5
"dokato";1;"8371";12;6;7;3;16;1;4;7;140;0;4;534;19
"cbrummitt";1;"8362";1;0;1;1;1;1;0;8;80;NA;1;3;3
"lesteve";1;"8355";6;3;1;1;1;1;1;6;96;0;3;288;23.5
"Akshay0724";1;"8348";7;5;8;3;21;3;4;4;144;0;5;302;32
"vivekk-ezdi";1;"8346";2;0;1;1;1;1;0;5;129;0;2;107;53.5
"anshbansal";1;"8345";5;0;3;1;4;4;11;5;131;0;3;224;28
"tguillemot";1;"8343";3;0;2;1;4;4;1;7;2;0;3;110;2
"anshbansal";1;"8341";2;0;1;1;1;1;0;2;133;0;2;90;45
"Akshay0724";1;"8339";14;7;6;3;23;1;12;12;211;0;3;925;39
"vpoughon";1;"8335";0;0;1;3;9;3;0;9;104;NA;NA;NA;NA
"asishm";1;"8330";1;4;2;1;0;1;2;7;154;NA;1;4;4
"HolgerPeters";1;"8324";8;39;18;3;130;28;11;10;30;0;4;314;34.5
"chkoar";1;"8320";2;0;1;1;1;1;1;11;0;1;2;101;50.5
"MMeketon";1;"8319";15;2;4;2;7;1;13;3;92;0.5;4;1562;30
"seanpwilliams";1;"8314";7;0;2;1;4;2;0;8;83;0;2;285;26
"rishikksh20";1;"8311";7;0;2;3;7;7;1;6;129;0;4;234;27
"dalmia";1;"8310";1;0;1;1;6;2;6;5;25;NA;1;2;2
"vlasisva";1;"8309";1;0;1;2;34;0;1;4;130;NA;1;1;1
"jnothman";1;"8299";1;0;1;2;5;3;0;6;16;NA;1;2;2
"MechCoder";1;"8298";4;7;4;1;35;14;2;3;15;1;3;60;13.5
"stephen-hoover";1;"8295";11;4;5;4;53;7;6;8;142;0;4;320;18
"shubham0704";1;"8294";4;2;2;1;4;2;3;5;148;0;2;88;14.5
"Akshay0724";1;"8283";3;1;2;1;1;1;3;7;136;1;2;82;28
"lemonlaug";1;"8279";7;4;7;1;66;39;20;5;243;1.5;4;179;15
"stephen-hoover";1;"8278";10;6;3;6;122;29;6;9;275;1;6;502;38
"manu-chroma";1;"8270";4;0;1;1;1;1;0;8;134;0;2;102;28
"rishikksh20";1;"8268";8;3;3;1;6;12;5;4;137;0;2;126;16.5
"rth";1;"8264";6;1;4;2;4;145;7;7;96;1;2;150;18.5
"dalmia";1;"8263";8;11;5;2;20;29;12;6;36;0;4;273;16
"dalmia";1;"8261";7;0;5;5;33;5;2;10;78;0;3;63;10
"rishikksh20";1;"8260";1;0;1;1;3;4;0;4;142;NA;1;32;32
"amueller";1;"8258";3;0;2;1;15;14;0;12;22;0;2;33;11
"jnothman";1;"8257";5;3;1;1;92;55;0;8;19;0;3;124;10
"davidrobles";1;"8255";1;0;1;1;1;1;0;7;11;NA;1;1;1
"shubham0704";1;"8253";32;38;32;2;40;11;35;7;199;0;4;945;22.5
"lesteve";1;"8246";18;3;3;8;75;50;21;8;296;0;6;934;24.5
"davidrobles";1;"8241";4;1;1;1;7;4;30;6;22;0;3;20;4.5
"pganssle";1;"8237";1;0;1;1;1;1;0;7;116;NA;1;2;2
"glemaitre";1;"8232";13;0;4;1;21;14;0;6;130;0;4;352;25
"lesteve";1;"8228";2;0;1;4;18;14;1;7;47;0;1;74;37
"vincentpham1991";1;"8220";1;1;2;1;3;0;0;11;133;NA;1;2;2
"jakirkham";1;"8211";9;0;1;2;33;0;0;10;199;0;5;382;27
"lesteve";1;"8208";2;3;1;1;7;4;0;5;35;0;1;57;28.5
"BasilBeirouti";1;"8204";0;0;3;1;7;6;0;8;22;NA;NA;NA;NA
"BasilBeirouti";1;"8203";1;0;2;1;1;1;0;1;14;NA;1;2;2
"levy5674";1;"8199";4;0;8;3;16;2;3;7;62;1;3;39;10
"Akshay0724";1;"8197";8;0;0;0;0;0;21;9;118;0;2;408;43
"glemaitre";1;"8181";6;3;1;2;15;3;9;9;180;1;3;245;8
"perimosocordiae";1;"8176";1;0;1;1;2;2;0;6;15;NA;1;1;1
"mrbeann";1;"8171";1;0;1;1;1;1;0;9;28;NA;1;1;1
"mikebenfield";1;"8167";2;0;1;1;6;4;2;6;106;1;1;2;1
"perimosocordiae";1;"8160";9;3;4;3;15;5;13;9;49;0;4;75;7
"samsontmr";1;"8155";8;4;2;2;13;10;13;7;15;0;2;130;11.5
"lesteve";1;"8154";3;0;1;1;1;1;2;6;94;1;3;25;8
"glemaitre";1;"8153";5;0;3;2;18;2;1;10;163;0;2;132;21
"GaelVaroquaux";1;"8152";4;1;2;1;7;1;0;7;52;0;3;22;4.5
"mdezube";1;"8150";14;16;8;1;27;13;25;9;78;0;3;466;17.5
"naoyak";1;"8145";5;0;1;1;4;4;7;6;59;0;3;133;19
"naoyak";1;"8142";5;4;2;1;1;1;0;7;59;0;3;67;13
"devanshdalal";1;"8140";3;0;2;1;23;0;2;6;136;0;3;14;4
"naoyak";1;"8139";2;13;2;2;44;3;1;8;31;1;2;13;6.5
"nelson-liu";1;"8138";6;0;3;2;2;2;0;5;29;0;4;144;7
"naoyak";1;"8137";15;13;5;2;24;2;5;6;13;0;3;535;23
"kluangkote";1;"8132";1;0;1;1;1;1;0;5;30;NA;1;1;1
"ogrisel";1;"8123";2;0;3;4;12;12;0;5;33;11;1;37;18.5
"kluangkote";1;"8121";1;0;1;1;15;12;0;6;88;NA;1;1;1
"neerajgangwar";1;"8120";13;57;13;6;286;0;67;7;134;0;4;700;12
"kluangkote";1;"8119";1;0;1;1;1;1;0;7;44;NA;1;1;1
"raghavrv";1;"8117";13;2;5;4;53;12;11;21;112;0;3;305;16
"accraze";1;"8106";7;4;1;1;20;4;12;6;132;0.5;3;72;7
"karandesai-96";1;"8104";4;1;2;1;5;0;1;11;128;0;2;243;44.5
"GaelVaroquaux";1;"8099";0;0;1;1;7;4;1;8;12;NA;NA;NA;NA
"jnothman";1;"8097";4;0;1;1;1;1;0;6;46;0;2;207;52
"pjbull";1;"8095";5;3;7;3;64;8;1;9;60;0.5;3;53;7
"wj1066";1;"8091";2;0;1;1;2;2;0;7;144;0;1;23;11.5
"aashil";1;"8085";1;0;1;1;1;1;1;6;135;NA;1;1;1
"aashil";1;"8084";4;0;2;1;2;1;1;15;131;0;2;58;14
"rasbt";1;"8083";1;2;2;1;3;2;1;4;154;NA;1;1;1
"aashil";1;"8072";5;2;2;1;2;2;1;15;153;0;4;164;25
"b-carter";1;"8071";9;0;4;1;9;7;2;10;41;0;3;232;22
"xor";1;"8068";5;3;4;2;8;0;2;9;439;0.5;5;159;6
"acadiansith";1;"8065";4;3;3;3;24;5;4;12;227;1;4;37;10.5
"tguillemot";1;"8061";10;3;8;12;1082;60;13;5;73;1;5;147;14
"Don86";1;"8059";1;0;1;1;1;1;0;3;7;NA;1;3;3
"jnothman";1;"8056";1;0;2;1;2;2;0;9;15;NA;1;1;1
"yupbank";1;"8054";11;58;21;3;240;17;22;8;128;0;5;244;18
"jligo";1;"8051";9;1;4;1;5;3;2;4;203;0;4;236;22
"amueller";1;"8045";2;0;1;1;2;6;1;6;124;0;2;2;1
"dalmia";1;"8040";40;28;5;13;47;44;53;7;91;0;6;1630;34.5
"ohld";1;"8037";1;0;1;1;1;1;0;5;12;NA;1;1;1
"jnothman";1;"8036";15;5;3;1;13;5;2;10;108;0;3;762;37
"vincentpham1991";1;"8035";5;31;11;2;59;1;18;13;169;3.5;2;233;5
"jnothman";1;"8032";1;0;1;1;23;0;0;9;5;NA;1;10;10
"alexandercbooth";1;"8031";7;16;14;3;51;22;5;8;7;0;3;165;9
"alexandercbooth";1;"8024";11;19;9;2;31;13;7;14;12;0;3;392;9
"amueller";1;"8018";13;0;2;2;0;24;1;2;5;0;3;425;27
"vincentpham1991";1;"8014";2;0;1;1;1;1;0;8;140;0;2;6;3
"aashil";1;"8011";13;4;2;2;23;4;4;8;134;0;4;572;29
"amueller";1;"8009";5;0;1;2;6;4;2;10;25;0;3;79;11
"sebp";1;"8007";6;1;1;3;19;1;6;9;44;1;3;51;8
"amueller";1;"8005";11;0;4;5;63;32;13;6;67;0;3;368;19
"raghavrv";1;"8002";42;50;19;8;261;178;42;21;114;0;6;2082;34.5
"garyForeman";1;"7992";32;18;24;3;128;28;14;12;283;0;5;1312;26.5
"glemaitre";1;"7990";84;130;5;5;323;59;69;7;35;0;3;1501;37.5
"vincentpham1991";1;"7989";10;11;10;3;25;1;2;15;143;0;4;199;9
"bradysalz";1;"7988";1;0;1;1;1;1;0;3;135;NA;1;1;1
"Titan-C";1;"7986";33;4;5;11;367;195;42;8;4;0;6;1803;56
"alexandercbooth";1;"7974";3;0;1;1;16;15;2;8;13;1;3;5;2
"rashchedrin";1;"7971";2;2;3;1;9;8;0;6;158;0;2;3;1.5
"chenhe95";1;"7970";27;14;10;2;10;3;95;14;148;0;4;601;16
"chenhe95";1;"7968";1;2;1;1;7;6;0;10;46;NA;1;13;13
"habi";1;"7965";2;0;1;1;2;1;0;4;4;0;2;37;18.5
"amueller";1;"7964";8;0;3;3;11;1;3;4;180;0;4;220;13
"ferria";1;"7962";3;0;1;1;1;1;0;5;158;0;3;30;10
"nixtish";1;"7957";4;0;2;1;6;5;0;6;136;0;2;121;34.5
"rgommers";1;"7952";4;0;1;1;3;0;2;9;6;0;4;28;5.5
"jnothman";1;"7950";7;0;1;1;8;3;11;15;8;0;4;118;14
"jnothman";1;"7949";2;0;2;1;7;5;1;13;11;0;2;27;13.5
"lesteve";1;"7946";5;3;1;1;13;6;2;8;54;0;3;25;5
"nok";1;"7945";3;0;2;1;3;0;1;9;26;0;3;84;28
"rgommers";1;"7944";8;3;1;7;21;8;2;8;18;0;5;113;10
"raghavrv";1;"7941";18;9;6;2;46;67;12;20;52;0;5;598;23.5
"jnothman";1;"7938";10;0;1;1;23;0;12;8;127;1;4;355;18
"jkarno";1;"7937";17;31;14;3;99;28;26;6;113;0;4;923;25
"pldtc325";1;"7932";1;0;2;1;3;4;0;8;61;NA;1;1;1
"jnothman";1;"7928";1;0;1;1;0;1;1;5;0;NA;1;4;4
"amueller";1;"7927";14;17;22;54;234;1462;16;5;4;1;4;230;9.5
"dalmia";1;"7924";23;14;10;2;16;4;16;7;148;0;4;418;14
"jnothman";1;"7923";6;19;6;2;73;81;7;12;33;0;3;66;12
"lesteve";1;"7922";2;0;1;2;3;4;2;11;30;1;2;2;1
"jnothman";1;"7920";3;3;2;73;354;354;4;9;77;0.5;2;41;7
"theofpa";1;"7918";2;0;1;1;1;1;0;2;15;0;2;45;22.5
"neerajgangwar";1;"7915";6;1;2;2;16;0;2;15;140;0;4;82;3
"mthorrell";1;"7914";19;9;16;3;152;18;46;10;314;1;4;784;27
"t-lanigan";1;"7912";45;77;26;7;552;34;86;9;202;0;5;1813;35.5
"Titan-C";1;"7911";10;0;2;1;2;2;3;9;29;0;5;280;18
"alexandercbooth";1;"7906";12;0;2;1;11;11;4;9;12;0;3;713;43.5
"davidrobles";1;"7905";1;0;1;1;3;3;0;5;16;NA;1;1;1
"dougalsutherland";1;"7904";1;0;1;1;4;4;0;7;33;NA;1;1;1
"willduan";1;"7902";10;0;2;1;1;1;18;6;270;0;3;593;53.5
"DaGuich";1;"7899";3;0;3;1;4;0;0;8;47;0;2;22;1
"jnothman";1;"7897";7;1;5;1;24;23;21;9;31;3.5;3;50;5
"amueller";1;"7896";4;0;1;1;1;0;1;7;14;0;4;272;14.5
"lesteve";1;"7890";6;20;5;22;40;463;7;5;33;1;3;195;7.5
"dalmia";1;"7889";54;40;20;3;94;1;52;9;83;0;3;1781;41
"jnothman";1;"7887";1;3;1;1;3;1;0;7;24;NA;1;1;1
"jeroko";1;"7884";1;0;1;1;1;1;1;8;19;NA;1;2;2
"tguillemot";1;"7881";2;0;1;4;13;9;0;7;25;1;2;20;10
"kmike";1;"7878";17;0;1;1;5;0;43;9;56;0;5;1367;41
"yarikoptic";1;"7874";2;0;1;1;1;1;1;8;16;0;2;9;4.5
"jkarno";1;"7872";8;10;13;3;59;9;16;11;83;2;5;274;18
"maniteja123";1;"7871";0;0;1;1;1;1;1;7;17;NA;NA;NA;NA
"raghavrv";1;"7868";8;4;4;4;32;15;1;11;10;0;3;49;5
"mrbeann";1;"7864";6;0;1;1;2;2;0;2;32;0;2;33;1.5
"dalmia";1;"7860";9;14;8;2;12;2;17;12;40;1;3;131;14
"amueller";1;"7858";2;0;1;1;1;1;5;14;31;3;2;3;1.5
"dalmia";1;"7856";6;5;5;1;6;2;5;9;41;0;3;40;7
"dalmia";1;"7855";15;15;6;1;11;0;18;8;75;0.5;3;210;11
"amueller";1;"7854";4;0;1;1;2;2;4;10;17;1;4;22;5
"jbednar";1;"7852";2;5;3;1;10;9;10;10;53;0;1;7;3.5
"amueller";1;"7850";7;5;5;1;46;31;20;12;24;3;2;72;3
"jmontoyam";1;"7849";11;4;10;3;102;0;3;11;115;0;6;206;10
"kiote";1;"7846";43;80;4;11;199;42;72;12;147;1;3;1431;25.5
"dkirkby";1;"7844";2;0;1;1;1;1;0;6;142;0;2;10;5
"dalmia";1;"7843";9;8;2;1;6;0;37;9;27;1;4;83;8
"sergeyf";1;"7838";23;21;32;4;203;9;24;8;114;0;4;487;17
"guoci";1;"7837";3;0;1;1;1;1;0;12;126;0;3;54;2
"tguillemot";1;"7836";5;8;3;1;13;2;0;7;16;0;3;94;9
"srivatsan-ramesh";1;"7830";1;3;4;1;7;0;0;6;94;NA;1;1;1
"kchen17";1;"7825";9;21;18;7;82;4;29;12;77;1.5;3;274;34
"dalmia";1;"7824";14;5;5;1;88;36;5;12;31;0;6;276;14
"dalmia";1;"7818";32;25;17;2;204;339;6;9;55;0;5;961;23.5
"maniteja123";1;"7814";3;1;2;1;1;0;0;13;40;0;3;22;2
"jnothman";1;"7813";2;0;1;1;1;1;7;8;3;7;2;4;2
"kmike";1;"7812";7;3;3;2;24;9;5;15;90;0.5;4;135;23
"karandesai-96";1;"7806";7;0;2;2;6;1;2;8;27;0;4;98;11
"kennmyers";1;"7802";4;5;13;2;18;0;85;5;143;0;3;121;28
"waterponey";1;"7800";2;0;1;1;3;1;0;5;170;0;2;60;30
"srivatsan-ramesh";1;"7799";10;28;13;3;72;20;8;8;213;0;4;522;25
"kaushlakers";1;"7792";3;0;3;3;3;3;1;15;143;0.5;3;7;2
"iKevinY";1;"7791";1;6;0;0;0;0;0;5;14;NA;1;11;11
"srivatsan-ramesh";1;"7786";13;9;5;2;49;27;7;8;174;0;6;409;12
"ditenberg";1;"7783";3;0;2;1;3;2;2;9;48;1;3;78;2
"kmike";1;"7782";1;0;1;1;3;3;0;7;9;NA;1;1;1
"jnothman";1;"7780";2;0;1;1;3;0;3;10;11;0;2;9;4.5
"amueller";1;"7764";15;1;3;3;9;7;14;8;2;0;3;509;19
"varunshenoy";1;"7759";3;0;1;1;4;0;0;4;18;0;2;80;12
"perimosocordiae";1;"7750";8;1;6;2;7;1;1;9;45;0;3;147;7.5
"raghavrv";1;"7749";0;0;1;1;1;1;0;6;3;NA;NA;NA;NA
"waterponey";1;"7747";23;7;4;1;10;2;4;9;37;0;4;943;28
"amueller";1;"7742";2;0;2;4;34;33;1;7;3;0;2;2;1
"chkoar";1;"7741";1;0;1;1;1;1;0;9;27;NA;1;2;2
"tguillemot";1;"7734";1;2;2;1;16;16;0;4;6;NA;1;2;2
"asanakoy";1;"7732";9;8;4;2;35;0;2;10;75;0;4;126;11
"GaelVaroquaux";1;"7731";5;0;1;1;1;1;2;9;30;0.5;4;124;7
"Deborah-Digges";1;"7730";13;1;5;1;8;7;2;13;86;0;4;152;9
"bburns";1;"7727";2;0;1;1;12;1;3;9;72;1;2;25;12.5
"waterponey";1;"7725";17;37;7;19;336;17;8;10;15;0;4;305;13
"btdai";1;"7724";39;20;22;3;51;2;16;13;222;0;5;2676;24.5
"kmike";1;"7723";9;14;6;3;50;3;8;8;40;0;4;97;10
"Erotemic";1;"7721";9;7;4;2;15;11;6;7;315;0;3;3240;47
"lesteve";1;"7719";19;21;12;22;128;328;12;8;315;0;6;583;10
"amueller";1;"7711";5;0;1;1;0;4;1;8;0;0;3;63;15
"jnothman";1;"7709";9;0;3;1;15;0;28;13;53;0;3;345;23
"jnothman";1;"7706";3;0;1;1;2;2;0;10;3;0;2;492;36
"jkarno";1;"7703";29;12;7;4;33;9;10;7;89;0;5;1332;26
"ljwolf";1;"7702";24;4;3;2;15;5;1;8;240;0;5;496;13.5
"lesteve";1;"7696";3;0;1;3;21;8;2;8;11;0.5;2;37;15
"jstriebel";1;"7693";3;0;3;1;2;1;0;4;62;0;3;60;5
"ferria";1;"7691";4;0;2;2;2;2;0;10;197;0;3;22;4
"tomlof";1;"7685";11;18;28;7;241;25;13;7;272;1;3;103;11
"polmauri";1;"7683";7;13;3;2;35;0;8;15;24;0.5;4;48;5
"andrewcsmith";1;"7682";3;0;1;1;2;2;0;7;147;0;2;17;6
"olologin";1;"7680";26;17;1;6;46;8;3;10;173;0;5;744;20
"JungeAlexander";1;"7677";7;12;6;2;69;108;5;12;70;0;3;80;10
"affanv14";1;"7676";18;1;4;3;21;2;5;6;149;0;4;472;15.5
"kgilliam125";1;"7673";5;11;3;1;8;3;11;8;154;1;3;175;18
"amueller";1;"7672";22;2;136;209;3471;1776;28;3;55;0;5;483;14.5
"kgilliam125";1;"7670";20;16;7;1;30;7;53;7;197;0;4;901;24.5
"abatula";1;"7661";7;8;10;3;29;2;7;12;39;1;3;93;13
"raghavrv";1;"7660";48;48;20;7;226;80;17;13;89;0;5;864;13
"jnothman";1;"7657";30;2;5;3;205;158;13;10;98;0;6;800;15.5
"karandesai-96";1;"7655";23;30;4;7;148;8;49;10;217;0;4;1052;21
"ogrisel";1;"7651";1;0;1;1;4;3;1;5;16;NA;1;1;1
"giorgiop";1;"7649";9;3;1;3;25;1;6;7;3;0;4;170;8
"campustrampus";1;"7648";4;0;1;1;1;1;99;16;141;1;3;66;18
"Mougatine";1;"7644";5;2;4;2;20;1;20;14;69;1;2;58;2
"nvavrova";1;"7641";3;0;0;0;0;0;2;7;135;1;3;27;10
"srivatsan-ramesh";1;"7640";7;5;3;1;2;1;13;9;75;0.5;4;201;15
"nelson-liu";1;"7637";3;1;2;1;2;2;2;8;27;1;2;22;8
"aashil";1;"7636";3;0;1;1;7;5;1;21;68;0;3;33;3
"GaelVaroquaux";1;"7634";5;0;1;2;41;12;3;9;80;0.5;3;50;8
"JPFrancoia";1;"7632";16;10;10;3;46;21;15;9;158;1;3;500;30
"jakevdp";1;"7629";1;0;1;1;5;0;0;7;0;NA;1;2;2
"sshleifer";1;"7621";4;3;5;2;25;4;0;9;21;0;2;11;1.5
"aashil";1;"7620";9;0;1;1;21;16;4;9;157;0;2;142;11
"kgilliam125";1;"7614";9;0;2;1;1;1;12;6;148;1;4;163;16
"ivallesp";1;"7612";16;2;1;1;5;0;1;13;63;0;3;337;15.5
"lynchkl";1;"7611";11;0;3;1;2;2;1;15;137;0;4;244;16
"amueller";1;"7607";0;2;1;2;4;4;2;6;7;NA;NA;NA;NA
"amueller";1;"7606";0;0;1;1;0;1;6;12;0;NA;NA;NA;NA
"nelson-liu";1;"7605";1;0;1;1;4;4;1;7;10;NA;1;1;1
"nelson-liu";1;"7604";7;0;5;2;23;12;2;12;163;0;3;199;7
"NelleV";1;"7601";0;0;1;1;2;2;1;9;25;NA;NA;NA;NA
"kgilliam125";1;"7599";4;8;6;1;37;12;2;10;207;1;3;40;4
"raghavrv";1;"7594";7;4;10;4;48;7;4;9;35;0.5;3;104;11
"raghavrv";1;"7593";16;37;18;2;215;37;28;15;76;1;3;236;11
"elliott2081";1;"7592";6;2;2;1;1;1;1;4;180;0;4;182;14.5
"nuffe";1;"7591";22;8;13;3;60;16;19;8;68;0;6;677;29.5
"jkarno";1;"7589";4;0;1;23;94;96;0;7;55;0;3;42;8.5
"GSzpak";1;"7585";4;2;3;2;9;2;1;12;61;0;2;26;2.5
"jasmainak";1;"7577";3;0;1;1;6;3;1;10;19;0;3;6;2
"vibrantabhi19";1;"7576";3;0;1;1;2;2;0;5;81;0;3;26;10
"lesteve";1;"7575";1;0;1;1;40;26;0;6;78;NA;1;11;11
"anguswilliams91";1;"7571";1;0;1;1;4;0;0;7;157;NA;1;1;1
"jorahn";1;"7564";1;0;1;1;1;1;0;5;133;NA;1;1;1
"carlsonp";1;"7561";2;0;1;1;2;2;0;6;109;0;2;3;1.5
"Ajackster";1;"7560";16;3;2;1;4;3;2;9;151;0;5;426;21.5
"kiote";1;"7553";24;45;3;4;72;23;33;7;68;1;3;584;18.5
"souravsingh";1;"7550";10;0;1;1;2;2;5;9;16;0;4;218;16
"rubik";1;"7545";1;0;1;1;1;1;0;6;19;NA;1;1;1
"TomDLT";1;"7541";15;0;1;1;12;2;6;13;16;0;4;484;23
"raghavrv";1;"7535";10;0;1;2;12;1;1;9;16;0;5;239;23
"zorroblue";1;"7534";4;0;1;1;1;0;155;4;150;1;4;86;23
"amueller";1;"7532";1;0;1;1;5;0;1;10;2;NA;1;4;4
"rickiepark";1;"7525";1;0;3;2;4;1;8;6;106;NA;1;4;4
"giorgiop";1;"7524";10;10;1;4;6;7;11;8;190;0;3;188;16
"iamprakashom";1;"7523";3;0;3;3;10;6;0;7;36;0;2;21;5
"jkarno";1;"7519";11;6;4;1;54;1;7;9;121;0;5;171;7
"jnothman";1;"7518";3;0;1;2;4;0;1;7;12;0;2;28;13
"chenhe95";1;"7516";24;22;25;3;64;25;10;12;163;0;5;1008;26.5
"amueller";1;"7514";1;0;1;9;82;62;0;3;22;NA;1;11;11
"GaelVaroquaux";1;"7511";5;0;1;1;1;1;0;7;4;0;3;51;5
"HashCode55";1;"7507";14;26;9;2;33;1;2;10;143;0;7;283;15.5
"NarineK";1;"7506";44;18;21;3;87;27;21;14;228;0;3;1321;19
"amueller";1;"7503";5;0;1;3;26;26;0;3;2;0;4;34;8
"sidgupta234";1;"7499";8;15;11;3;23;4;1;7;139;0;4;224;19.5
"jnothman";1;"7498";12;0;2;2;16;8;2;7;22;0;4;331;15
"jnothman";1;"7496";6;0;3;1;266;215;1;11;17;0;4;41;7.5
"raghavrv";1;"7494";3;0;1;1;1;1;2;12;37;1;2;49;18
"mpjlu";1;"7490";27;25;17;3;45;3;24;6;207;0;5;730;22
"fukatani";1;"7487";2;0;1;2;5;6;0;5;15;1;2;3;1.5
"omtcyfz";1;"7480";6;0;0;0;0;0;0;3;20;0;3;169;24
"hnykda";1;"7476";1;0;1;1;1;1;0;8;33;NA;1;4;4
"omtcyfz";1;"7472";2;0;0;0;0;0;0;5;22;0;1;6;3
"kmike";1;"7470";2;3;2;1;3;5;8;5;218;4;2;2;1
"charltonaustin";1;"7469";4;3;4;2;16;2;8;7;157;1;3;76;19.5
"themrmax";1;"7465";1;0;1;1;1;2;0;3;136;NA;1;1;1
"lesteve";1;"7464";15;42;9;16;64;72;82;12;24;0.5;4;563;18
"fabianegli";1;"7457";18;2;8;2;27;1;25;13;211;0;4;467;23
"patrickkerrypei";1;"7456";2;8;2;1;4;5;0;5;24;0;2;14;7
"ixjlyons";1;"7453";4;9;2;3;130;119;10;7;192;0;2;78;19.5
"aabadie";1;"7450";5;3;4;3;29;19;3;12;140;0;3;110;18
"elena-sharova";1;"7449";2;0;1;1;5;5;3;12;164;3;2;11;5.5
"StevenCHowell";1;"7447";6;2;2;1;1;1;0;5;124;0;4;192;29
"cbrummitt";1;"7445";2;0;1;1;3;3;0;3;39;0;1;13;6.5
"ogrisel";1;"7444";7;0;2;5;79;69;0;4;23;0;3;116;6
"nelson-liu";1;"7441";26;5;4;2;16;9;14;7;48;0;6;1186;26
"jnothman";1;"7438";7;16;7;3;46;24;7;10;25;1;3;242;27
"lesteve";1;"7437";2;0;1;1;40;22;0;9;46;0;2;26;13
"aabadie";1;"7434";5;6;2;2;6;8;3;9;176;0;3;14;2
"nelson-liu";1;"7431";14;0;7;1;12;6;20;5;85;0;3;447;19.5
"nelson-liu";1;"7430";2;0;1;1;1;0;0;7;29;0;1;2;1
"amueller";1;"7428";1;8;4;2;131;74;9;8;4;NA;1;2;2
"kmike";1;"7423";4;2;1;1;5;5;41;8;33;1;4;49;12
"kmike";1;"7422";7;0;1;3;9;9;0;11;14;0;6;180;15
"TomDLT";1;"7421";4;0;1;1;48;43;0;7;3;0;3;45;13
"kmike";1;"7420";2;0;1;1;11;6;0;9;50;0;2;2;1
"amueller";1;"7415";2;0;2;1;9;4;0;6;3;0;2;19;9.5
"amueller";1;"7414";0;5;1;4;12;7;14;7;7;NA;NA;NA;NA
"amueller";1;"7413";2;0;2;4;26;9;10;5;10;1;2;21;10.5
"jnothman";1;"7412";9;0;3;3;32;17;7;6;25;0;3;95;7
"jnothman";1;"7411";12;23;5;8;171;46;10;7;206;0;3;184;15.5
"robinschucker";1;"7410";1;0;1;1;2;2;0;6;5;NA;1;2;2
"amueller";1;"7404";1;0;1;1;118;118;1;8;3;NA;1;12;12
"amueller";1;"7403";11;14;2;15;184;8;15;6;25;0;4;131;7
"jamesroutley";1;"7402";1;0;2;1;1;1;0;2;122;NA;1;2;2
"ogrisel";1;"7401";3;0;1;6;140;45;1;8;19;0.5;3;26;8
"amueller";1;"7400";2;7;5;2;8;0;1;8;0;1;2;32;16
"amueller";1;"7399";2;0;1;3;52;57;1;9;8;0;2;3;1.5
"julienaubert";1;"7397";2;0;1;2;39;4;18;8;232;13;2;2;1
"ogrisel";1;"7396";10;0;2;5;130;128;1;13;36;0;3;115;5
"raghavrv";1;"7395";6;0;2;2;7;2;0;6;15;0;2;60;10.5
"ogrisel";1;"7393";0;0;2;3;105;90;0;10;13;NA;NA;NA;NA
"jnothman";1;"7392";0;0;1;2;13;0;0;10;3;NA;NA;NA;NA
"themrmax";1;"7390";12;18;13;3;55;40;9;9;174;0;5;373;11
"jnothman";1;"7389";4;0;1;2;24;0;9;8;34;3;3;23;5.5
"ogrisel";1;"7386";0;0;1;15;822;441;0;7;29;NA;NA;NA;NA
"podshumok";1;"7384";15;1;7;40;115;132;27;15;103;0.5;7;935;43
"yangarbiter";1;"7376";23;8;14;9;40;21;38;4;42;0.5;8;732;18
"MechCoder";1;"7374";9;0;2;1;7;5;2;18;44;0;4;87;5
"amueller";1;"7368";7;0;1;3;53;75;14;9;11;0;4;133;20
"jnothman";1;"7358";8;5;6;2;29;19;5;8;8;0;4;63;5.5
"amueller";1;"7357";1;2;1;11;23;21;1;6;6;NA;1;1;1
"Titan-C";1;"7354";36;2;6;12;535;265;9;5;13;0;5;1406;39
"jblackburne";1;"7353";8;2;1;5;17;81;4;9;82;0;3;88;7
"rsmith54";1;"7350";54;45;39;10;227;133;14;6;138;0;3;1202;25.5
"kjacks21";1;"7345";1;0;1;1;1;1;0;8;122;NA;1;3;3
"themrmax";1;"7342";3;0;1;1;4;4;1;7;133;0.5;3;55;11
"saihttam";1;"7339";6;7;4;1;9;6;1;9;36;0;2;20;2
"jnothman";1;"7331";31;6;6;3;38;2;7;14;12;0;6;944;13.5
"zhengruifeng";1;"7330";9;5;7;2;12;2;34;8;37;2;4;96;10
"raghavrv";1;"7325";71;46;3;4;299;128;26;7;73;0;4;527;15
"raghavrv";1;"7324";15;6;1;10;145;137;6;10;4;0;4;175;9
"b0noI";1;"7323";5;9;7;3;40;22;6;15;51;0;3;42;4
"nelson-liu";1;"7320";2;4;3;1;1;1;5;7;17;1;2;2;1
"amueller";1;"7317";15;1;2;2;26;11;5;8;186;0;3;369;12
"hobson";1;"7316";4;2;4;1;32;25;1;7;36;0;4;19;4.5
"kchen17";1;"7315";21;6;5;2;21;0;35;15;78;0;4;748;40
"amueller";1;"7313";5;2;1;1;13;14;8;12;10;1;3;40;5
"amueller";1;"7309";7;21;4;2;40;0;12;7;14;0;4;31;3
"jnothman";1;"7304";8;15;4;3;121;129;8;11;157;1;5;177;14
"nelson-liu";1;"7301";38;13;11;5;138;21;28;10;56;0;6;1855;38
"nelson-liu";1;"7300";2;0;1;1;0;0;0;9;52;0;2;4;2
"ogrisel";1;"7294";4;2;1;2;6;5;1;8;25;0;4;23;4
"jnothman";1;"7292";0;0;1;4;28;173;0;10;6;NA;NA;NA;NA
"lesteve";1;"7290";6;0;2;8;35;15;1;5;24;0;4;59;5
"asnt";1;"7282";6;7;1;4;44;24;2;5;77;0;4;144;16
"ogrisel";1;"7281";2;0;1;1;4;1;0;6;6;0;2;7;3.5
"GaelVaroquaux";1;"7279";4;0;1;1;10;1;0;10;14;0;4;28;6
"ClimbsRocks";1;"7273";1;0;2;1;3;3;0;5;16;NA;1;1;1
"rth";1;"7272";21;4;3;1;18;7;18;7;232;0;4;1160;21
"ClimbsRocks";1;"7268";5;4;3;14;63;60;1;9;95;0;4;33;6
"ogrisel";1;"7267";4;10;2;3;63;42;3;6;73;1;3;34;4
"MridulS";1;"7265";4;4;1;2;1;11;5;5;130;1;3;13;3.5
"MridulS";1;"7264";4;6;1;1;16;0;2;6;131;0;3;32;2
"asnt";1;"7263";5;0;1;1;3;1;0;8;18;1;4;40;7
"betatim";1;"7261";51;48;15;9;112;45;12;9;46;0;7;1283;27.5
"MechCoder";1;"7259";5;3;4;2;13;4;8;15;74;1.5;4;66;10
"amueller";1;"7258";1;0;1;1;1;1;1;9;4;NA;1;10;10
"lesteve";1;"7252";3;0;2;3;12;2;0;9;21;0;3;5;1
"leighton613";1;"7249";2;0;1;1;1;1;1;5;123;1;2;2;1
"amueller";1;"7248";13;32;4;4;74;8;16;9;17;1;3;186;10
"yenchenlin";1;"7245";4;3;3;6;27;20;1;4;17;0;3;9;1.5
"alexrudy";1;"7240";10;1;3;1;6;6;3;8;38;0;3;148;11.5
"nelson-liu";1;"7239";22;71;3;3;93;26;1;5;118;0;5;580;16.5
"raghavrv";1;"7234";11;3;1;2;28;1;1;11;177;0;4;131;7
"nelson-liu";1;"7227";3;0;2;2;3;3;0;6;75;0;2;274;96
"b-carter";1;"7225";13;0;1;1;41;0;14;11;137;0;5;388;27
"yenchenlin";1;"7218";14;2;2;2;64;33;8;6;60;0;5;247;7.5
"ClimbsRocks";1;"7217";1;0;1;1;1;1;0;3;20;NA;1;7;7
"b0noI";1;"7216";11;17;9;3;26;8;11;12;228;1;3;352;28
"zhengruifeng";1;"7214";6;5;4;1;9;1;22;7;28;3;4;25;4
"zhengruifeng";1;"7213";1;0;1;1;2;2;0;6;18;NA;1;11;11
"b-carter";1;"7209";2;1;1;2;9;6;2;7;143;1;2;27;13.5
"b-carter";1;"7208";4;24;13;2;29;10;6;7;192;2;2;70;10
"nelson-liu";1;"7202";6;0;2;1;4;5;11;6;64;0;5;64;6
"caioaao";1;"7201";3;0;5;3;27;5;1;8;16;0.5;2;40;17
"nelson-liu";1;"7199";14;4;7;3;21;14;2;10;45;0;4;293;18
"rasbt";1;"7197";2;0;2;1;1;1;5;6;170;5;2;21;10.5
"ogrisel";1;"7196";0;0;1;2;38;17;0;9;127;NA;NA;NA;NA
"nelson-liu";1;"7191";3;4;2;1;23;21;1;13;70;0.5;2;21;2
"yenchenlin";1;"7187";23;34;17;13;172;151;3;7;40;0;6;286;10
"srvanrell";1;"7186";1;0;1;1;1;1;1;4;139;NA;1;2;2
"yenchenlin";1;"7184";2;7;3;1;4;0;1;6;20;0;2;14;7
"ceshine";1;"7183";5;0;1;4;0;19;4;6;89;0.5;4;84;3
"superbobry";1;"7182";2;0;1;1;1;1;1;6;41;0;2;69;34.5
"tguillemot";1;"7180";2;0;1;1;1;1;2;10;81;0;2;15;7.5
"jasonlaska";1;"7172";9;2;2;1;1;0;1;5;14;0;4;492;45
"jessicayung";1;"7171";1;0;1;1;1;1;0;5;129;NA;1;1;1
"yenchenlin";1;"7170";8;18;7;2;39;25;1;6;19;0;3;60;5
"lesteve";1;"7167";3;0;1;2;2;3;1;9;37;0;3;60;19
"kjacks21";1;"7161";17;7;4;1;43;44;9;6;161;0;4;383;14
"definitelyuncertain";1;"7157";3;3;2;1;6;3;10;6;147;1.5;3;33;8
"manu-chroma";1;"7154";3;21;8;3;104;14;1;9;143;0.5;3;15;5
"manu-chroma";1;"7152";4;4;5;3;27;3;1;6;144;0;3;21;2
"nelson-liu";1;"7151";1;0;1;1;3;3;1;7;45;NA;1;3;3
"nelson-liu";1;"7150";0;0;1;1;3;1;1;6;24;NA;NA;NA;NA
"naoyak";1;"7149";1;0;1;1;1;0;0;5;25;NA;1;2;2
"yenchenlin";1;"7145";2;0;1;1;1;1;0;4;5;0;2;14;7
"iver56";1;"7143";2;0;1;1;1;1;12;5;53;12;2;9;4.5
"nelson-liu";1;"7138";0;2;1;2;9;6;0;11;38;NA;NA;NA;NA
"JulianKahnert";1;"7137";2;0;0;0;0;0;0;3;124;0;2;5;2.5
"agramfort";1;"7133";5;0;1;1;0;137;0;2;12;0;2;12;3
"lesteve";1;"7127";14;22;3;6;151;36;28;9;159;0;4;241;11.5
"didibz";1;"7125";4;1;2;1;2;2;1;4;29;0;2;57;13.5
"tguillemot";1;"7124";6;2;1;3;29;19;5;7;59;1;3;47;7
"tguillemot";1;"7123";12;27;5;3;152;124;9;5;83;0;3;132;6.5
"jrfiedler";1;"7119";4;0;1;17;10;28;2;4;61;0;3;172;38.5
"staubda";1;"7118";48;62;20;5;198;60;25;11;71;0;5;1235;29.5
"mlliou112";1;"7111";40;16;1;3;122;1;58;7;72;1;7;1177;24
"nelson-liu";1;"7108";2;0;1;1;4;4;0;8;27;0;2;25;12.5
"nelson-liu";1;"7106";1;0;1;1;1;1;0;7;0;NA;1;4;4
"nelson-liu";1;"7105";1;2;1;3;13;0;0;10;17;NA;1;3;3
"staubda";1;"7104";13;0;2;2;2;3;9;7;61;0;4;296;19
"olologin";1;"7101";3;2;3;4;45;5;6;7;41;0;2;67;8
"Ajackster";1;"7098";12;3;6;2;116;2;2;11;135;0;4;314;17.5
"GaelVaroquaux";1;"7097";8;21;4;3;26;2;7;2;29;0;6;106;5
"staubda";1;"7095";1;0;1;1;3;1;1;8;2;NA;1;2;2
"nelson-liu";1;"7093";3;3;3;3;18;0;1;9;33;0.5;2;12;3
"amueller";1;"7090";2;2;1;2;9;0;1;8;63;0;2;12;6
"amueller";1;"7083";11;2;1;14;16;16;0;6;0;0;4;147;12
"raghavrv";1;"7082";2;0;1;1;1;1;0;4;1;0;1;20;10
"lesteve";1;"7077";0;0;1;1;1;2;0;13;25;NA;NA;NA;NA
"sshleifer";1;"7069";5;0;3;1;4;7;2;5;131;0.5;3;84;11
"jrfiedler";1;"7067";6;0;1;9;20;17;5;8;96;0;2;133;23
"jrfiedler";1;"7066";2;0;1;1;6;7;2;6;44;0;2;3;1.5
"Erotemic";1;"7064";6;0;1;2;34;1;10;7;184;0;4;131;23
"samuelstjean";1;"7063";1;0;0;0;0;0;0;3;34;NA;1;1;1
"neo01124";1;"7062";1;0;1;1;2;2;0;1;20;NA;1;1;1
"rasbt";1;"7060";1;0;1;1;0;1;1;6;65;NA;1;1;1
"doshyt";1;"7057";2;10;4;1;20;9;2;6;29;0;1;14;7
"yenchenlin";1;"7053";2;0;1;1;15;19;6;6;19;1;2;6;3
"manu-chroma";1;"7049";19;68;12;3;28;1;10;8;171;0;3;487;13
"NickleDave";1;"7045";13;0;1;1;2;2;3;7;26;0;4;325;24
"samuelstjean";1;"7044";1;0;0;0;0;0;0;3;18;NA;1;1;1
"nelson-liu";1;"7043";0;0;1;1;1;1;0;8;13;NA;NA;NA;NA
"jnothman";1;"7041";2;0;1;1;3;5;7;9;2;7;2;4;2
"nelson-liu";1;"7034";8;2;7;4;42;42;163;13;65;0;4;122;13.5
"nelson-liu";1;"7033";2;0;1;1;1;1;8;8;24;0;2;33;16.5
"shengxiduan";1;"7031";1;0;1;1;2;0;0;8;132;NA;1;4;4
"tguillemot";1;"7028";6;0;2;2;45;6;22;3;133;0;3;29;3.5
"kjacks21";1;"7025";3;0;1;1;29;11;1;5;142;0.5;3;15;6
"blakeflei";1;"7024";6;3;2;1;2;3;1;7;171;0;3;70;11
"juliathebrave";1;"7020";15;13;17;3;135;45;1;8;154;0;4;208;11
"willingc";1;"7018";8;4;6;1;72;52;68;6;4;0;6;143;12.5
"willingc";1;"7017";1;0;1;1;83;65;0;5;12;NA;1;2;2
"rasbt";1;"7015";17;6;6;2;132;22;27;6;141;0;4;896;33
"jrfiedler";1;"7013";4;6;2;1;14;6;0;6;24;0;3;72;17.5
"dhanus";1;"7012";17;23;10;2;23;11;1;4;111;0;4;203;8
"wyseguy7";1;"7009";3;0;1;1;0;4;0;8;140;0;3;7;2
"btabibian";1;"7007";1;0;1;1;1;1;0;3;20;NA;1;3;3
"nateGeorge";1;"7005";6;24;16;31;83;94;11;3;21;1;2;64;11.5
"fisache";1;"7001";1;0;1;2;2;2;0;5;128;NA;1;1;1
"doshyt";1;"6999";13;1;6;2;12;4;69;17;168;0;6;457;34
"taion";1;"6990";16;4;0;0;0;0;48;11;35;0;4;238;13
"perimosocordiae";1;"6989";1;0;1;1;1;1;0;5;19;NA;1;2;2
"gojomo";1;"6987";2;0;2;2;4;1;3;8;18;2;1;19;9.5
"ogrisel";1;"6985";3;2;2;14;2000;667;4;2;8;2;1;47;18
"fisache";1;"6982";1;0;1;1;1;1;0;3;127;NA;1;2;2
"ClimbsRocks";1;"6979";1;0;1;1;1;1;0;3;7;NA;1;2;2
"jnothman";1;"6978";4;0;3;3;31;12;19;12;10;3;2;32;8.5
"betatim";1;"6976";12;0;2;3;32;0;30;11;119;0;3;477;22.5
"vharavu";1;"6970";6;1;2;2;3;0;4;8;154;0;4;213;33
"doshyt";1;"6966";6;0;1;1;36;15;8;7;151;1;4;165;27.5
"MechCoder";1;"6963";23;24;5;2;131;89;41;13;57;0;3;417;13
"jannab";1;"6962";2;2;2;1;1;2;10;11;162;1;2;3;1.5
"ixjlyons";1;"6958";6;5;4;2;12;0;24;7;113;1;4;189;14.5
"kwohlfahrt";1;"6957";19;7;3;2;17;10;114;6;38;1;5;414;17
"nelson-liu";1;"6954";42;31;16;7;146;18;24;10;162;0;5;547;15.5
"bnaul";1;"6949";14;0;1;2;34;16;1;8;21;0;7;337;12
"proinsias";1;"6946";1;0;1;1;15;15;2;9;13;NA;1;17;17
"proinsias";1;"6944";1;0;1;1;6;5;1;8;13;NA;1;3;3
"shotat";1;"6942";3;0;1;10;16;16;1;6;128;0.5;3;4;1
"markbao";1;"6941";2;0;1;1;1;1;0;7;20;0;2;3;1.5
"moutai";1;"6940";1;0;1;1;2;2;0;4;13;NA;1;2;2
"imaculate";1;"6939";15;16;6;3;44;9;17;11;135;0;6;338;9
"jstriebel";1;"6938";4;0;1;1;1;1;0;4;36;0;4;44;7.5
"proinsias";1;"6936";5;3;1;9;32;25;4;7;42;0.5;3;78;15
"proinsias";1;"6935";1;0;1;1;1;1;0;5;16;NA;1;1;1
"TomDLT";1;"6932";7;12;5;4;82;15;6;10;9;0;3;70;5
"ClimbsRocks";1;"6926";9;2;3;2;27;27;67;3;16;0;5;352;26
"ClimbsRocks";1;"6925";1;0;1;1;1;1;1;3;9;NA;1;1;1
"crodjer";1;"6923";7;2;1;2;5;4;1;6;225;0;4;192;24
"LeonieBorne";1;"6918";15;10;9;3;12;6;31;3;156;0;3;849;17
"ryanyu9";1;"6917";0;0;1;1;1;1;0;6;123;NA;NA;NA;NA
"yenchenlin";1;"6913";86;104;50;8;680;118;65;6;118;0;4;1036;25
"b-carter";1;"6912";1;0;1;1;1;1;1;7;135;NA;1;1;1
"lesteve";1;"6910";4;3;1;2;36;5;1;13;5;0;3;37;8
"yoavram";1;"6909";2;0;1;1;2;2;0;9;24;0;2;9;4.5
"HashCode55";1;"6908";3;1;3;4;14;14;4;6;65;1.5;2;31;12
"imaculate";1;"6907";10;13;22;2;51;16;5;13;125;0;3;110;6.5
"lesteve";1;"6903";2;0;1;1;2;2;0;5;49;0;2;54;27
"jamoque";1;"6901";1;3;1;1;5;5;1;7;131;NA;1;1;1
"fishcorn";1;"6900";3;3;4;2;28;0;5;6;186;2.5;2;21;5
"raghavrv";1;"6897";7;0;1;1;1;1;0;10;16;0;4;217;5
"tguillemot";1;"6886";1;0;1;2;6;6;0;9;11;NA;1;2;2
"krishnakalyan3";1;"6885";4;0;1;1;2;0;0;7;133;0;3;18;4.5
"denadai2";1;"6880";1;0;1;1;4;0;1;3;15;NA;1;2;2
"CaMeLCa5e";1;"6878";1;1;2;9;17;16;1;3;1;NA;1;9;9
"jnothman";1;"6869";21;3;1;3;27;0;5;6;43;0;4;547;16
"ogrisel";1;"6856";0;0;1;1;18;3;0;6;83;NA;NA;NA;NA
"samuelstjean";1;"6854";1;0;0;0;0;0;0;3;8;NA;1;2;2
"krishnakalyan3";1;"6853";4;2;3;2;5;5;0;8;139;0;2;63;6
"kmike";1;"6850";2;0;1;1;1;1;1;7;21;0;2;5;2.5
"yenchenlin";1;"6846";30;48;17;6;359;108;21;12;127;0;5;745;18
"bernhard2202";1;"6844";5;3;3;1;29;19;1;8;48;0;3;41;9
"moutai";1;"6840";2;0;1;1;4;4;0;7;7;0;2;2;1
"jbn";1;"6831";3;0;1;1;1;1;0;4;124;0;3;6;2
"ryanyu9";1;"6826";7;0;1;1;0;1;1;2;147;0;4;75;5
"amueller";1;"6825";2;4;1;2;37;0;21;4;4;10;2;11;5.5
"tguillemot";1;"6824";5;0;1;2;149;120;8;6;139;0.5;4;33;8
"tguillemot";1;"6823";21;35;3;9;390;32;22;7;191;0;7;526;12
"TomDLT";1;"6817";5;8;1;4;44;52;1;9;31;0;3;25;3
"nadya-p";1;"6814";5;0;7;4;15;12;3;5;39;0.5;3;85;17
"nelson-liu";1;"6812";8;0;1;4;5;5;0;5;174;0;3;120;12.5
"teaearlgraycold";1;"6807";2;0;0;0;0;0;1;7;72;1;2;2;1
"gglanzani";1;"6805";4;0;1;1;5;2;2;10;184;0;3;66;6.5
"jilljenn";1;"6803";1;0;1;1;1;1;0;2;43;NA;1;8;8
"rammig";1;"6802";3;2;3;2;34;0;70;8;8;35;3;32;4
"jnothman";1;"6801";4;0;1;2;2;2;7;11;23;2;4;30;7
"viirya";1;"6799";17;6;3;2;10;1;15;9;169;0;3;542;23
"raghavrv";1;"6798";1;0;1;3;11;31;1;5;4;NA;1;2;2
"arokem";1;"6790";1;0;1;1;1;1;0;4;136;NA;1;2;2
"jnothman";1;"6789";2;9;2;3;35;0;16;8;29;16;2;5;2.5
"yenchenlin";1;"6785";7;13;2;2;30;16;9;8;76;1;4;201;25
"xyguo";1;"6774";4;0;1;1;1;1;36;8;167;0;3;85;26
"amueller";1;"6772";5;0;1;1;3;3;10;9;24;1;5;42;6
"ogrisel";1;"6771";3;0;1;1;1;1;1;7;57;0.5;3;60;13
"nelson-liu";1;"6770";1;0;1;1;1;1;0;5;143;NA;1;1;1
"ellisdg";1;"6765";1;0;0;0;0;0;2;6;6;NA;1;2;2
"geekoala";1;"6764";5;17;5;3;125;2;5;8;163;0;4;93;19
"ztultrebor";1;"6762";4;4;37;21;231;231;6;7;181;1;4;70;18
"maniteja123";1;"6760";1;3;1;1;2;1;4;7;22;NA;1;2;2
"okbalefthanded";1;"6758";1;0;2;1;4;0;1;4;124;NA;1;2;2
"saiwing-yeung";1;"6757";2;1;2;1;12;5;2;7;63;1;2;12;6
"hnykda";1;"6755";1;0;1;1;1;1;5;6;39;NA;1;2;2
"martinbjeldbak";1;"6753";4;3;1;1;5;5;27;6;143;1;3;23;5
"pianomania";1;"6750";5;0;1;1;10;0;29;7;11;2.5;4;96;11
"jordisoler";1;"6749";3;6;1;1;11;3;7;10;120;0;3;14;5
"ssktotoro";1;"6748";13;9;3;2;38;23;8;10;30;0;3;231;15
"tguillemot";1;"6743";10;26;1;5;443;334;8;9;212;0;3;177;14
"xyguo";1;"6735";1;0;3;1;4;0;0;4;202;NA;1;2;2
"rhiever";1;"6732";3;0;1;1;6;0;0;5;45;0;3;3;1
"colin-ni";1;"6730";1;0;3;2;18;3;0;9;26;NA;1;1;1
"lesteve";1;"6729";1;0;1;2;9;1;0;4;17;NA;1;2;2
"jnothman";1;"6724";6;0;1;3;13;1;17;7;13;1;3;76;12
"tguillemot";1;"6712";6;3;1;9;23;27;1;8;23;0;5;35;5.5
"lesteve";1;"6708";13;0;1;1;2;2;31;6;40;0;4;340;26
"saiwing-yeung";1;"6707";3;0;2;13;13;13;0;10;71;0;2;52;14
"mathcass";1;"6705";1;0;1;1;1;1;1;2;41;NA;1;9;9
"shuckle16";1;"6702";1;0;1;1;1;1;0;3;124;NA;1;1;1
"rasbt";1;"6700";9;1;1;1;3;3;70;7;68;0;2;433;12
"ixjlyons";1;"6698";1;0;1;1;6;6;2;8;92;NA;1;1;1
"raghavrv";1;"6697";157;294;5;10;619;229;55;21;120;0;5;2031;48
"EQt";1;"6696";2;0;1;1;1;1;0;2;124;0;2;6;3
"raghavrv";1;"6685";1;0;1;2;8;16;0;7;15;NA;1;3;3
"hlin117";1;"6682";1;0;1;1;1;1;0;6;10;NA;1;7;7
"MechCoder";1;"6677";7;0;1;1;3;0;18;6;21;0.5;3;204;13
"MechCoder";1;"6676";33;0;1;3;14;39;36;4;26;0;5;829;18
"amueller";1;"6672";1;0;1;1;6;1;0;7;0;NA;1;11;11
"zivori";1;"6671";23;19;1;3;60;8;10;9;6;0;7;498;12
"tuevo21";1;"6669";3;0;1;1;2;4;8;7;15;0;2;32;7
"nelson-liu";1;"6667";59;113;75;9;794;20;101;9;234;1;6;2536;67.5
"tguillemot";1;"6666";22;16;2;18;2333;226;6;8;39;0;7;526;21
"yenchenlin";1;"6664";2;0;1;1;7;25;0;6;26;0;1;10;5
"lesteve";1;"6661";9;0;2;2;6;1;19;8;4;1;5;179;19
"raghavrv";1;"6660";66;80;5;10;618;528;150;6;111;0;7;1306;23
"ClimbsRocks";1;"6658";1;0;1;1;2;2;1;8;17;NA;1;1;1
"gustavmortberg";1;"6655";2;1;2;1;2;2;2;7;44;1;2;12;6
"davidwarshaw";1;"6653";1;0;1;1;0;1;0;7;1;NA;1;2;2
"tguillemot";1;"6651";45;72;33;12;1274;72;140;10;104;0;6;1495;22
"raghavrv";1;"6644";4;0;1;1;11;9;6;11;9;1;2;67;9.5
"braunmagrin";1;"6638";1;0;1;1;3;3;0;6;2;NA;1;1;1
"ogrisel";1;"6636";1;0;1;1;1;1;0;8;10;NA;1;3;3
"ogrisel";1;"6634";1;0;4;2;15;10;1;4;19;NA;1;3;3
"mszep";1;"6632";1;0;1;1;1;1;0;7;0;NA;1;1;1
"amueller";1;"6631";1;0;1;2;35;0;1;3;0;NA;1;1;1
"BioGeek";1;"6629";1;0;1;1;1;1;1;5;19;NA;1;4;4
"shanmuga-cv";1;"6626";9;0;4;2;6;6;23;11;40;1;5;143;15
"raghavrv";1;"6623";1;0;1;1;1;2;0;5;2;NA;1;2;2
"chsasank";1;"6622";7;4;3;2;15;1;3;5;175;0;3;94;10
"wehlutyk";1;"6621";1;0;1;1;1;1;0;4;13;NA;1;1;1
"mvdoc";1;"6620";3;0;1;2;4;4;1;5;51;0.5;2;21;8
"Alexander-Minyushkin";1;"6618";7;0;2;1;1;1;2;5;0;0;4;218;17
"tkamishima";1;"6615";1;0;1;1;4;2;10;8;21;NA;1;2;2
"nelson-liu";1;"6613";6;0;1;60;60;60;75;6;42;0;6;240;19.5
"maniteja123";1;"6611";1;0;1;1;2;2;1;8;16;NA;1;1;1
"jeff1evesque";1;"6610";20;7;1;1;7;1;52;6;2;0;5;635;21.5
"tacaswell";1;"6608";2;0;1;1;1;3;0;6;0;0;2;8;4
"maniteja123";1;"6607";71;95;1;5;178;28;15;11;57;0;3;1498;34
"tkamishima";1;"6606";2;0;1;1;2;1;1;11;31;1;2;2;1
"yenchenlin";1;"6593";20;57;3;3;135;95;21;9;70;0;4;572;22
"yenchenlin";1;"6588";4;0;1;2;19;17;1;7;15;0;3;54;2.5
"yenchenlin";1;"6586";65;85;33;4;177;0;153;7;48;0;4;848;16
"facaiy";1;"6584";4;2;2;2;14;11;9;12;2;0;3;39;7
"nlathia";1;"6579";1;0;0;0;0;0;1;8;14;NA;1;2;2
"hlin117";1;"6575";4;0;1;1;18;16;1;9;9;0;3;177;35.5
"facaiy";1;"6570";6;1;2;2;35;5;22;6;14;1;3;54;9
"MechCoder";1;"6569";3;0;1;1;6;9;2;7;12;1;3;16;4
"practicalswift";1;"6566";1;0;0;0;0;0;1;11;15;NA;1;2;2
"bryandeng";1;"6565";1;0;1;1;1;1;0;6;5;NA;1;1;1
"FlorianWilhelm";1;"6549";1;4;2;1;13;5;1;6;32;NA;1;2;2
"Naereen";1;"6546";5;0;2;1;5;2;2;7;49;0;3;58;14
"ohld";1;"6543";2;0;1;1;1;1;0;10;17;0;2;12;6
"ohld";1;"6542";10;6;1;2;12;0;5;3;30;0;3;161;5.5
"yenchenlin";1;"6539";12;24;2;3;57;13;12;7;22;1;4;176;10.5
"pianomania";1;"6537";11;8;10;2;13;1;341;10;4;2.5;6;272;17
"gasagna";1;"6531";1;0;1;1;1;1;0;6;18;NA;1;2;2
"Arafatk";1;"6530";1;0;1;1;1;1;0;4;0;NA;1;1;1
"giorgiop";1;"6521";1;0;1;1;2;2;0;6;17;NA;1;1;1
"raghavrv";1;"6517";7;4;1;1;0;28;186;8;28;3;3;78;11
"lesteve";1;"6508";16;2;1;2;7;2;2;6;33;0;4;536;20
"rhiever";1;"6503";5;0;1;1;9;1;1;6;23;0;3;75;16
"clamus";1;"6498";12;31;5;2;60;31;12;13;39;0;4;205;10.5
"ogrisel";1;"6494";1;0;1;1;1;1;5;10;54;NA;1;16;16
"nelson-liu";1;"6490";3;0;1;2;2;0;1;11;23;0.5;2;55;11
"maniteja123";1;"6481";1;2;1;1;6;4;1;8;10;NA;1;1;1
"nelson-liu";1;"6479";8;2;4;1;8;6;178;10;110;1;4;119;11.5
"amueller";1;"6472";30;26;13;6;189;69;192;7;195;0;9;1005;12.5
"nelson-liu";1;"6470";17;20;1;4;202;57;48;7;157;0;7;339;16
"ralexx";1;"6469";1;0;1;1;2;2;0;6;15;NA;1;1;1
"lesteve";1;"6466";3;0;1;1;1;0;19;12;230;8;3;39;1
"scottclowe";1;"6462";1;0;1;1;15;15;1;9;53;NA;1;2;2
"scottclowe";1;"6461";2;0;1;1;1;1;1;7;13;1;2;2;1
"yenchenlin";1;"6458";3;0;1;1;4;0;2;8;7;0;3;21;2
"yenchenlin";1;"6453";2;0;1;8;9;9;0;6;7;0;2;2;1
"MechCoder";1;"6447";6;0;1;1;6;6;1;5;40;0;4;159;19
"albahnsen";1;"6446";12;1;5;2;42;0;56;10;23;1;5;362;12.5
"zhengruifeng";1;"6444";6;12;7;2;32;5;41;6;35;2;4;54;3.5
"radarhere";1;"6442";2;0;0;0;0;0;0;2;0;0;2;2;1
"AlexisMignon";1;"6429";10;2;6;3;22;5;303;6;76;1;5;157;13.5
"nelson-liu";1;"6427";0;0;1;1;2;2;0;10;41;NA;NA;NA;NA
"yenchenlin";1;"6426";5;4;1;32;36;36;0;7;7;0;3;231;30
"nelson-liu";1;"6419";8;3;1;77;253;262;37;5;14;0;4;120;15
"ssaeger";1;"6414";2;0;1;1;1;1;1;11;16;1;2;8;4
"Naereen";1;"6412";5;5;4;2;27;26;2;2;10;0;3;119;24
"nelson-liu";1;"6411";29;56;1;3;90;0;9;8;19;0;9;1914;44
"dsquareindia";1;"6404";7;3;2;1;16;0;5;8;16;0;3;37;6
"yarikoptic";1;"6401";1;0;3;2;14;3;232;6;14;NA;1;9;9
"jnothman";1;"6400";8;0;1;1;2;1;208;9;15;0;4;171;12.5
"nelson-liu";1;"6396";8;6;1;16;282;288;1;5;13;0;4;158;19.5
"yenchenlin";1;"6395";11;25;1;2;101;63;34;8;14;0;4;173;8
"yenchenlin";1;"6393";3;3;1;1;14;0;0;6;11;0;2;47;20
"yenchenlin";1;"6391";2;0;1;1;0;1;0;8;17;0;2;23;11.5
"yenchenlin";1;"6384";0;0;1;1;1;1;0;9;2;NA;NA;NA;NA
"lesteve";1;"6379";21;8;1;5;47;6;12;7;2;0;6;691;26
"tracer0tong";1;"6376";5;6;2;2;21;3;36;5;19;3;4;49;7
"jakirkham";1;"6375";8;0;1;2;38;1;1;8;23;0;4;249;33
"amueller";1;"6372";16;20;4;2;58;2;9;5;4;0;3;262;10.5
"yenchenlin";1;"6371";5;2;1;1;11;0;13;8;28;1;4;22;3
"yarikoptic";1;"6366";1;0;1;1;1;1;0;4;0;NA;1;1;1
"ogrisel";1;"6365";4;0;1;1;10;0;241;11;6;5;2;70;15.5
"ogrisel";1;"6363";4;0;9;7;57;17;3;13;46;1;2;66;10
"hlin117";1;"6362";1;0;1;1;1;1;0;7;10;NA;1;2;2
"alyssaq";1;"6360";1;0;0;0;0;0;0;10;1;NA;1;1;1
"rgommers";1;"6354";7;3;1;2;7;4;2;9;136;0;3;262;34
"yenchenlin";1;"6349";2;0;1;1;0;2;6;8;26;1;2;5;2.5
"rushter";1;"6348";2;0;0;0;0;0;238;6;0;0;2;7;3.5
"yenchenlin";1;"6344";2;2;1;1;1;1;180;7;17;168;2;12;6
"lesteve";1;"6343";5;2;2;1;16;8;4;9;77;0;3;42;7
"yenchenlin";1;"6339";0;0;1;1;2;2;0;7;7;NA;NA;NA;NA
"GaelVaroquaux";1;"6336";4;0;1;1;12;6;2;9;12;0;3;87;15.5
"lesteve";1;"6333";6;0;2;2;2;3;6;5;52;0;3;138;23.5
"joerobmunoz";1;"6331";1;0;1;1;1;1;0;5;27;NA;1;1;1
"raghavrv";1;"6328";9;3;1;2;23;2;1;13;43;0;3;69;7
"yenchenlin";1;"6327";1;2;1;2;4;1;3;8;24;NA;1;2;2
"chyikwei";1;"6324";2;0;1;2;3;1;1;9;33;1;2;18;9
"gjreda";1;"6319";1;0;1;1;1;1;0;6;15;NA;1;1;1
"ogrisel";1;"6315";0;0;2;3;13;9;0;7;5;NA;NA;NA;NA
"tshauck";1;"6314";1;0;1;1;0;1;0;4;15;NA;1;10;10
"jakirkham";1;"6311";4;0;1;1;1;1;1;9;0;0;2;28;6.5
"gte620v";1;"6305";36;26;16;1;120;60;407;6;57;1;6;1560;31
"ogrisel";1;"6299";1;0;2;1;2;0;0;6;15;NA;1;13;13
"pestrickland";1;"6296";1;0;3;2;10;10;1;6;21;NA;1;7;7
"rasbt";1;"6294";1;2;1;2;8;8;3;6;29;NA;1;2;2
"yenchenlin";1;"6293";4;0;1;1;1;1;3;7;6;0;3;27;7.5
"yenchenlin";1;"6292";1;0;1;1;1;1;3;5;14;NA;1;2;2
"jakevdp";1;"6288";20;5;5;2;36;13;249;12;17;0;5;436;11
"ogrisel";1;"6286";1;0;2;3;123;29;0;8;39;NA;1;4;4
"yenchenlin";1;"6285";1;0;1;1;5;0;4;14;27;NA;1;1;1
"jakevdp";1;"6282";11;0;1;2;11;1;246;9;0;0.5;5;230;8
"rasbt";1;"6277";3;0;1;1;16;15;0;8;21;0;3;91;44
"jakevdp";1;"6274";18;2;4;13;36;26;106;10;97;0;6;445;15.5
"jakevdp";1;"6272";1;0;1;2;28;1;1;9;19;NA;1;4;4
"ogrisel";1;"6270";6;0;8;10;142;117;3;5;3;0;1;351;67
"ogrisel";1;"6268";11;0;1;2;63;18;4;6;14;0;3;279;21
"yenchenlin";1;"6267";1;0;1;1;1;1;2;8;17;NA;1;1;1
"yenchenlin";1;"6264";3;0;1;1;2;2;2;11;18;1;3;55;22
"ogrisel";1;"6260";11;2;1;16;424;247;10;9;63;0;2;382;17
"raghavrv";1;"6254";10;1;2;1;89;74;18;13;48;0;3;265;11.5
"IshankGulati";1;"6252";13;1;1;3;13;7;252;11;2;1;4;283;18
"harrymvr";1;"6244";1;0;0;0;0;0;1;3;16;NA;1;1;1
"louridas";1;"6241";6;1;2;1;5;14;6;8;35;0;3;91;7.5
"amlankar";1;"6238";1;1;0;0;0;0;1;1;10;NA;1;32;32
"lesteve";1;"6235";9;1;2;3;38;2;2;14;2;0;3;212;17
"maniteja123";1;"6232";1;0;1;1;1;0;9;6;57;NA;1;4;4
"yenchenlin";1;"6230";2;0;1;1;7;4;2;8;35;2;2;9;4.5
"dsquareindia";1;"6229";1;0;1;2;6;0;0;8;2;NA;1;1;1
"strixcuriosus";1;"6227";2;0;1;2;29;8;1;9;130;1;2;51;25.5
"ogrisel";1;"6225";7;7;3;3;75;15;3;9;34;0.5;3;60;8
"dsquareindia";1;"6221";22;16;1;2;19;6;57;12;2;1;5;265;9
"mth4saurabh";1;"6218";3;9;1;1;7;11;4;9;2;2;3;15;6
"mth4saurabh";1;"6214";0;0;1;1;1;1;2;9;2;NA;NA;NA;NA
"dsquareindia";1;"6213";1;0;1;1;2;0;0;6;15;NA;1;1;1
"kingjr";1;"6212";2;0;1;1;1;1;1;3;7;0;1;9;4.5
"TomDLT";1;"6208";2;0;1;1;2;0;0;8;7;0;2;4;2
"GaelVaroquaux";1;"6201";2;0;1;2;38;0;7;6;41;6;2;22;11
"mth4saurabh";1;"6187";1;0;1;1;1;1;0;7;14;NA;1;1;1
"antoinewdg";1;"6181";24;17;12;5;96;4;280;10;50;0;4;585;19
"ogrisel";1;"6179";12;4;2;12;322;169;2;3;40;0;5;247;13.5
"bthirion";1;"6178";7;7;11;2;43;17;261;7;34;0.5;5;59;10
"dsquareindia";1;"6173";20;10;1;3;37;2;64;7;10;1;5;286;10
"lesteve";1;"6157";3;0;1;1;1;1;0;10;18;7;3;19;5
"halwai";1;"6152";19;20;1;1;26;21;21;6;6;0;6;375;14
"MechCoder";1;"6151";12;5;1;3;68;63;7;8;73;0;4;160;7.5
"MechCoder";1;"6150";6;1;1;2;6;5;0;6;6;0;3;53;5.5
"MechCoder";1;"6148";2;0;1;1;10;1;1;9;2;1;2;5;2.5
"toastedcornflakes";1;"6146";0;0;1;1;1;1;4;7;0;NA;NA;NA;NA
"dsquareindia";1;"6139";5;4;2;1;19;16;2;5;15;0.5;2;31;3
"hugobowne";1;"6127";109;199;2;5;294;54;85;2;130;0;6;1452;33
"AnishShah";1;"6125";20;4;0;0;0;0;37;7;2;1;5;269;9.5
"Qwasser";1;"6119";2;0;1;1;1;1;3;9;16;3;2;6;3
"olologin";1;"6116";36;34;12;6;199;63;284;8;7;1;11;944;17
"toastedcornflakes";1;"6112";7;0;1;1;4;2;280;8;111;25;3;87;9
"betatim";1;"6111";1;0;1;2;2;2;2;9;34;NA;1;5;5
"chezou";1;"6108";1;0;1;1;3;3;0;5;14;NA;1;3;3
"MechCoder";1;"6107";5;0;1;1;1;1;0;5;16;0;5;61;5
"maniteja123";1;"6104";11;0;1;2;20;0;1;6;52;0;3;239;18
"toastedcornflakes";1;"6102";1;0;1;1;0;4;6;4;2;NA;1;1;1
"mrandrewandrade";1;"6097";1;0;1;1;1;1;1;7;17;NA;1;3;3
"duboism";1;"6088";14;0;3;2;8;3;3;10;20;0;3;409;23
"kaichogami";1;"6087";19;39;5;2;181;6;16;9;76;0;4;314;11
"ogrisel";1;"6084";0;0;1;2;32;5;0;7;20;NA;NA;NA;NA
"MechCoder";1;"6069";2;0;1;1;4;7;0;17;61;0;2;6;3
"nelson-liu";1;"6068";1;0;1;2;3;3;0;8;57;NA;1;2;2
"IsaacHaze";1;"6067";1;0;1;1;1;1;0;2;20;NA;1;1;1
"nelson-liu";1;"6060";1;0;1;1;8;0;0;7;10;NA;1;4;4
"davidthaler";1;"6058";1;0;1;2;3;3;54;10;33;NA;1;5;5
"ogrisel";1;"6051";0;0;1;1;1;1;0;7;0;NA;NA;NA;NA
"ogrisel";1;"6050";2;0;1;1;1;1;0;5;42;0;1;27;13.5
"zhengqm";1;"6048";4;0;1;1;1;1;4;8;27;0;2;48;2.5
"davidthaler";1;"6046";1;0;1;1;3;2;0;9;53;NA;1;3;3
"yarikoptic";1;"6044";1;0;1;2;3;3;0;5;0;NA;1;1;1
"kputnam";1;"6042";1;0;1;1;2;2;0;6;0;NA;1;1;1
"amueller";1;"6040";7;0;1;1;5;0;58;7;13;1;4;121;13
"kputnam";1;"6036";1;0;1;1;1;1;1;6;0;NA;1;2;2
"hlin117";1;"6035";8;8;2;1;12;13;276;8;20;0;3;109;7
"alexloginov";1;"6034";2;0;1;1;1;1;0;7;6;1;2;12;6
"proinsias";1;"6018";0;0;1;1;1;1;2;6;0;NA;NA;NA;NA
"hlin117";1;"6006";10;5;1;1;12;12;2;10;53;0;5;120;8
"seales";1;"6005";6;2;0;0;0;0;25;4;0;2;5;61;9.5
"leosartaj";1;"6004";2;0;1;1;1;3;0;5;4;0;2;4;2
"jseabold";1;"5999";0;0;1;1;1;1;0;3;0;NA;NA;NA;NA
"agamemnonc";1;"5997";2;4;3;1;1;1;280;7;59;1;2;10;5
"fabioticconi";1;"5994";2;0;1;1;1;0;0;5;10;0;2;3;1.5
"jblackburne";1;"5990";2;0;1;1;2;2;0;5;2;0;2;9;4.5
"maniteja123";1;"5984";8;0;1;1;2;2;322;6;83;1;2;416;32
"seales";1;"5981";2;0;0;0;0;0;2;14;0;2;2;4;2
"dshieble";1;"5980";1;0;1;1;0;1;0;13;0;NA;1;1;1
"hlin117";1;"5966";1;0;3;1;14;4;1;10;44;NA;1;5;5
"alexfields";1;"5962";1;0;0;0;0;0;1;4;11;NA;1;2;2
"KjellSwedin";1;"5954";1;1;2;1;2;2;0;12;6;NA;1;2;2
"olologin";1;"5949";4;0;1;1;1;1;4;5;20;1;4;70;5
"nmayorov";1;"5946";24;3;1;2;58;10;12;7;14;0;5;385;6
"mth4saurabh";1;"5945";5;11;1;1;27;2;70;4;49;11.5;4;39;4
"nelson-liu";1;"5944";4;0;1;1;2;2;4;11;20;2;3;162;32
"hlin117";1;"5942";4;0;1;2;12;2;9;9;69;0;3;32;5.5
"olologin";1;"5936";2;0;1;1;4;0;1;8;11;1;2;3;1.5
"podshumok";1;"5929";16;11;5;3;66;9;260;9;0;1;6;229;10.5
"nelson-liu";1;"5927";14;18;7;1;24;4;290;15;32;0;4;803;28
"lesteve";1;"5925";10;5;1;4;39;21;14;8;140;1;3;313;26
"fabioticconi";1;"5923";10;0;1;1;1;10;13;6;0;0;4;210;10.5
"nelson-liu";1;"5919";8;0;1;1;6;3;1;9;29;0;3;152;11
"mekman";1;"5913";1;0;1;1;2;2;0;7;61;NA;1;1;1
"amueller";1;"5910";3;1;1;4;13;4;1;12;57;0.5;3;12;2
"GaelVaroquaux";1;"5906";2;0;1;1;3;2;296;5;33;1;2;22;11
"fayeshine";1;"5896";4;0;1;1;3;0;2;4;0;1;3;18;3.5
"toastedcornflakes";1;"5895";1;0;1;1;3;3;0;4;0;NA;1;1;1
"mth4saurabh";1;"5892";2;2;1;1;2;0;6;7;2;3;2;5;2.5
"amueller";1;"5890";4;0;1;3;7;3;20;10;9;0;2;26;3.5
"sieben";1;"5886";6;6;0;0;0;0;1;6;0;0;3;88;7
"sieben";1;"5885";2;0;0;0;0;0;0;2;0;0;2;15;7.5
"LeiG";1;"5882";5;0;1;1;12;7;7;9;24;0.5;4;113;10
"jakevdp";1;"5880";5;0;2;1;4;1;85;9;21;15;4;32;4
"raghavrv";1;"5874";35;25;12;3;90;46;357;10;76;0;6;664;14.5
"lucasdavid";1;"5872";4;0;1;10;150;74;87;6;3;1;3;29;3.5
"hlin117";1;"5865";1;0;1;1;1;0;0;5;19;NA;1;1;1
"trevorstephens";1;"5863";3;0;1;2;8;0;86;11;2;42;3;4;1
"pwgerman";1;"5860";1;0;1;1;1;1;0;6;11;NA;1;2;2
"mcculloh";1;"5858";9;0;3;1;2;2;4;10;5;0;5;204;23
"pieteradejong";1;"5855";1;0;1;1;1;1;1;4;0;NA;1;1;1
"nickyj88";1;"5852";6;0;1;1;1;1;26;10;18;10;4;83;10.5
"JeremyNixon";1;"5850";4;2;1;2;6;6;10;11;47;2;3;21;4
"hlin117";1;"5846";3;0;1;1;4;3;0;12;61;0;2;58;23
"hallr";1;"5840";11;0;3;1;76;0;303;9;8;0;4;423;29
"pieteradejong";1;"5837";12;16;7;1;14;14;319;6;8;1;5;215;12.5
"hugobowne";1;"5834";8;4;7;2;4;2;3;6;4;0;4;60;6.5
"welch";1;"5833";1;0;0;0;0;0;53;6;7;NA;1;2;2
"codevig";1;"5831";8;0;1;1;3;0;2;7;7;0;5;86;10
"joshuacook";1;"5829";8;11;1;1;1;1;23;3;7;2;4;107;5.5
"mth4saurabh";1;"5828";2;8;1;1;4;0;4;6;5;1;2;7;3.5
"hlin117";1;"5819";3;0;1;1;19;8;0;6;87;0;3;25;2
"lmcinnes";1;"5809";2;0;1;1;3;0;1;10;27;0;2;2;1
"vighneshbirodkar";1;"5806";2;0;1;1;0;1;1;7;13;0;2;11;5.5
"olologin";1;"5805";21;29;13;3;94;10;288;3;20;1;5;649;15
"alvarouc";1;"5802";11;0;1;1;1;1;3;14;18;0;5;320;20
"hlin117";1;"5801";2;0;1;1;0;11;0;6;2;0;2;7;3.5
"fabioticconi";1;"5800";2;0;1;1;1;1;27;9;34;0;2;20;10
"vruusmann";1;"5798";4;6;0;0;0;0;0;6;13;0;3;65;8
"pkch";1;"5796";2;0;1;1;1;1;0;5;2;0;2;5;2.5
"rasbt";1;"5794";15;26;1;3;45;3;86;5;15;0.5;6;331;16
"MechCoder";1;"5791";9;4;1;2;5;12;2;14;86;0;3;162;15
"sshkhrnwbie";1;"5785";2;1;3;2;4;0;307;7;14;51;2;22;11
"MechCoder";1;"5784";7;19;1;3;62;15;27;7;13;1.5;3;41;6
"varun-kr";1;"5783";5;7;3;2;10;1;4;11;2;0;3;18;2
"TomDLT";1;"5779";10;7;3;1;403;145;406;5;122;1;4;270;14.5
"amueller";1;"5773";5;0;1;1;3;2;31;8;11;15;4;22;3
"bhargav";1;"5771";1;3;1;2;3;3;7;10;22;NA;1;2;2
"musically-ut";1;"5762";14;5;5;3;39;16;318;9;39;0;4;266;9.5
"IshankGulati";1;"5757";46;34;3;3;31;5;415;6;2;0;7;916;17.5
"raghavrv";1;"5755";2;0;1;3;3;3;3;15;3;3;2;3;1.5
"raghavrv";1;"5754";25;2;1;2;16;12;7;10;4;0;4;593;18
"TroJan";1;"5753";2;0;0;0;0;0;1;7;6;1;2;34;17
"hrjn";1;"5752";4;1;3;1;14;2;7;5;16;2;3;18;4
"ethanwhite";1;"5749";1;0;1;1;4;4;1;8;0;NA;1;2;2
"amueller";1;"5742";2;0;1;1;1;1;4;6;2;4;2;15;7.5
"perimosocordiae";1;"5740";2;0;1;1;1;2;0;6;31;0;2;2;1
"giorgiop";1;"5733";6;0;1;4;9;6;6;6;2;0;3;148;15
"ClimbsRocks";1;"5731";4;0;1;1;2;2;0;6;32;0;3;77;19
"hdmetor";1;"5730";23;5;1;1;17;19;40;3;3;0;5;766;24
"amueller";1;"5728";5;0;1;22;368;151;15;6;31;0;4;69;16
"Naereen";1;"5727";1;0;1;1;1;1;0;11;23;NA;1;4;4
"amueller";1;"5721";7;4;1;9;16;18;37;12;0;5;5;27;4
"raghavrv";1;"5714";2;0;1;1;1;0;1;11;3;1;2;25;12.5
"amueller";1;"5708";2;4;1;1;103;1;0;7;36;1;1;34;17
"shawpan";1;"5706";1;0;1;1;4;2;37;9;25;NA;1;1;1
"ziky90";1;"5701";7;2;2;1;2;2;92;13;11;1.5;4;107;15
"bhargav";1;"5700";4;0;1;3;3;3;1;13;13;0;3;63;12
"bhargav";1;"5699";11;0;1;2;15;7;126;11;14;7;4;98;5
"gclenaghan";1;"5698";8;1;1;1;4;3;1;8;50;0;3;106;10.5
"equialgo";1;"5697";17;2;1;3;29;6;423;10;9;0;6;420;22
"amueller";1;"5695";8;0;1;25;198;167;1;8;9;0;4;83;10
"amueller";1;"5692";7;4;2;8;59;3;3;11;47;0;3;137;19
"amueller";1;"5688";13;4;1;2;21;14;1;9;2;0;4;312;17
"amueller";1;"5684";7;0;1;1;2;3;1;8;0;0;5;115;22
"trevorstephens";1;"5682";8;0;1;2;3;1;1;9;176;0;3;33;3.5
"amueller";1;"5680";3;0;1;2;18;2;1;9;8;0;3;9;2
"betatim";1;"5678";20;21;8;3;75;23;9;6;100;0;5;583;14
"AlexanderFabisch";1;"5675";5;2;4;3;71;65;101;9;2;0;4;73;13
"amueller";1;"5673";7;0;1;1;4;3;0;14;0;0;4;26;2
"amueller";1;"5668";6;0;1;1;10;9;1;10;11;0;3;55;6.5
"amueller";1;"5667";3;0;1;1;8;8;0;8;0;0;3;8;3
"amueller";1;"5666";4;0;1;1;3;0;0;16;0;0;3;7;1.5
"amueller";1;"5665";3;0;1;1;5;6;0;9;0;0;3;10;3
"amueller";1;"5661";5;0;1;1;2;2;0;7;4;0;3;41;6
"ElDeveloper";1;"5659";1;0;1;1;3;3;0;7;12;NA;1;3;3
"amueller";1;"5658";4;0;2;3;28;10;1;7;16;0;2;15;2.5
"sieben";1;"5657";8;0;0;0;0;0;1;4;21;0;6;59;2
"sieben";1;"5655";2;0;0;0;0;0;0;7;0;0;2;5;2.5
"sieben";1;"5654";4;0;0;0;0;0;1;4;0;0;3;33;2
"sieben";1;"5652";2;0;0;0;0;0;0;3;0;0;2;9;4.5
"shawpan";1;"5650";1;0;1;1;1;1;1;9;16;NA;1;5;5
"sieben";1;"5648";7;5;0;0;0;0;0;4;29;0;5;37;4
"sieben";1;"5647";2;0;0;0;0;0;1;6;0;0;2;3;1.5
"mscherer";1;"5646";1;0;1;1;1;1;0;5;0;NA;1;1;1
"sieben";1;"5645";1;0;0;0;0;0;0;3;0;NA;1;2;2
"trevorstephens";1;"5644";8;0;1;2;20;27;3;9;50;0;3;66;6
"MechCoder";1;"5637";6;2;1;2;16;2;3;9;71;0;2;31;5.5
"TomDLT";1;"5636";7;0;1;1;9;10;1;8;55;0;3;85;11
"ogrisel";1;"5635";2;0;1;4;23;27;0;5;40;0;1;21;10.5
"sieben";1;"5634";6;3;0;0;0;0;39;2;0;1;4;50;7
"sieben";1;"5633";2;0;0;0;0;0;0;5;0;0;1;5;2.5
"sieben";1;"5632";4;0;0;0;0;0;0;5;0;0;3;68;13
"sieben";1;"5629";0;0;0;0;0;0;0;7;0;NA;NA;NA;NA
"ogrisel";1;"5626";7;0;1;1;1;1;2;11;37;0;4;113;9
"ngoix";1;"5617";2;0;1;1;58;52;0;3;18;0;1;3;1.5
"jakevdp";1;"5613";3;0;1;1;0;5;1;6;16;0.5;2;24;11
"giorgiop";1;"5607";1;0;1;2;56;56;0;3;16;NA;1;6;6
"vinayak-mehta";1;"5597";1;0;1;1;1;1;0;4;5;NA;1;1;1
"betatim";1;"5594";2;0;2;4;31;33;0;7;107;0;2;24;12
"antialias";1;"5592";1;0;1;1;2;2;0;2;0;NA;1;1;1
"antialias";1;"5591";1;0;1;1;8;8;1;1;0;NA;1;2;2
"glouppe";1;"5590";4;0;1;2;22;4;0;8;30;0;3;57;11.5
"jnothman";1;"5587";9;0;1;1;11;8;0;6;37;0;5;315;20
"giorgiop";1;"5586";4;0;1;1;4;2;0;9;3;3;4;36;6
"gclenaghan";1;"5582";2;0;1;3;2;42;0;5;15;0;2;11;5.5
"raghavrv";1;"5579";7;2;1;2;14;8;1;7;16;0;4;53;4
"waterponey";1;"5578";14;9;2;2;40;1;49;3;45;0;3;296;16
"waterponey";1;"5577";4;0;1;1;5;1;5;6;16;0;1;134;33
"johannah";1;"5576";2;0;1;4;14;11;0;6;14;0;2;5;2.5
"johannah";1;"5575";4;0;1;6;49;39;2;6;27;0;3;28;4
"johannah";1;"5574";3;1;1;3;35;25;5;6;14;2.5;3;18;7
"johannah";1;"5573";3;0;1;4;48;21;1;5;15;0.5;2;4;1
"dohmatob";1;"5572";4;2;1;3;12;2;10;8;3;0;4;9;1.5
"raghavrv";1;"5566";16;7;1;55;364;268;7;10;8;0;4;385;21
"MechCoder";1;"5565";21;0;1;3;185;183;0;7;0;0;5;405;15
"arjoly";1;"5560";4;4;2;3;742;712;0;10;17;0;4;37;10
"johannah";1;"5556";2;0;1;2;5;4;2;6;10;2;2;6;3
"ariddell";1;"5553";6;2;1;1;8;2;431;11;2;0;5;57;5.5
"johannah";1;"5552";3;0;1;2;8;7;2;7;11;1;3;7;2
"johannah";1;"5550";2;0;1;1;4;3;0;7;8;0;2;7;3.5
"johannah";1;"5546";2;0;1;3;15;13;1;6;7;1;2;13;6.5
"Mbompr";1;"5544";1;0;2;1;3;3;0;3;23;NA;1;2;2
"ltiao";1;"5543";1;0;1;1;1;1;0;2;0;NA;1;2;2
"arjoly";1;"5542";5;0;1;2;13;1;1;8;4;0;3;66;10
"johannah";1;"5541";3;0;1;1;2;2;1;9;11;0;3;7;2
"amueller";1;"5540";24;2;7;4;81;7;322;14;59;0;6;748;11
"johannah";1;"5537";14;0;2;10;97;70;1;9;11;0;3;58;3
"arjoly";1;"5531";7;26;2;11;450;251;4;10;2;1;3;71;8
"raghavrv";1;"5528";12;28;4;7;27;45;286;8;30;0;3;109;7
"giorgiop";1;"5526";43;23;1;2;102;64;20;11;92;0;9;1332;25.5
"IshankGulati";1;"5519";2;0;1;1;5;8;1;6;12;0;2;2;1
"lesteve";1;"5517";7;0;1;5;41;39;1;10;60;0;4;222;6
"giorgiop";1;"5512";6;5;1;3;21;8;0;3;2;0;2;72;9
"KamalakerDadi";1;"5511";15;15;4;31;236;3;14;10;12;0;2;168;9
"dohmatob";1;"5508";11;10;2;3;17;1;2;6;3;0;3;104;7
"RachitKansal";1;"5506";7;3;1;1;3;1;2;8;15;0;2;65;8
"MechCoder";1;"5497";27;6;1;3;111;11;87;10;80;0;5;536;9
"dohmatob";1;"5494";3;0;1;1;6;5;1;7;0;0;3;3;1
"arthurmensch";1;"5492";42;72;2;53;323;543795;22;12;24;0;5;823;22
"arjoly";1;"5487";25;37;13;8;2903;523;2;13;18;0;6;687;16
"jakevdp";1;"5486";1;0;1;1;1;2;0;5;14;NA;1;4;4
"pletelli";1;"5480";1;0;1;1;1;1;0;12;2;NA;1;26;26
"pletelli";1;"5479";2;0;1;2;2;2;0;14;0;0;2;4;2
"raghavrv";1;"5478";3;0;1;1;1;1;0;8;4;0;3;7;1
"glouppe";1;"5475";0;0;1;1;3;3;0;11;12;NA;NA;NA;NA
