"1";"aaboffill";"https://github.com/django/django/pull/8209"
"2";"aaboffill";"https://github.com/django/django/pull/8206"
"3";"aaboffill";"https://github.com/django/django/pull/7726"
"1";"aaronelliotross";"https://github.com/django/django/pull/6774"
"1";"aaugustin";"https://github.com/django/django/pull/7877"
"2";"aaugustin";"https://github.com/django/django/pull/6173"
"3";"aaugustin";"https://github.com/django/django/pull/5730"
"4";"aaugustin";"https://github.com/django/django/pull/5402"
"5";"aaugustin";"https://github.com/django/django/pull/5330"
"6";"aaugustin";"https://github.com/django/django/pull/5318"
"7";"aaugustin";"https://github.com/django/django/pull/5282"
"8";"aaugustin";"https://github.com/django/django/pull/5261"
"9";"aaugustin";"https://github.com/django/django/pull/5237"
"10";"aaugustin";"https://github.com/django/django/pull/5236"
"11";"aaugustin";"https://github.com/django/django/pull/5177"
"12";"aaugustin";"https://github.com/django/django/pull/5174"
"13";"aaugustin";"https://github.com/django/django/pull/5106"
"14";"aaugustin";"https://github.com/django/django/pull/4761"
"15";"aaugustin";"https://github.com/django/django/pull/4607"
"16";"aaugustin";"https://github.com/django/django/pull/4601"
"17";"aaugustin";"https://github.com/django/django/pull/4598"
"18";"aaugustin";"https://github.com/django/django/pull/4195"
"19";"aaugustin";"https://github.com/django/django/pull/4190"
"20";"aaugustin";"https://github.com/django/django/pull/4179"
"21";"aaugustin";"https://github.com/django/django/pull/4170"
"22";"aaugustin";"https://github.com/django/django/pull/4161"
"23";"aaugustin";"https://github.com/django/django/pull/4139"
"24";"aaugustin";"https://github.com/django/django/pull/4138"
"25";"aaugustin";"https://github.com/django/django/pull/4132"
"26";"aaugustin";"https://github.com/django/django/pull/4104"
"27";"aaugustin";"https://github.com/django/django/pull/4100"
"28";"aaugustin";"https://github.com/django/django/pull/4058"
"29";"aaugustin";"https://github.com/django/django/pull/3992"
"30";"aaugustin";"https://github.com/django/django/pull/3883"
"31";"aaugustin";"https://github.com/django/django/pull/3880"
"32";"aaugustin";"https://github.com/django/django/pull/3845"
"33";"aaugustin";"https://github.com/django/django/pull/3784"
"34";"aaugustin";"https://github.com/django/django/pull/3770"
"35";"aaugustin";"https://github.com/django/django/pull/3605"
"36";"aaugustin";"https://github.com/django/django/pull/3558"
"37";"aaugustin";"https://github.com/django/django/pull/3555"
"38";"aaugustin";"https://github.com/django/django/pull/3501"
"39";"aaugustin";"https://github.com/django/django/pull/3144"
"40";"aaugustin";"https://github.com/django/django/pull/2992"
"41";"aaugustin";"https://github.com/django/django/pull/2777"
"42";"aaugustin";"https://github.com/django/django/pull/2775"
"43";"aaugustin";"https://github.com/django/django/pull/2774"
"44";"aaugustin";"https://github.com/django/django/pull/2646"
"45";"aaugustin";"https://github.com/django/django/pull/2640"
"46";"aaugustin";"https://github.com/django/django/pull/2468"
"47";"aaugustin";"https://github.com/django/django/pull/2416"
"48";"aaugustin";"https://github.com/django/django/pull/2228"
"49";"aaugustin";"https://github.com/django/django/pull/2216"
"50";"aaugustin";"https://github.com/django/django/pull/2215"
"51";"aaugustin";"https://github.com/django/django/pull/2214"
"52";"aaugustin";"https://github.com/django/django/pull/2210"
"53";"aaugustin";"https://github.com/django/django/pull/2182"
"54";"aaugustin";"https://github.com/django/django/pull/2161"
"55";"aaugustin";"https://github.com/django/django/pull/2147"
"56";"aaugustin";"https://github.com/django/django/pull/2145"
"57";"aaugustin";"https://github.com/django/django/pull/2129"
"58";"aaugustin";"https://github.com/django/django/pull/2128"
"59";"aaugustin";"https://github.com/django/django/pull/2124"
"60";"aaugustin";"https://github.com/django/django/pull/2121"
"61";"aaugustin";"https://github.com/django/django/pull/2118"
"62";"aaugustin";"https://github.com/django/django/pull/2107"
"63";"aaugustin";"https://github.com/django/django/pull/2106"
"64";"aaugustin";"https://github.com/django/django/pull/2089"
"65";"aaugustin";"https://github.com/django/django/pull/2085"
"66";"aaugustin";"https://github.com/django/django/pull/1830"
"67";"aaugustin";"https://github.com/django/django/pull/1601"
"68";"aaugustin";"https://github.com/django/django/pull/1181"
"69";"aaugustin";"https://github.com/django/django/pull/1044"
"70";"aaugustin";"https://github.com/django/django/pull/652"
"1";"accraze";"https://github.com/django/django/pull/7724"
"1";"adamchainz";"https://github.com/django/django/pull/8147"
"2";"adamchainz";"https://github.com/django/django/pull/8128"
"3";"adamchainz";"https://github.com/django/django/pull/7735"
"4";"adamchainz";"https://github.com/django/django/pull/7733"
"5";"adamchainz";"https://github.com/django/django/pull/7732"
"6";"adamchainz";"https://github.com/django/django/pull/7731"
"7";"adamchainz";"https://github.com/django/django/pull/7730"
"8";"adamchainz";"https://github.com/django/django/pull/7729"
"9";"adamchainz";"https://github.com/django/django/pull/7728"
"10";"adamchainz";"https://github.com/django/django/pull/7636"
"11";"adamchainz";"https://github.com/django/django/pull/7635"
"12";"adamchainz";"https://github.com/django/django/pull/7607"
"13";"adamchainz";"https://github.com/django/django/pull/7606"
"14";"adamchainz";"https://github.com/django/django/pull/7598"
"15";"adamchainz";"https://github.com/django/django/pull/7586"
"16";"adamchainz";"https://github.com/django/django/pull/7584"
"17";"adamchainz";"https://github.com/django/django/pull/7582"
"18";"adamchainz";"https://github.com/django/django/pull/7581"
"19";"adamchainz";"https://github.com/django/django/pull/7580"
"20";"adamchainz";"https://github.com/django/django/pull/7478"
"21";"adamchainz";"https://github.com/django/django/pull/7298"
"22";"adamchainz";"https://github.com/django/django/pull/7297"
"23";"adamchainz";"https://github.com/django/django/pull/7284"
"24";"adamchainz";"https://github.com/django/django/pull/6997"
"1";"adamzap";"https://github.com/django/django/pull/7079"
"2";"adamzap";"https://github.com/django/django/pull/7037"
"3";"adamzap";"https://github.com/django/django/pull/7035"
"4";"adamzap";"https://github.com/django/django/pull/7031"
"1";"adstastic";"https://github.com/django/django/pull/8182"
"1";"aeby";"https://github.com/django/django/pull/7337"
"1";"akki";"https://github.com/django/django/pull/7426"
"2";"akki";"https://github.com/django/django/pull/7262"
"3";"akki";"https://github.com/django/django/pull/6922"
"4";"akki";"https://github.com/django/django/pull/6888"
"5";"akki";"https://github.com/django/django/pull/6830"
"1";"alasdairnicol";"https://github.com/django/django/pull/8194"
"2";"alasdairnicol";"https://github.com/django/django/pull/7306"
"3";"alasdairnicol";"https://github.com/django/django/pull/6446"
"4";"alasdairnicol";"https://github.com/django/django/pull/5075"
"5";"alasdairnicol";"https://github.com/django/django/pull/4832"
"6";"alasdairnicol";"https://github.com/django/django/pull/3295"
"7";"alasdairnicol";"https://github.com/django/django/pull/2728"
"8";"alasdairnicol";"https://github.com/django/django/pull/2276"
"9";"alasdairnicol";"https://github.com/django/django/pull/2029"
"10";"alasdairnicol";"https://github.com/django/django/pull/1798"
"11";"alasdairnicol";"https://github.com/django/django/pull/1769"
"12";"alasdairnicol";"https://github.com/django/django/pull/1768"
"13";"alasdairnicol";"https://github.com/django/django/pull/1767"
"14";"alasdairnicol";"https://github.com/django/django/pull/1762"
"15";"alasdairnicol";"https://github.com/django/django/pull/1475"
"16";"alasdairnicol";"https://github.com/django/django/pull/1431"
"17";"alasdairnicol";"https://github.com/django/django/pull/1368"
"18";"alasdairnicol";"https://github.com/django/django/pull/1210"
"19";"alasdairnicol";"https://github.com/django/django/pull/1184"
"1";"albertoconnor";"https://github.com/django/django/pull/8131"
"1";"aleksihakli";"https://github.com/django/django/pull/7748"
"1";"Alex-CS";"https://github.com/django/django/pull/6588"
"1";"Alexkane";"https://github.com/django/django/pull/8100"
"1";"alix-";"https://github.com/django/django/pull/7501"
"2";"alix-";"https://github.com/django/django/pull/7494"
"1";"AmaliaSoucek";"https://github.com/django/django/pull/8042"
"1";"amw";"https://github.com/django/django/pull/7325"
"1";"ana-balica";"https://github.com/django/django/pull/7465"
"2";"ana-balica";"https://github.com/django/django/pull/6984"
"1";"andersonresende";"https://github.com/django/django/pull/6975"
"2";"andersonresende";"https://github.com/django/django/pull/6894"
"1";"andrewnester";"https://github.com/django/django/pull/7949"
"2";"andrewnester";"https://github.com/django/django/pull/7813"
"3";"andrewnester";"https://github.com/django/django/pull/7713"
"4";"andrewnester";"https://github.com/django/django/pull/7630"
"5";"andrewnester";"https://github.com/django/django/pull/7532"
"6";"andrewnester";"https://github.com/django/django/pull/6858"
"1";"andriisoldatenko";"https://github.com/django/django/pull/7798"
"1";"apollo13";"https://github.com/django/django/pull/7727"
"2";"apollo13";"https://github.com/django/django/pull/7716"
"3";"apollo13";"https://github.com/django/django/pull/7591"
"4";"apollo13";"https://github.com/django/django/pull/6310"
"5";"apollo13";"https://github.com/django/django/pull/3329"
"6";"apollo13";"https://github.com/django/django/pull/2985"
"7";"apollo13";"https://github.com/django/django/pull/2163"
"8";"apollo13";"https://github.com/django/django/pull/2126"
"9";"apollo13";"https://github.com/django/django/pull/2116"
"10";"apollo13";"https://github.com/django/django/pull/1561"
"11";"apollo13";"https://github.com/django/django/pull/854"
"12";"apollo13";"https://github.com/django/django/pull/399"
"13";"apollo13";"https://github.com/django/django/pull/159"
"14";"apollo13";"https://github.com/django/django/pull/123"
"15";"apollo13";"https://github.com/django/django/pull/109"
"1";"ar4s";"https://github.com/django/django/pull/7980"
"2";"ar4s";"https://github.com/django/django/pull/7909"
"1";"aruseni";"https://github.com/django/django/pull/7341"
"2";"aruseni";"https://github.com/django/django/pull/7340"
"3";"aruseni";"https://github.com/django/django/pull/7261"
"1";"asendecka";"https://github.com/django/django/pull/6020"
"2";"asendecka";"https://github.com/django/django/pull/809"
"1";"atombrella";"https://github.com/django/django/pull/8205"
"2";"atombrella";"https://github.com/django/django/pull/8176"
"3";"atombrella";"https://github.com/django/django/pull/8171"
"4";"atombrella";"https://github.com/django/django/pull/8041"
"5";"atombrella";"https://github.com/django/django/pull/7962"
"6";"atombrella";"https://github.com/django/django/pull/7931"
"7";"atombrella";"https://github.com/django/django/pull/7854"
"8";"atombrella";"https://github.com/django/django/pull/7541"
"9";"atombrella";"https://github.com/django/django/pull/7447"
"10";"atombrella";"https://github.com/django/django/pull/7381"
"11";"atombrella";"https://github.com/django/django/pull/7335"
"1";"auvipy";"https://github.com/django/django/pull/8114"
"2";"auvipy";"https://github.com/django/django/pull/8093"
"3";"auvipy";"https://github.com/django/django/pull/7890"
"1";"baterson";"https://github.com/django/django/pull/7201"
"1";"berkerpeksag";"https://github.com/django/django/pull/7286"
"2";"berkerpeksag";"https://github.com/django/django/pull/7151"
"3";"berkerpeksag";"https://github.com/django/django/pull/7149"
"4";"berkerpeksag";"https://github.com/django/django/pull/7148"
"5";"berkerpeksag";"https://github.com/django/django/pull/7147"
"6";"berkerpeksag";"https://github.com/django/django/pull/6849"
"7";"berkerpeksag";"https://github.com/django/django/pull/6714"
"8";"berkerpeksag";"https://github.com/django/django/pull/6676"
"9";"berkerpeksag";"https://github.com/django/django/pull/6671"
"10";"berkerpeksag";"https://github.com/django/django/pull/6143"
"11";"berkerpeksag";"https://github.com/django/django/pull/3804"
"12";"berkerpeksag";"https://github.com/django/django/pull/3759"
"13";"berkerpeksag";"https://github.com/django/django/pull/3609"
"14";"berkerpeksag";"https://github.com/django/django/pull/3604"
"15";"berkerpeksag";"https://github.com/django/django/pull/3420"
"16";"berkerpeksag";"https://github.com/django/django/pull/3381"
"1";"bersace";"https://github.com/django/django/pull/6768"
"1";"bmispelon";"https://github.com/django/django/pull/6875"
"2";"bmispelon";"https://github.com/django/django/pull/5740"
"3";"bmispelon";"https://github.com/django/django/pull/5737"
"4";"bmispelon";"https://github.com/django/django/pull/4435"
"5";"bmispelon";"https://github.com/django/django/pull/4387"
"6";"bmispelon";"https://github.com/django/django/pull/3621"
"7";"bmispelon";"https://github.com/django/django/pull/3503"
"8";"bmispelon";"https://github.com/django/django/pull/3010"
"9";"bmispelon";"https://github.com/django/django/pull/2461"
"10";"bmispelon";"https://github.com/django/django/pull/2389"
"11";"bmispelon";"https://github.com/django/django/pull/2270"
"12";"bmispelon";"https://github.com/django/django/pull/2221"
"13";"bmispelon";"https://github.com/django/django/pull/2180"
"14";"bmispelon";"https://github.com/django/django/pull/2081"
"15";"bmispelon";"https://github.com/django/django/pull/2041"
"16";"bmispelon";"https://github.com/django/django/pull/2037"
"17";"bmispelon";"https://github.com/django/django/pull/1889"
"18";"bmispelon";"https://github.com/django/django/pull/1293"
"19";"bmispelon";"https://github.com/django/django/pull/1226"
"20";"bmispelon";"https://github.com/django/django/pull/1178"
"21";"bmispelon";"https://github.com/django/django/pull/1003"
"22";"bmispelon";"https://github.com/django/django/pull/1000"
"23";"bmispelon";"https://github.com/django/django/pull/992"
"24";"bmispelon";"https://github.com/django/django/pull/975"
"25";"bmispelon";"https://github.com/django/django/pull/910"
"26";"bmispelon";"https://github.com/django/django/pull/909"
"27";"bmispelon";"https://github.com/django/django/pull/906"
"28";"bmispelon";"https://github.com/django/django/pull/900"
"29";"bmispelon";"https://github.com/django/django/pull/850"
"30";"bmispelon";"https://github.com/django/django/pull/751"
"31";"bmispelon";"https://github.com/django/django/pull/748"
"32";"bmispelon";"https://github.com/django/django/pull/595"
"1";"bradmerlin";"https://github.com/django/django/pull/8089"
"1";"camilonova";"https://github.com/django/django/pull/8134"
"2";"camilonova";"https://github.com/django/django/pull/6842"
"3";"camilonova";"https://github.com/django/django/pull/1255"
"4";"camilonova";"https://github.com/django/django/pull/371"
"1";"carljm";"https://github.com/django/django/pull/7524"
"2";"carljm";"https://github.com/django/django/pull/7521"
"3";"carljm";"https://github.com/django/django/pull/6773"
"4";"carljm";"https://github.com/django/django/pull/4744"
"5";"carljm";"https://github.com/django/django/pull/4738"
"6";"carljm";"https://github.com/django/django/pull/4732"
"7";"carljm";"https://github.com/django/django/pull/4126"
"8";"carljm";"https://github.com/django/django/pull/3718"
"9";"carljm";"https://github.com/django/django/pull/3584"
"10";"carljm";"https://github.com/django/django/pull/3581"
"11";"carljm";"https://github.com/django/django/pull/3578"
"12";"carljm";"https://github.com/django/django/pull/3569"
"13";"carljm";"https://github.com/django/django/pull/3562"
"14";"carljm";"https://github.com/django/django/pull/3157"
"15";"carljm";"https://github.com/django/django/pull/2218"
"16";"carljm";"https://github.com/django/django/pull/2211"
"17";"carljm";"https://github.com/django/django/pull/2188"
"1";"chadwhitman";"https://github.com/django/django/pull/6955"
"1";"charettes";"https://github.com/django/django/pull/7892"
"2";"charettes";"https://github.com/django/django/pull/7891"
"3";"charettes";"https://github.com/django/django/pull/7881"
"4";"charettes";"https://github.com/django/django/pull/7846"
"5";"charettes";"https://github.com/django/django/pull/7842"
"6";"charettes";"https://github.com/django/django/pull/7800"
"7";"charettes";"https://github.com/django/django/pull/7709"
"8";"charettes";"https://github.com/django/django/pull/7628"
"9";"charettes";"https://github.com/django/django/pull/7558"
"10";"charettes";"https://github.com/django/django/pull/7557"
"11";"charettes";"https://github.com/django/django/pull/7468"
"12";"charettes";"https://github.com/django/django/pull/7336"
"13";"charettes";"https://github.com/django/django/pull/7279"
"14";"charettes";"https://github.com/django/django/pull/7239"
"15";"charettes";"https://github.com/django/django/pull/7234"
"16";"charettes";"https://github.com/django/django/pull/7228"
"17";"charettes";"https://github.com/django/django/pull/7219"
"18";"charettes";"https://github.com/django/django/pull/7218"
"19";"charettes";"https://github.com/django/django/pull/7171"
"20";"charettes";"https://github.com/django/django/pull/7133"
"21";"charettes";"https://github.com/django/django/pull/7043"
"22";"charettes";"https://github.com/django/django/pull/7015"
"23";"charettes";"https://github.com/django/django/pull/6936"
"24";"charettes";"https://github.com/django/django/pull/6814"
"25";"charettes";"https://github.com/django/django/pull/6744"
"26";"charettes";"https://github.com/django/django/pull/6731"
"27";"charettes";"https://github.com/django/django/pull/6672"
"28";"charettes";"https://github.com/django/django/pull/6642"
"29";"charettes";"https://github.com/django/django/pull/6641"
"30";"charettes";"https://github.com/django/django/pull/6639"
"31";"charettes";"https://github.com/django/django/pull/6637"
"32";"charettes";"https://github.com/django/django/pull/6623"
"33";"charettes";"https://github.com/django/django/pull/6612"
"34";"charettes";"https://github.com/django/django/pull/6586"
"35";"charettes";"https://github.com/django/django/pull/6581"
"36";"charettes";"https://github.com/django/django/pull/6580"
"37";"charettes";"https://github.com/django/django/pull/6552"
"38";"charettes";"https://github.com/django/django/pull/6545"
"39";"charettes";"https://github.com/django/django/pull/6528"
"40";"charettes";"https://github.com/django/django/pull/6523"
"41";"charettes";"https://github.com/django/django/pull/6502"
"42";"charettes";"https://github.com/django/django/pull/6421"
"43";"charettes";"https://github.com/django/django/pull/6413"
"44";"charettes";"https://github.com/django/django/pull/6353"
"45";"charettes";"https://github.com/django/django/pull/6336"
"46";"charettes";"https://github.com/django/django/pull/6333"
"47";"charettes";"https://github.com/django/django/pull/6272"
"48";"charettes";"https://github.com/django/django/pull/6224"
"49";"charettes";"https://github.com/django/django/pull/6207"
"50";"charettes";"https://github.com/django/django/pull/6203"
"51";"charettes";"https://github.com/django/django/pull/6178"
"52";"charettes";"https://github.com/django/django/pull/6159"
"53";"charettes";"https://github.com/django/django/pull/6100"
"54";"charettes";"https://github.com/django/django/pull/6091"
"55";"charettes";"https://github.com/django/django/pull/6086"
"56";"charettes";"https://github.com/django/django/pull/6042"
"57";"charettes";"https://github.com/django/django/pull/6029"
"58";"charettes";"https://github.com/django/django/pull/5997"
"59";"charettes";"https://github.com/django/django/pull/5969"
"60";"charettes";"https://github.com/django/django/pull/5964"
"61";"charettes";"https://github.com/django/django/pull/5957"
"62";"charettes";"https://github.com/django/django/pull/5943"
"63";"charettes";"https://github.com/django/django/pull/5942"
"64";"charettes";"https://github.com/django/django/pull/5941"
"65";"charettes";"https://github.com/django/django/pull/5827"
"66";"charettes";"https://github.com/django/django/pull/5826"
"67";"charettes";"https://github.com/django/django/pull/5771"
"68";"charettes";"https://github.com/django/django/pull/5753"
"69";"charettes";"https://github.com/django/django/pull/5722"
"70";"charettes";"https://github.com/django/django/pull/5709"
"71";"charettes";"https://github.com/django/django/pull/5698"
"72";"charettes";"https://github.com/django/django/pull/5687"
"73";"charettes";"https://github.com/django/django/pull/5659"
"74";"charettes";"https://github.com/django/django/pull/5657"
"75";"charettes";"https://github.com/django/django/pull/5652"
"76";"charettes";"https://github.com/django/django/pull/5634"
"77";"charettes";"https://github.com/django/django/pull/5633"
"78";"charettes";"https://github.com/django/django/pull/5625"
"79";"charettes";"https://github.com/django/django/pull/5624"
"80";"charettes";"https://github.com/django/django/pull/5618"
"81";"charettes";"https://github.com/django/django/pull/5496"
"82";"charettes";"https://github.com/django/django/pull/5471"
"83";"charettes";"https://github.com/django/django/pull/5446"
"84";"charettes";"https://github.com/django/django/pull/5437"
"85";"charettes";"https://github.com/django/django/pull/5435"
"86";"charettes";"https://github.com/django/django/pull/5378"
"87";"charettes";"https://github.com/django/django/pull/5303"
"88";"charettes";"https://github.com/django/django/pull/5239"
"89";"charettes";"https://github.com/django/django/pull/5119"
"90";"charettes";"https://github.com/django/django/pull/4974"
"91";"charettes";"https://github.com/django/django/pull/4910"
"92";"charettes";"https://github.com/django/django/pull/4887"
"93";"charettes";"https://github.com/django/django/pull/4687"
"94";"charettes";"https://github.com/django/django/pull/4682"
"95";"charettes";"https://github.com/django/django/pull/4529"
"96";"charettes";"https://github.com/django/django/pull/4522"
"97";"charettes";"https://github.com/django/django/pull/4429"
"98";"charettes";"https://github.com/django/django/pull/4397"
"99";"charettes";"https://github.com/django/django/pull/4115"
"100";"charettes";"https://github.com/django/django/pull/4089"
"1";"chescales";"https://github.com/django/django/pull/6710"
"1";"chexex";"https://github.com/django/django/pull/8075"
"2";"chexex";"https://github.com/django/django/pull/8065"
"1";"ChillarAnand";"https://github.com/django/django/pull/8097"
"2";"ChillarAnand";"https://github.com/django/django/pull/7922"
"3";"ChillarAnand";"https://github.com/django/django/pull/7905"
"4";"ChillarAnand";"https://github.com/django/django/pull/7887"
"1";"christianbundy";"https://github.com/django/django/pull/7311"
"1";"cjerdonek";"https://github.com/django/django/pull/7214"
"2";"cjerdonek";"https://github.com/django/django/pull/7206"
"3";"cjerdonek";"https://github.com/django/django/pull/7108"
"4";"cjerdonek";"https://github.com/django/django/pull/7107"
"5";"cjerdonek";"https://github.com/django/django/pull/7096"
"6";"cjerdonek";"https://github.com/django/django/pull/7019"
"7";"cjerdonek";"https://github.com/django/django/pull/7002"
"8";"cjerdonek";"https://github.com/django/django/pull/6998"
"1";"ClairePhila";"https://github.com/django/django/pull/8045"
"1";"claudep";"https://github.com/django/django/pull/8161"
"2";"claudep";"https://github.com/django/django/pull/8159"
"3";"claudep";"https://github.com/django/django/pull/8153"
"4";"claudep";"https://github.com/django/django/pull/8145"
"5";"claudep";"https://github.com/django/django/pull/8099"
"6";"claudep";"https://github.com/django/django/pull/8051"
"7";"claudep";"https://github.com/django/django/pull/8043"
"8";"claudep";"https://github.com/django/django/pull/8028"
"9";"claudep";"https://github.com/django/django/pull/8023"
"10";"claudep";"https://github.com/django/django/pull/8005"
"11";"claudep";"https://github.com/django/django/pull/7997"
"12";"claudep";"https://github.com/django/django/pull/7995"
"13";"claudep";"https://github.com/django/django/pull/7987"
"14";"claudep";"https://github.com/django/django/pull/7986"
"15";"claudep";"https://github.com/django/django/pull/7955"
"16";"claudep";"https://github.com/django/django/pull/7940"
"17";"claudep";"https://github.com/django/django/pull/7935"
"18";"claudep";"https://github.com/django/django/pull/7916"
"19";"claudep";"https://github.com/django/django/pull/7908"
"20";"claudep";"https://github.com/django/django/pull/7882"
"21";"claudep";"https://github.com/django/django/pull/7878"
"22";"claudep";"https://github.com/django/django/pull/7876"
"23";"claudep";"https://github.com/django/django/pull/7873"
"24";"claudep";"https://github.com/django/django/pull/7872"
"25";"claudep";"https://github.com/django/django/pull/7871"
"26";"claudep";"https://github.com/django/django/pull/7867"
"27";"claudep";"https://github.com/django/django/pull/7649"
"28";"claudep";"https://github.com/django/django/pull/7644"
"29";"claudep";"https://github.com/django/django/pull/7640"
"30";"claudep";"https://github.com/django/django/pull/7535"
"31";"claudep";"https://github.com/django/django/pull/7373"
"32";"claudep";"https://github.com/django/django/pull/7333"
"33";"claudep";"https://github.com/django/django/pull/7331"
"34";"claudep";"https://github.com/django/django/pull/7329"
"35";"claudep";"https://github.com/django/django/pull/7328"
"36";"claudep";"https://github.com/django/django/pull/7264"
"37";"claudep";"https://github.com/django/django/pull/7203"
"38";"claudep";"https://github.com/django/django/pull/7178"
"39";"claudep";"https://github.com/django/django/pull/7155"
"40";"claudep";"https://github.com/django/django/pull/7132"
"41";"claudep";"https://github.com/django/django/pull/7131"
"42";"claudep";"https://github.com/django/django/pull/7084"
"43";"claudep";"https://github.com/django/django/pull/7071"
"44";"claudep";"https://github.com/django/django/pull/7070"
"45";"claudep";"https://github.com/django/django/pull/7044"
"46";"claudep";"https://github.com/django/django/pull/7036"
"47";"claudep";"https://github.com/django/django/pull/7026"
"48";"claudep";"https://github.com/django/django/pull/7006"
"49";"claudep";"https://github.com/django/django/pull/6993"
"50";"claudep";"https://github.com/django/django/pull/6940"
"51";"claudep";"https://github.com/django/django/pull/6939"
"52";"claudep";"https://github.com/django/django/pull/6921"
"53";"claudep";"https://github.com/django/django/pull/6860"
"54";"claudep";"https://github.com/django/django/pull/6854"
"55";"claudep";"https://github.com/django/django/pull/6827"
"56";"claudep";"https://github.com/django/django/pull/6801"
"57";"claudep";"https://github.com/django/django/pull/6800"
"58";"claudep";"https://github.com/django/django/pull/6798"
"59";"claudep";"https://github.com/django/django/pull/6777"
"60";"claudep";"https://github.com/django/django/pull/6688"
"61";"claudep";"https://github.com/django/django/pull/6607"
"62";"claudep";"https://github.com/django/django/pull/6566"
"63";"claudep";"https://github.com/django/django/pull/6551"
"64";"claudep";"https://github.com/django/django/pull/6540"
"65";"claudep";"https://github.com/django/django/pull/6530"
"66";"claudep";"https://github.com/django/django/pull/6499"
"67";"claudep";"https://github.com/django/django/pull/6469"
"68";"claudep";"https://github.com/django/django/pull/6466"
"69";"claudep";"https://github.com/django/django/pull/6460"
"70";"claudep";"https://github.com/django/django/pull/6440"
"71";"claudep";"https://github.com/django/django/pull/6351"
"72";"claudep";"https://github.com/django/django/pull/6347"
"73";"claudep";"https://github.com/django/django/pull/6340"
"74";"claudep";"https://github.com/django/django/pull/6292"
"75";"claudep";"https://github.com/django/django/pull/6265"
"76";"claudep";"https://github.com/django/django/pull/6257"
"77";"claudep";"https://github.com/django/django/pull/6246"
"78";"claudep";"https://github.com/django/django/pull/6242"
"79";"claudep";"https://github.com/django/django/pull/6215"
"80";"claudep";"https://github.com/django/django/pull/6193"
"81";"claudep";"https://github.com/django/django/pull/6183"
"82";"claudep";"https://github.com/django/django/pull/6170"
"83";"claudep";"https://github.com/django/django/pull/6168"
"84";"claudep";"https://github.com/django/django/pull/6145"
"85";"claudep";"https://github.com/django/django/pull/6140"
"86";"claudep";"https://github.com/django/django/pull/6139"
"87";"claudep";"https://github.com/django/django/pull/6068"
"88";"claudep";"https://github.com/django/django/pull/6065"
"89";"claudep";"https://github.com/django/django/pull/6043"
"90";"claudep";"https://github.com/django/django/pull/6018"
"91";"claudep";"https://github.com/django/django/pull/5940"
"92";"claudep";"https://github.com/django/django/pull/5879"
"93";"claudep";"https://github.com/django/django/pull/5840"
"94";"claudep";"https://github.com/django/django/pull/5833"
"95";"claudep";"https://github.com/django/django/pull/5821"
"96";"claudep";"https://github.com/django/django/pull/5778"
"97";"claudep";"https://github.com/django/django/pull/5724"
"98";"claudep";"https://github.com/django/django/pull/5702"
"99";"claudep";"https://github.com/django/django/pull/5547"
"100";"claudep";"https://github.com/django/django/pull/5474"
"1";"Collederas";"https://github.com/django/django/pull/7665"
"1";"collinanderson";"https://github.com/django/django/pull/8074"
"2";"collinanderson";"https://github.com/django/django/pull/4300"
"3";"collinanderson";"https://github.com/django/django/pull/3897"
"4";"collinanderson";"https://github.com/django/django/pull/3775"
"5";"collinanderson";"https://github.com/django/django/pull/3370"
"6";"collinanderson";"https://github.com/django/django/pull/3330"
"7";"collinanderson";"https://github.com/django/django/pull/3182"
"8";"collinanderson";"https://github.com/django/django/pull/3072"
"9";"collinanderson";"https://github.com/django/django/pull/3059"
"10";"collinanderson";"https://github.com/django/django/pull/3050"
"11";"collinanderson";"https://github.com/django/django/pull/2889"
"12";"collinanderson";"https://github.com/django/django/pull/2825"
"13";"collinanderson";"https://github.com/django/django/pull/2653"
"14";"collinanderson";"https://github.com/django/django/pull/1801"
"15";"collinanderson";"https://github.com/django/django/pull/375"
"16";"collinanderson";"https://github.com/django/django/pull/366"
"1";"davidszotten";"https://github.com/django/django/pull/8133"
"2";"davidszotten";"https://github.com/django/django/pull/7796"
"3";"davidszotten";"https://github.com/django/django/pull/2637"
"1";"dcwatson";"https://github.com/django/django/pull/6558"
"1";"decibyte";"https://github.com/django/django/pull/8216"
"1";"deltaskelta";"https://github.com/django/django/pull/7242"
"1";"denisra";"https://github.com/django/django/pull/6439"
"1";"desecho";"https://github.com/django/django/pull/8095"
"2";"desecho";"https://github.com/django/django/pull/7970"
"3";"desecho";"https://github.com/django/django/pull/7967"
"4";"desecho";"https://github.com/django/django/pull/7959"
"5";"desecho";"https://github.com/django/django/pull/7830"
"6";"desecho";"https://github.com/django/django/pull/7797"
"7";"desecho";"https://github.com/django/django/pull/7792"
"8";"desecho";"https://github.com/django/django/pull/7763"
"9";"desecho";"https://github.com/django/django/pull/7760"
"10";"desecho";"https://github.com/django/django/pull/7754"
"11";"desecho";"https://github.com/django/django/pull/7634"
"12";"desecho";"https://github.com/django/django/pull/7620"
"13";"desecho";"https://github.com/django/django/pull/7596"
"14";"desecho";"https://github.com/django/django/pull/7470"
"1";"dgladkov";"https://github.com/django/django/pull/7858"
"1";"dhoffman34";"https://github.com/django/django/pull/7668"
"1";"djk2";"https://github.com/django/django/pull/8125"
"1";"dracos";"https://github.com/django/django/pull/7837"
"2";"dracos";"https://github.com/django/django/pull/4818"
"1";"dsanders11";"https://github.com/django/django/pull/8020"
"2";"dsanders11";"https://github.com/django/django/pull/7815"
"3";"dsanders11";"https://github.com/django/django/pull/6594"
"4";"dsanders11";"https://github.com/django/django/pull/6573"
"5";"dsanders11";"https://github.com/django/django/pull/6548"
"6";"dsanders11";"https://github.com/django/django/pull/6507"
"7";"dsanders11";"https://github.com/django/django/pull/6483"
"1";"Dunedan";"https://github.com/django/django/pull/6389"
"1";"edevil";"https://github.com/django/django/pull/7839"
"1";"edmorley";"https://github.com/django/django/pull/7945"
"2";"edmorley";"https://github.com/django/django/pull/7865"
"3";"edmorley";"https://github.com/django/django/pull/7833"
"4";"edmorley";"https://github.com/django/django/pull/7647"
"5";"edmorley";"https://github.com/django/django/pull/7197"
"6";"edmorley";"https://github.com/django/django/pull/7173"
"7";"edmorley";"https://github.com/django/django/pull/7169"
"8";"edmorley";"https://github.com/django/django/pull/7156"
"1";"elky";"https://github.com/django/django/pull/7819"
"2";"elky";"https://github.com/django/django/pull/7608"
"1";"ellmetha";"https://github.com/django/django/pull/7780"
"2";"ellmetha";"https://github.com/django/django/pull/7689"
"1";"eltronix";"https://github.com/django/django/pull/6592"
"2";"eltronix";"https://github.com/django/django/pull/6529"
"3";"eltronix";"https://github.com/django/django/pull/6525"
"4";"eltronix";"https://github.com/django/django/pull/6518"
"5";"eltronix";"https://github.com/django/django/pull/6516"
"6";"eltronix";"https://github.com/django/django/pull/6510"
"7";"eltronix";"https://github.com/django/django/pull/6474"
"1";"erikr";"https://github.com/django/django/pull/6869"
"2";"erikr";"https://github.com/django/django/pull/2383"
"3";"erikr";"https://github.com/django/django/pull/2382"
"4";"erikr";"https://github.com/django/django/pull/1515"
"5";"erikr";"https://github.com/django/django/pull/1280"
"6";"erikr";"https://github.com/django/django/pull/1217"
"7";"erikr";"https://github.com/django/django/pull/1161"
"8";"erikr";"https://github.com/django/django/pull/1160"
"9";"erikr";"https://github.com/django/django/pull/1128"
"10";"erikr";"https://github.com/django/django/pull/1101"
"11";"erikr";"https://github.com/django/django/pull/1084"
"12";"erikr";"https://github.com/django/django/pull/819"
"13";"erikr";"https://github.com/django/django/pull/759"
"1";"eukreign";"https://github.com/django/django/pull/8003"
"1";"ewjoachim";"https://github.com/django/django/pull/7573"
"2";"ewjoachim";"https://github.com/django/django/pull/7474"
"1";"fat-crocodile";"https://github.com/django/django/pull/8158"
"1";"felixxm";"https://github.com/django/django/pull/8241"
"2";"felixxm";"https://github.com/django/django/pull/8228"
"3";"felixxm";"https://github.com/django/django/pull/8220"
"4";"felixxm";"https://github.com/django/django/pull/8213"
"5";"felixxm";"https://github.com/django/django/pull/8185"
"6";"felixxm";"https://github.com/django/django/pull/8179"
"7";"felixxm";"https://github.com/django/django/pull/8167"
"8";"felixxm";"https://github.com/django/django/pull/8165"
"9";"felixxm";"https://github.com/django/django/pull/8151"
"10";"felixxm";"https://github.com/django/django/pull/8136"
"11";"felixxm";"https://github.com/django/django/pull/8109"
"12";"felixxm";"https://github.com/django/django/pull/8072"
"13";"felixxm";"https://github.com/django/django/pull/8066"
"14";"felixxm";"https://github.com/django/django/pull/8040"
"15";"felixxm";"https://github.com/django/django/pull/8015"
"16";"felixxm";"https://github.com/django/django/pull/7975"
"17";"felixxm";"https://github.com/django/django/pull/7954"
"18";"felixxm";"https://github.com/django/django/pull/7879"
"19";"felixxm";"https://github.com/django/django/pull/7869"
"20";"felixxm";"https://github.com/django/django/pull/7861"
"21";"felixxm";"https://github.com/django/django/pull/7835"
"22";"felixxm";"https://github.com/django/django/pull/7822"
"23";"felixxm";"https://github.com/django/django/pull/7808"
"24";"felixxm";"https://github.com/django/django/pull/7787"
"25";"felixxm";"https://github.com/django/django/pull/7755"
"26";"felixxm";"https://github.com/django/django/pull/7744"
"27";"felixxm";"https://github.com/django/django/pull/7721"
"28";"felixxm";"https://github.com/django/django/pull/7717"
"29";"felixxm";"https://github.com/django/django/pull/7669"
"30";"felixxm";"https://github.com/django/django/pull/7657"
"31";"felixxm";"https://github.com/django/django/pull/7650"
"32";"felixxm";"https://github.com/django/django/pull/7638"
"33";"felixxm";"https://github.com/django/django/pull/7617"
"34";"felixxm";"https://github.com/django/django/pull/7571"
"35";"felixxm";"https://github.com/django/django/pull/7563"
"36";"felixxm";"https://github.com/django/django/pull/7555"
"37";"felixxm";"https://github.com/django/django/pull/7531"
"38";"felixxm";"https://github.com/django/django/pull/7454"
"39";"felixxm";"https://github.com/django/django/pull/7443"
"40";"felixxm";"https://github.com/django/django/pull/7420"
"41";"felixxm";"https://github.com/django/django/pull/7359"
"42";"felixxm";"https://github.com/django/django/pull/7357"
"43";"felixxm";"https://github.com/django/django/pull/7303"
"1";"Flimm";"https://github.com/django/django/pull/8157"
"1";"FlipperPA";"https://github.com/django/django/pull/8088"
"2";"FlipperPA";"https://github.com/django/django/pull/7457"
"3";"FlipperPA";"https://github.com/django/django/pull/7116"
"4";"FlipperPA";"https://github.com/django/django/pull/7093"
"1";"francoisfreitag";"https://github.com/django/django/pull/7682"
"2";"francoisfreitag";"https://github.com/django/django/pull/7624"
"3";"francoisfreitag";"https://github.com/django/django/pull/7587"
"4";"francoisfreitag";"https://github.com/django/django/pull/7575"
"5";"francoisfreitag";"https://github.com/django/django/pull/7398"
"6";"francoisfreitag";"https://github.com/django/django/pull/7257"
"1";"frankwiles";"https://github.com/django/django/pull/7317"
"2";"frankwiles";"https://github.com/django/django/pull/2030"
"1";"frewsxcv";"https://github.com/django/django/pull/6712"
"1";"funkybob";"https://github.com/django/django/pull/7075"
"2";"funkybob";"https://github.com/django/django/pull/4719"
"3";"funkybob";"https://github.com/django/django/pull/4469"
"4";"funkybob";"https://github.com/django/django/pull/2245"
"5";"funkybob";"https://github.com/django/django/pull/2105"
"6";"funkybob";"https://github.com/django/django/pull/1931"
"1";"garrypolley";"https://github.com/django/django/pull/8223"
"2";"garrypolley";"https://github.com/django/django/pull/1594"
"3";"garrypolley";"https://github.com/django/django/pull/1565"
"4";"garrypolley";"https://github.com/django/django/pull/1557"
"1";"getup8";"https://github.com/django/django/pull/7609"
"1";"Guest007";"https://github.com/django/django/pull/6647"
"1";"h4ck3rm1k3";"https://github.com/django/django/pull/7884"
"1";"haiiiiiyun";"https://github.com/django/django/pull/6910"
"2";"haiiiiiyun";"https://github.com/django/django/pull/6881"
"1";"HenryDangPRG";"https://github.com/django/django/pull/7710"
"2";"HenryDangPRG";"https://github.com/django/django/pull/7533"
"1";"hirokiky";"https://github.com/django/django/pull/7462"
"2";"hirokiky";"https://github.com/django/django/pull/2967"
"1";"Ian-Foote";"https://github.com/django/django/pull/7517"
"2";"Ian-Foote";"https://github.com/django/django/pull/2864"
"3";"Ian-Foote";"https://github.com/django/django/pull/2224"
"1";"IanLee1521";"https://github.com/django/django/pull/7540"
"2";"IanLee1521";"https://github.com/django/django/pull/4443"
"1";"igniteflow";"https://github.com/django/django/pull/7481"
"1";"illia-v";"https://github.com/django/django/pull/7758"
"2";"illia-v";"https://github.com/django/django/pull/7743"
"1";"Imperat";"https://github.com/django/django/pull/7691"
"1";"inglesp";"https://github.com/django/django/pull/7834"
"2";"inglesp";"https://github.com/django/django/pull/7677"
"3";"inglesp";"https://github.com/django/django/pull/1141"
"1";"inondle";"https://github.com/django/django/pull/7370"
"2";"inondle";"https://github.com/django/django/pull/6602"
"1";"intgr";"https://github.com/django/django/pull/7511"
"2";"intgr";"https://github.com/django/django/pull/7432"
"3";"intgr";"https://github.com/django/django/pull/2602"
"4";"intgr";"https://github.com/django/django/pull/1027"
"5";"intgr";"https://github.com/django/django/pull/985"
"6";"intgr";"https://github.com/django/django/pull/858"
"1";"ivanchenkodmitry";"https://github.com/django/django/pull/7769"
"1";"jackieleng";"https://github.com/django/django/pull/7507"
"1";"jarshwah";"https://github.com/django/django/pull/7849"
"2";"jarshwah";"https://github.com/django/django/pull/7845"
"3";"jarshwah";"https://github.com/django/django/pull/7772"
"4";"jarshwah";"https://github.com/django/django/pull/7141"
"5";"jarshwah";"https://github.com/django/django/pull/5324"
"6";"jarshwah";"https://github.com/django/django/pull/5090"
"7";"jarshwah";"https://github.com/django/django/pull/4352"
"8";"jarshwah";"https://github.com/django/django/pull/4349"
"9";"jarshwah";"https://github.com/django/django/pull/4239"
"10";"jarshwah";"https://github.com/django/django/pull/4192"
"11";"jarshwah";"https://github.com/django/django/pull/4121"
"12";"jarshwah";"https://github.com/django/django/pull/4114"
"13";"jarshwah";"https://github.com/django/django/pull/4107"
"14";"jarshwah";"https://github.com/django/django/pull/3994"
"15";"jarshwah";"https://github.com/django/django/pull/3954"
"16";"jarshwah";"https://github.com/django/django/pull/3950"
"17";"jarshwah";"https://github.com/django/django/pull/3947"
"18";"jarshwah";"https://github.com/django/django/pull/3939"
"19";"jarshwah";"https://github.com/django/django/pull/3877"
"20";"jarshwah";"https://github.com/django/django/pull/3868"
"21";"jarshwah";"https://github.com/django/django/pull/3806"
"1";"JBKahn";"https://github.com/django/django/pull/7530"
"1";"jdufresne";"https://github.com/django/django/pull/8211"
"2";"jdufresne";"https://github.com/django/django/pull/7982"
"3";"jdufresne";"https://github.com/django/django/pull/7929"
"4";"jdufresne";"https://github.com/django/django/pull/7927"
"5";"jdufresne";"https://github.com/django/django/pull/7926"
"6";"jdufresne";"https://github.com/django/django/pull/7925"
"7";"jdufresne";"https://github.com/django/django/pull/7924"
"8";"jdufresne";"https://github.com/django/django/pull/7919"
"9";"jdufresne";"https://github.com/django/django/pull/7676"
"10";"jdufresne";"https://github.com/django/django/pull/7651"
"11";"jdufresne";"https://github.com/django/django/pull/7445"
"12";"jdufresne";"https://github.com/django/django/pull/7419"
"13";"jdufresne";"https://github.com/django/django/pull/7413"
"14";"jdufresne";"https://github.com/django/django/pull/7410"
"15";"jdufresne";"https://github.com/django/django/pull/7285"
"16";"jdufresne";"https://github.com/django/django/pull/7272"
"17";"jdufresne";"https://github.com/django/django/pull/7232"
"18";"jdufresne";"https://github.com/django/django/pull/7208"
"19";"jdufresne";"https://github.com/django/django/pull/7188"
"20";"jdufresne";"https://github.com/django/django/pull/7170"
"21";"jdufresne";"https://github.com/django/django/pull/7164"
"22";"jdufresne";"https://github.com/django/django/pull/7134"
"23";"jdufresne";"https://github.com/django/django/pull/7105"
"24";"jdufresne";"https://github.com/django/django/pull/7097"
"25";"jdufresne";"https://github.com/django/django/pull/7072"
"26";"jdufresne";"https://github.com/django/django/pull/7049"
"27";"jdufresne";"https://github.com/django/django/pull/6979"
"28";"jdufresne";"https://github.com/django/django/pull/6959"
"29";"jdufresne";"https://github.com/django/django/pull/6917"
"30";"jdufresne";"https://github.com/django/django/pull/6909"
"31";"jdufresne";"https://github.com/django/django/pull/6908"
"32";"jdufresne";"https://github.com/django/django/pull/6899"
"33";"jdufresne";"https://github.com/django/django/pull/6896"
"34";"jdufresne";"https://github.com/django/django/pull/6878"
"35";"jdufresne";"https://github.com/django/django/pull/6836"
"36";"jdufresne";"https://github.com/django/django/pull/6811"
"37";"jdufresne";"https://github.com/django/django/pull/6761"
"38";"jdufresne";"https://github.com/django/django/pull/6760"
"39";"jdufresne";"https://github.com/django/django/pull/6729"
"40";"jdufresne";"https://github.com/django/django/pull/6679"
"41";"jdufresne";"https://github.com/django/django/pull/6517"
"42";"jdufresne";"https://github.com/django/django/pull/6481"
"43";"jdufresne";"https://github.com/django/django/pull/5478"
"1";"jensen-cochran";"https://github.com/django/django/pull/6985"
"1";"jezeniel";"https://github.com/django/django/pull/7543"
"1";"jiaaro";"https://github.com/django/django/pull/6482"
"1";"Jibodeah";"https://github.com/django/django/pull/7143"
"1";"jinankjain";"https://github.com/django/django/pull/7814"
"1";"joncasdam";"https://github.com/django/django/pull/7295"
"1";"jschneier";"https://github.com/django/django/pull/8148"
"1";"jsma";"https://github.com/django/django/pull/6822"
"2";"jsma";"https://github.com/django/django/pull/3163"
"1";"jwilk";"https://github.com/django/django/pull/6286"
"1";"kapilgarg1996";"https://github.com/django/django/pull/8229"
"1";"kappataumu";"https://github.com/django/django/pull/7267"
"1";"kas";"https://github.com/django/django/pull/6983"
"1";"Keda87";"https://github.com/django/django/pull/7629"
"1";"kmtracey";"https://github.com/django/django/pull/7495"
"1";"knbk";"https://github.com/django/django/pull/7828"
"2";"knbk";"https://github.com/django/django/pull/6914"
"3";"knbk";"https://github.com/django/django/pull/6023"
"4";"knbk";"https://github.com/django/django/pull/5889"
"5";"knbk";"https://github.com/django/django/pull/5855"
"6";"knbk";"https://github.com/django/django/pull/4920"
"1";"knyghty";"https://github.com/django/django/pull/6913"
"1";"koniiiik";"https://github.com/django/django/pull/7415"
"2";"koniiiik";"https://github.com/django/django/pull/6374"
"3";"koniiiik";"https://github.com/django/django/pull/361"
"1";"KrzysiekJ";"https://github.com/django/django/pull/6793"
"2";"KrzysiekJ";"https://github.com/django/django/pull/1198"
"1";"Kulikovpavel";"https://github.com/django/django/pull/8166"
"1";"lamby";"https://github.com/django/django/pull/8105"
"2";"lamby";"https://github.com/django/django/pull/8102"
"3";"lamby";"https://github.com/django/django/pull/8101"
"1";"lb1c";"https://github.com/django/django/pull/8180"
"1";"Leila20";"https://github.com/django/django/pull/7516"
"2";"Leila20";"https://github.com/django/django/pull/6867"
"1";"lingxiaoyang";"https://github.com/django/django/pull/7781"
"1";"loic";"https://github.com/django/django/pull/7115"
"2";"loic";"https://github.com/django/django/pull/6897"
"3";"loic";"https://github.com/django/django/pull/6799"
"4";"loic";"https://github.com/django/django/pull/6622"
"5";"loic";"https://github.com/django/django/pull/6486"
"6";"loic";"https://github.com/django/django/pull/6175"
"7";"loic";"https://github.com/django/django/pull/4152"
"8";"loic";"https://github.com/django/django/pull/4127"
"9";"loic";"https://github.com/django/django/pull/4072"
"10";"loic";"https://github.com/django/django/pull/4057"
"11";"loic";"https://github.com/django/django/pull/3996"
"12";"loic";"https://github.com/django/django/pull/3986"
"13";"loic";"https://github.com/django/django/pull/3971"
"14";"loic";"https://github.com/django/django/pull/3963"
"15";"loic";"https://github.com/django/django/pull/3962"
"16";"loic";"https://github.com/django/django/pull/3849"
"17";"loic";"https://github.com/django/django/pull/3411"
"18";"loic";"https://github.com/django/django/pull/3410"
"19";"loic";"https://github.com/django/django/pull/3402"
"20";"loic";"https://github.com/django/django/pull/3391"
"21";"loic";"https://github.com/django/django/pull/3368"
"22";"loic";"https://github.com/django/django/pull/2634"
"23";"loic";"https://github.com/django/django/pull/2500"
"24";"loic";"https://github.com/django/django/pull/2495"
"25";"loic";"https://github.com/django/django/pull/2489"
"26";"loic";"https://github.com/django/django/pull/2487"
"27";"loic";"https://github.com/django/django/pull/2396"
"28";"loic";"https://github.com/django/django/pull/2052"
"29";"loic";"https://github.com/django/django/pull/2048"
"30";"loic";"https://github.com/django/django/pull/2022"
"31";"loic";"https://github.com/django/django/pull/2016"
"32";"loic";"https://github.com/django/django/pull/2005"
"33";"loic";"https://github.com/django/django/pull/2000"
"34";"loic";"https://github.com/django/django/pull/1965"
"35";"loic";"https://github.com/django/django/pull/1954"
"36";"loic";"https://github.com/django/django/pull/1921"
"37";"loic";"https://github.com/django/django/pull/1853"
"38";"loic";"https://github.com/django/django/pull/1837"
"39";"loic";"https://github.com/django/django/pull/1755"
"40";"loic";"https://github.com/django/django/pull/1681"
"41";"loic";"https://github.com/django/django/pull/1616"
"42";"loic";"https://github.com/django/django/pull/1586"
"43";"loic";"https://github.com/django/django/pull/1549"
"44";"loic";"https://github.com/django/django/pull/1470"
"45";"loic";"https://github.com/django/django/pull/1460"
"46";"loic";"https://github.com/django/django/pull/1443"
"47";"loic";"https://github.com/django/django/pull/1441"
"48";"loic";"https://github.com/django/django/pull/1432"
"49";"loic";"https://github.com/django/django/pull/1382"
"50";"loic";"https://github.com/django/django/pull/1378"
"51";"loic";"https://github.com/django/django/pull/1372"
"52";"loic";"https://github.com/django/django/pull/1358"
"53";"loic";"https://github.com/django/django/pull/1311"
"54";"loic";"https://github.com/django/django/pull/1308"
"55";"loic";"https://github.com/django/django/pull/1282"
"56";"loic";"https://github.com/django/django/pull/1281"
"57";"loic";"https://github.com/django/django/pull/885"
"58";"loic";"https://github.com/django/django/pull/882"
"1";"lostick";"https://github.com/django/django/pull/7321"
"1";"lovmat";"https://github.com/django/django/pull/7087"
"1";"lucasloisp";"https://github.com/django/django/pull/7332"
"1";"lwm";"https://github.com/django/django/pull/7616"
"1";"manikos";"https://github.com/django/django/pull/7914"
"1";"marfire";"https://github.com/django/django/pull/7378"
"2";"marfire";"https://github.com/django/django/pull/1639"
"3";"marfire";"https://github.com/django/django/pull/1502"
"1";"mark-summerfield";"https://github.com/django/django/pull/7441"
"1";"MarkusH";"https://github.com/django/django/pull/7550"
"2";"MarkusH";"https://github.com/django/django/pull/7446"
"3";"MarkusH";"https://github.com/django/django/pull/7353"
"4";"MarkusH";"https://github.com/django/django/pull/7273"
"5";"MarkusH";"https://github.com/django/django/pull/6969"
"6";"MarkusH";"https://github.com/django/django/pull/6795"
"7";"MarkusH";"https://github.com/django/django/pull/6565"
"8";"MarkusH";"https://github.com/django/django/pull/6559"
"9";"MarkusH";"https://github.com/django/django/pull/5277"
"10";"MarkusH";"https://github.com/django/django/pull/5274"
"11";"MarkusH";"https://github.com/django/django/pull/5255"
"12";"MarkusH";"https://github.com/django/django/pull/5211"
"13";"MarkusH";"https://github.com/django/django/pull/5199"
"14";"MarkusH";"https://github.com/django/django/pull/5176"
"15";"MarkusH";"https://github.com/django/django/pull/5173"
"16";"MarkusH";"https://github.com/django/django/pull/5156"
"17";"MarkusH";"https://github.com/django/django/pull/5121"
"18";"MarkusH";"https://github.com/django/django/pull/4923"
"19";"MarkusH";"https://github.com/django/django/pull/4912"
"20";"MarkusH";"https://github.com/django/django/pull/4901"
"21";"MarkusH";"https://github.com/django/django/pull/4857"
"22";"MarkusH";"https://github.com/django/django/pull/4711"
"23";"MarkusH";"https://github.com/django/django/pull/4594"
"24";"MarkusH";"https://github.com/django/django/pull/4584"
"25";"MarkusH";"https://github.com/django/django/pull/4489"
"26";"MarkusH";"https://github.com/django/django/pull/4478"
"27";"MarkusH";"https://github.com/django/django/pull/4447"
"28";"MarkusH";"https://github.com/django/django/pull/4421"
"29";"MarkusH";"https://github.com/django/django/pull/4408"
"30";"MarkusH";"https://github.com/django/django/pull/4404"
"31";"MarkusH";"https://github.com/django/django/pull/4233"
"32";"MarkusH";"https://github.com/django/django/pull/4151"
"33";"MarkusH";"https://github.com/django/django/pull/4079"
"34";"MarkusH";"https://github.com/django/django/pull/3998"
"35";"MarkusH";"https://github.com/django/django/pull/3960"
"36";"MarkusH";"https://github.com/django/django/pull/3943"
"37";"MarkusH";"https://github.com/django/django/pull/3881"
"38";"MarkusH";"https://github.com/django/django/pull/3563"
"39";"MarkusH";"https://github.com/django/django/pull/3307"
"40";"MarkusH";"https://github.com/django/django/pull/3280"
"41";"MarkusH";"https://github.com/django/django/pull/2346"
"42";"MarkusH";"https://github.com/django/django/pull/2198"
"43";"MarkusH";"https://github.com/django/django/pull/1083"
"1";"marky1991";"https://github.com/django/django/pull/7577"
"1";"martinarroyo";"https://github.com/django/django/pull/7449"
"1";"mastizada";"https://github.com/django/django/pull/7263"
"1";"matthiask";"https://github.com/django/django/pull/6569"
"1";"mbeijen";"https://github.com/django/django/pull/7438"
"1";"merike";"https://github.com/django/django/pull/7235"
"1";"meshy";"https://github.com/django/django/pull/8025"
"2";"meshy";"https://github.com/django/django/pull/6764"
"3";"meshy";"https://github.com/django/django/pull/6121"
"1";"metamatik";"https://github.com/django/django/pull/6891"
"1";"mgalgs";"https://github.com/django/django/pull/7564"
"1";"miketheman";"https://github.com/django/django/pull/7187"
"1";"mlorant";"https://github.com/django/django/pull/7820"
"2";"mlorant";"https://github.com/django/django/pull/7458"
"1";"monoidal";"https://github.com/django/django/pull/7492"
"1";"nadege";"https://github.com/django/django/pull/7832"
"1";"navidkhn1";"https://github.com/django/django/pull/6970"
"1";"nemesisdesign";"https://github.com/django/django/pull/7500"
"1";"nikolas";"https://github.com/django/django/pull/7627"
"1";"nimasmi";"https://github.com/django/django/pull/6656"
"1";"noenglishprofessorbut";"https://github.com/django/django/pull/6262"
"1";"openjck";"https://github.com/django/django/pull/6752"
"1";"PamelaM";"https://github.com/django/django/pull/7466"
"1";"pauloxnet";"https://github.com/django/django/pull/7943"
"1";"PavloKapyshin";"https://github.com/django/django/pull/8110"
"1";"pelme";"https://github.com/django/django/pull/7656"
"1";"perry";"https://github.com/django/django/pull/7690"
"1";"petedmarsh";"https://github.com/django/django/pull/6916"
"1";"Phil9l";"https://github.com/django/django/pull/8096"
"1";"PREM1980";"https://github.com/django/django/pull/7569"
"1";"prestontimmons";"https://github.com/django/django/pull/7686"
"2";"prestontimmons";"https://github.com/django/django/pull/5209"
"3";"prestontimmons";"https://github.com/django/django/pull/4657"
"4";"prestontimmons";"https://github.com/django/django/pull/4602"
"5";"prestontimmons";"https://github.com/django/django/pull/4556"
"6";"prestontimmons";"https://github.com/django/django/pull/4484"
"7";"prestontimmons";"https://github.com/django/django/pull/3475"
"8";"prestontimmons";"https://github.com/django/django/pull/2592"
"1";"pwmarcz";"https://github.com/django/django/pull/7475"
"1";"raminfp";"https://github.com/django/django/pull/7545"
"1";"ramiro";"https://github.com/django/django/pull/6681"
"2";"ramiro";"https://github.com/django/django/pull/6675"
"3";"ramiro";"https://github.com/django/django/pull/3812"
"4";"ramiro";"https://github.com/django/django/pull/3807"
"5";"ramiro";"https://github.com/django/django/pull/3136"
"6";"ramiro";"https://github.com/django/django/pull/3075"
"7";"ramiro";"https://github.com/django/django/pull/2679"
"8";"ramiro";"https://github.com/django/django/pull/2498"
"9";"ramiro";"https://github.com/django/django/pull/2418"
"10";"ramiro";"https://github.com/django/django/pull/2120"
"11";"ramiro";"https://github.com/django/django/pull/1316"
"1";"raphaelm";"https://github.com/django/django/pull/7702"
"1";"raphaelmerx";"https://github.com/django/django/pull/8150"
"1";"reficul31";"https://github.com/django/django/pull/7675"
"1";"REVIMI";"https://github.com/django/django/pull/7767"
"1";"rhertzog";"https://github.com/django/django/pull/6945"
"1";"rivol";"https://github.com/django/django/pull/7479"
"1";"rixx";"https://github.com/django/django/pull/6399"
"2";"rixx";"https://github.com/django/django/pull/6382"
"1";"rlmv";"https://github.com/django/django/pull/8139"
"2";"rlmv";"https://github.com/django/django/pull/8120"
"1";"roboslone";"https://github.com/django/django/pull/7746"
"1";"romgar";"https://github.com/django/django/pull/7623"
"2";"romgar";"https://github.com/django/django/pull/6887"
"1";"roques";"https://github.com/django/django/pull/7539"
"1";"rpkilby";"https://github.com/django/django/pull/6906"
"1";"rsalmaso";"https://github.com/django/django/pull/7794"
"1";"rtpg";"https://github.com/django/django/pull/6485"
"1";"sadaf2605";"https://github.com/django/django/pull/6862"
"1";"sajattack";"https://github.com/django/django/pull/8236"
"1";"sbast";"https://github.com/django/django/pull/7522"
"1";"schinckel";"https://github.com/django/django/pull/8115"
"2";"schinckel";"https://github.com/django/django/pull/6478"
"1";"scop";"https://github.com/django/django/pull/7051"
"2";"scop";"https://github.com/django/django/pull/7024"
"3";"scop";"https://github.com/django/django/pull/6780"
"4";"scop";"https://github.com/django/django/pull/6775"
"5";"scop";"https://github.com/django/django/pull/6770"
"6";"scop";"https://github.com/django/django/pull/6575"
"7";"scop";"https://github.com/django/django/pull/6554"
"8";"scop";"https://github.com/django/django/pull/5542"
"9";"scop";"https://github.com/django/django/pull/5444"
"1";"seanfagan";"https://github.com/django/django/pull/8203"
"1";"shiblystory";"https://github.com/django/django/pull/6568"
"1";"sir-sigurd";"https://github.com/django/django/pull/8250"
"2";"sir-sigurd";"https://github.com/django/django/pull/8249"
"3";"sir-sigurd";"https://github.com/django/django/pull/8242"
"4";"sir-sigurd";"https://github.com/django/django/pull/8240"
"5";"sir-sigurd";"https://github.com/django/django/pull/8237"
"6";"sir-sigurd";"https://github.com/django/django/pull/8235"
"7";"sir-sigurd";"https://github.com/django/django/pull/8231"
"8";"sir-sigurd";"https://github.com/django/django/pull/8226"
"9";"sir-sigurd";"https://github.com/django/django/pull/8221"
"10";"sir-sigurd";"https://github.com/django/django/pull/8218"
"11";"sir-sigurd";"https://github.com/django/django/pull/8215"
"12";"sir-sigurd";"https://github.com/django/django/pull/8214"
"13";"sir-sigurd";"https://github.com/django/django/pull/8212"
"14";"sir-sigurd";"https://github.com/django/django/pull/8197"
"15";"sir-sigurd";"https://github.com/django/django/pull/8195"
"16";"sir-sigurd";"https://github.com/django/django/pull/8190"
"17";"sir-sigurd";"https://github.com/django/django/pull/8188"
"18";"sir-sigurd";"https://github.com/django/django/pull/8186"
"19";"sir-sigurd";"https://github.com/django/django/pull/8173"
"20";"sir-sigurd";"https://github.com/django/django/pull/7706"
"21";"sir-sigurd";"https://github.com/django/django/pull/7699"
"22";"sir-sigurd";"https://github.com/django/django/pull/7695"
"23";"sir-sigurd";"https://github.com/django/django/pull/7687"
"24";"sir-sigurd";"https://github.com/django/django/pull/7672"
"25";"sir-sigurd";"https://github.com/django/django/pull/7664"
"26";"sir-sigurd";"https://github.com/django/django/pull/7661"
"27";"sir-sigurd";"https://github.com/django/django/pull/7660"
"28";"sir-sigurd";"https://github.com/django/django/pull/7659"
"29";"sir-sigurd";"https://github.com/django/django/pull/7658"
"30";"sir-sigurd";"https://github.com/django/django/pull/7652"
"31";"sir-sigurd";"https://github.com/django/django/pull/7639"
"32";"sir-sigurd";"https://github.com/django/django/pull/7637"
"33";"sir-sigurd";"https://github.com/django/django/pull/7633"
"34";"sir-sigurd";"https://github.com/django/django/pull/7632"
"35";"sir-sigurd";"https://github.com/django/django/pull/7631"
"36";"sir-sigurd";"https://github.com/django/django/pull/7568"
"37";"sir-sigurd";"https://github.com/django/django/pull/7552"
"38";"sir-sigurd";"https://github.com/django/django/pull/7546"
"39";"sir-sigurd";"https://github.com/django/django/pull/7428"
"40";"sir-sigurd";"https://github.com/django/django/pull/7427"
"41";"sir-sigurd";"https://github.com/django/django/pull/7001"
"42";"sir-sigurd";"https://github.com/django/django/pull/6766"
"43";"sir-sigurd";"https://github.com/django/django/pull/6754"
"44";"sir-sigurd";"https://github.com/django/django/pull/6682"
"45";"sir-sigurd";"https://github.com/django/django/pull/6657"
"46";"sir-sigurd";"https://github.com/django/django/pull/6095"
"47";"sir-sigurd";"https://github.com/django/django/pull/5859"
"48";"sir-sigurd";"https://github.com/django/django/pull/5838"
"49";"sir-sigurd";"https://github.com/django/django/pull/5787"
"50";"sir-sigurd";"https://github.com/django/django/pull/4116"
"1";"solarissmoke";"https://github.com/django/django/pull/6815"
"1";"spacediver";"https://github.com/django/django/pull/7163"
"1";"srinivasreddy";"https://github.com/django/django/pull/7973"
"2";"srinivasreddy";"https://github.com/django/django/pull/7904"
"3";"srinivasreddy";"https://github.com/django/django/pull/7897"
"1";"Stranger6667";"https://github.com/django/django/pull/7853"
"1";"SubhrajyotiSen";"https://github.com/django/django/pull/7963"
"1";"suligap";"https://github.com/django/django/pull/6414"
"1";"Surgo";"https://github.com/django/django/pull/7588"
"1";"tedmiston";"https://github.com/django/django/pull/6882"
"1";"thomwiggers";"https://github.com/django/django/pull/7923"
"1";"timgraham";"https://github.com/django/django/pull/6972"
"2";"timgraham";"https://github.com/django/django/pull/6963"
"3";"timgraham";"https://github.com/django/django/pull/6937"
"4";"timgraham";"https://github.com/django/django/pull/6935"
"5";"timgraham";"https://github.com/django/django/pull/6929"
"6";"timgraham";"https://github.com/django/django/pull/6920"
"7";"timgraham";"https://github.com/django/django/pull/6918"
"8";"timgraham";"https://github.com/django/django/pull/6859"
"9";"timgraham";"https://github.com/django/django/pull/6850"
"10";"timgraham";"https://github.com/django/django/pull/6844"
"11";"timgraham";"https://github.com/django/django/pull/6841"
"12";"timgraham";"https://github.com/django/django/pull/6829"
"13";"timgraham";"https://github.com/django/django/pull/6828"
"14";"timgraham";"https://github.com/django/django/pull/6820"
"15";"timgraham";"https://github.com/django/django/pull/6819"
"16";"timgraham";"https://github.com/django/django/pull/6809"
"17";"timgraham";"https://github.com/django/django/pull/6802"
"18";"timgraham";"https://github.com/django/django/pull/6797"
"19";"timgraham";"https://github.com/django/django/pull/6794"
"20";"timgraham";"https://github.com/django/django/pull/6791"
"21";"timgraham";"https://github.com/django/django/pull/6790"
"22";"timgraham";"https://github.com/django/django/pull/6771"
"23";"timgraham";"https://github.com/django/django/pull/6769"
"24";"timgraham";"https://github.com/django/django/pull/6687"
"25";"timgraham";"https://github.com/django/django/pull/6683"
"26";"timgraham";"https://github.com/django/django/pull/6667"
"27";"timgraham";"https://github.com/django/django/pull/6666"
"28";"timgraham";"https://github.com/django/django/pull/6663"
"29";"timgraham";"https://github.com/django/django/pull/6662"
"30";"timgraham";"https://github.com/django/django/pull/6661"
"31";"timgraham";"https://github.com/django/django/pull/6653"
"32";"timgraham";"https://github.com/django/django/pull/6646"
"33";"timgraham";"https://github.com/django/django/pull/6644"
"34";"timgraham";"https://github.com/django/django/pull/6631"
"35";"timgraham";"https://github.com/django/django/pull/6630"
"36";"timgraham";"https://github.com/django/django/pull/6627"
"37";"timgraham";"https://github.com/django/django/pull/6614"
"38";"timgraham";"https://github.com/django/django/pull/6610"
"39";"timgraham";"https://github.com/django/django/pull/6601"
"40";"timgraham";"https://github.com/django/django/pull/6599"
"41";"timgraham";"https://github.com/django/django/pull/6598"
"42";"timgraham";"https://github.com/django/django/pull/6597"
"43";"timgraham";"https://github.com/django/django/pull/6595"
"44";"timgraham";"https://github.com/django/django/pull/6585"
"45";"timgraham";"https://github.com/django/django/pull/6576"
"46";"timgraham";"https://github.com/django/django/pull/6570"
"47";"timgraham";"https://github.com/django/django/pull/6567"
"48";"timgraham";"https://github.com/django/django/pull/6562"
"49";"timgraham";"https://github.com/django/django/pull/6538"
"50";"timgraham";"https://github.com/django/django/pull/6534"
"51";"timgraham";"https://github.com/django/django/pull/6531"
"52";"timgraham";"https://github.com/django/django/pull/6527"
"53";"timgraham";"https://github.com/django/django/pull/6524"
"54";"timgraham";"https://github.com/django/django/pull/6519"
"55";"timgraham";"https://github.com/django/django/pull/6505"
"56";"timgraham";"https://github.com/django/django/pull/6501"
"57";"timgraham";"https://github.com/django/django/pull/6498"
"58";"timgraham";"https://github.com/django/django/pull/6496"
"59";"timgraham";"https://github.com/django/django/pull/6493"
"60";"timgraham";"https://github.com/django/django/pull/6491"
"61";"timgraham";"https://github.com/django/django/pull/6490"
"62";"timgraham";"https://github.com/django/django/pull/6454"
"63";"timgraham";"https://github.com/django/django/pull/6452"
"64";"timgraham";"https://github.com/django/django/pull/6447"
"65";"timgraham";"https://github.com/django/django/pull/6444"
"66";"timgraham";"https://github.com/django/django/pull/6441"
"67";"timgraham";"https://github.com/django/django/pull/6438"
"68";"timgraham";"https://github.com/django/django/pull/6431"
"69";"timgraham";"https://github.com/django/django/pull/6425"
"70";"timgraham";"https://github.com/django/django/pull/6409"
"71";"timgraham";"https://github.com/django/django/pull/6365"
"72";"timgraham";"https://github.com/django/django/pull/6360"
"73";"timgraham";"https://github.com/django/django/pull/6349"
"74";"timgraham";"https://github.com/django/django/pull/6339"
"75";"timgraham";"https://github.com/django/django/pull/6338"
"76";"timgraham";"https://github.com/django/django/pull/6332"
"77";"timgraham";"https://github.com/django/django/pull/6327"
"78";"timgraham";"https://github.com/django/django/pull/6324"
"79";"timgraham";"https://github.com/django/django/pull/6309"
"80";"timgraham";"https://github.com/django/django/pull/6306"
"81";"timgraham";"https://github.com/django/django/pull/6305"
"82";"timgraham";"https://github.com/django/django/pull/6303"
"83";"timgraham";"https://github.com/django/django/pull/6290"
"84";"timgraham";"https://github.com/django/django/pull/6284"
"85";"timgraham";"https://github.com/django/django/pull/6282"
"86";"timgraham";"https://github.com/django/django/pull/6279"
"87";"timgraham";"https://github.com/django/django/pull/6270"
"88";"timgraham";"https://github.com/django/django/pull/6269"
"89";"timgraham";"https://github.com/django/django/pull/6263"
"90";"timgraham";"https://github.com/django/django/pull/6245"
"91";"timgraham";"https://github.com/django/django/pull/6244"
"92";"timgraham";"https://github.com/django/django/pull/6235"
"93";"timgraham";"https://github.com/django/django/pull/6208"
"94";"timgraham";"https://github.com/django/django/pull/6202"
"95";"timgraham";"https://github.com/django/django/pull/6197"
"96";"timgraham";"https://github.com/django/django/pull/6195"
"97";"timgraham";"https://github.com/django/django/pull/6191"
"98";"timgraham";"https://github.com/django/django/pull/6190"
"99";"timgraham";"https://github.com/django/django/pull/6189"
"100";"timgraham";"https://github.com/django/django/pull/6177"
"1";"timmartin";"https://github.com/django/django/pull/7711"
"1";"tobiasmcnulty";"https://github.com/django/django/pull/8174"
"2";"tobiasmcnulty";"https://github.com/django/django/pull/7518"
"3";"tobiasmcnulty";"https://github.com/django/django/pull/6949"
"4";"tobiasmcnulty";"https://github.com/django/django/pull/6701"
"1";"toolness";"https://github.com/django/django/pull/8027"
"1";"toshka";"https://github.com/django/django/pull/7578"
"1";"treyhunner";"https://github.com/django/django/pull/6796"
"2";"treyhunner";"https://github.com/django/django/pull/1309"
"1";"vesteinn";"https://github.com/django/django/pull/7282"
"1";"victor-o-silva";"https://github.com/django/django/pull/6589"
"1";"vinayinvicible";"https://github.com/django/django/pull/7774"
"2";"vinayinvicible";"https://github.com/django/django/pull/7565"
"1";"VincentTide";"https://github.com/django/django/pull/7126"
"1";"vlt";"https://github.com/django/django/pull/7601"
"2";"vlt";"https://github.com/django/django/pull/7599"
"1";"vytisb";"https://github.com/django/django/pull/8127"
"2";"vytisb";"https://github.com/django/django/pull/8107"
"3";"vytisb";"https://github.com/django/django/pull/8079"
"4";"vytisb";"https://github.com/django/django/pull/8057"
"5";"vytisb";"https://github.com/django/django/pull/8054"
"6";"vytisb";"https://github.com/django/django/pull/7998"
"7";"vytisb";"https://github.com/django/django/pull/7989"
"8";"vytisb";"https://github.com/django/django/pull/7918"
"9";"vytisb";"https://github.com/django/django/pull/6763"
"10";"vytisb";"https://github.com/django/django/pull/6757"
"11";"vytisb";"https://github.com/django/django/pull/6718"
"12";"vytisb";"https://github.com/django/django/pull/6564"
"1";"whs";"https://github.com/django/django/pull/8091"
"1";"wimglenn";"https://github.com/django/django/pull/7435"
"1";"wkornewald";"https://github.com/django/django/pull/7671"
"1";"xncbf";"https://github.com/django/django/pull/8067"
"1";"xrmx";"https://github.com/django/django/pull/7404"
"1";"yellowcap";"https://github.com/django/django/pull/7464"
"2";"yellowcap";"https://github.com/django/django/pull/6654"
"3";"yellowcap";"https://github.com/django/django/pull/6596"
"4";"yellowcap";"https://github.com/django/django/pull/6484"
"1";"za";"https://github.com/django/django/pull/7439"
"1";"zachborboa";"https://github.com/django/django/pull/7407"
"1";"Zapelini";"https://github.com/django/django/pull/7302"
"1";"zgyarmati";"https://github.com/django/django/pull/8029"
"1";"zsiciarz";"https://github.com/django/django/pull/7472"
"2";"zsiciarz";"https://github.com/django/django/pull/6823"
"3";"zsiciarz";"https://github.com/django/django/pull/2762"
"4";"zsiciarz";"https://github.com/django/django/pull/2481"
"5";"zsiciarz";"https://github.com/django/django/pull/2308"
"6";"zsiciarz";"https://github.com/django/django/pull/2298"
"7";"zsiciarz";"https://github.com/django/django/pull/1098"
"8";"zsiciarz";"https://github.com/django/django/pull/781"
"1";"zw3n";"https://github.com/django/django/pull/7471"
"1";"zwernberg";"https://github.com/django/django/pull/7444"
