"1";"3dd13";"https://github.com/twbs/bootstrap/pull/21076"
"1";"a-moses";"https://github.com/twbs/bootstrap/pull/17803"
"1";"abvalentine";"https://github.com/twbs/bootstrap/pull/21046"
"1";"adammacias";"https://github.com/twbs/bootstrap/pull/20673"
"1";"akai";"https://github.com/twbs/bootstrap/pull/19932"
"1";"akamch";"https://github.com/twbs/bootstrap/pull/20694"
"1";"alanmoo";"https://github.com/twbs/bootstrap/pull/20963"
"1";"alberto";"https://github.com/twbs/bootstrap/pull/19308"
"2";"alberto";"https://github.com/twbs/bootstrap/pull/18904"
"3";"alberto";"https://github.com/twbs/bootstrap/pull/17808"
"4";"alberto";"https://github.com/twbs/bootstrap/pull/17707"
"1";"alcalyn";"https://github.com/twbs/bootstrap/pull/19817"
"1";"AlexNeises";"https://github.com/twbs/bootstrap/pull/22102"
"1";"aliceyoung9";"https://github.com/twbs/bootstrap/pull/21484"
"2";"aliceyoung9";"https://github.com/twbs/bootstrap/pull/20328"
"1";"allanchau";"https://github.com/twbs/bootstrap/pull/20413"
"1";"almirsarajcic";"https://github.com/twbs/bootstrap/pull/18089"
"1";"ameya-pandilwar";"https://github.com/twbs/bootstrap/pull/19337"
"2";"ameya-pandilwar";"https://github.com/twbs/bootstrap/pull/19157"
"1";"amygori";"https://github.com/twbs/bootstrap/pull/21664"
"1";"anantoghosh";"https://github.com/twbs/bootstrap/pull/20282"
"2";"anantoghosh";"https://github.com/twbs/bootstrap/pull/20246"
"1";"AndersMad";"https://github.com/twbs/bootstrap/pull/18093"
"1";"AndersSahlin";"https://github.com/twbs/bootstrap/pull/18844"
"1";"audionerd";"https://github.com/twbs/bootstrap/pull/17804"
"1";"bardiharborow";"https://github.com/twbs/bootstrap/pull/22233"
"2";"bardiharborow";"https://github.com/twbs/bootstrap/pull/22218"
"3";"bardiharborow";"https://github.com/twbs/bootstrap/pull/22213"
"4";"bardiharborow";"https://github.com/twbs/bootstrap/pull/22168"
"5";"bardiharborow";"https://github.com/twbs/bootstrap/pull/22167"
"6";"bardiharborow";"https://github.com/twbs/bootstrap/pull/22078"
"7";"bardiharborow";"https://github.com/twbs/bootstrap/pull/22066"
"8";"bardiharborow";"https://github.com/twbs/bootstrap/pull/22047"
"9";"bardiharborow";"https://github.com/twbs/bootstrap/pull/22039"
"10";"bardiharborow";"https://github.com/twbs/bootstrap/pull/21918"
"11";"bardiharborow";"https://github.com/twbs/bootstrap/pull/21816"
"12";"bardiharborow";"https://github.com/twbs/bootstrap/pull/21591"
"13";"bardiharborow";"https://github.com/twbs/bootstrap/pull/21558"
"14";"bardiharborow";"https://github.com/twbs/bootstrap/pull/21544"
"15";"bardiharborow";"https://github.com/twbs/bootstrap/pull/21543"
"16";"bardiharborow";"https://github.com/twbs/bootstrap/pull/21489"
"17";"bardiharborow";"https://github.com/twbs/bootstrap/pull/21480"
"18";"bardiharborow";"https://github.com/twbs/bootstrap/pull/21430"
"19";"bardiharborow";"https://github.com/twbs/bootstrap/pull/21420"
"20";"bardiharborow";"https://github.com/twbs/bootstrap/pull/21414"
"21";"bardiharborow";"https://github.com/twbs/bootstrap/pull/21404"
"22";"bardiharborow";"https://github.com/twbs/bootstrap/pull/21393"
"23";"bardiharborow";"https://github.com/twbs/bootstrap/pull/21374"
"24";"bardiharborow";"https://github.com/twbs/bootstrap/pull/21356"
"25";"bardiharborow";"https://github.com/twbs/bootstrap/pull/21288"
"26";"bardiharborow";"https://github.com/twbs/bootstrap/pull/21283"
"27";"bardiharborow";"https://github.com/twbs/bootstrap/pull/21282"
"28";"bardiharborow";"https://github.com/twbs/bootstrap/pull/21228"
"29";"bardiharborow";"https://github.com/twbs/bootstrap/pull/21227"
"30";"bardiharborow";"https://github.com/twbs/bootstrap/pull/21141"
"31";"bardiharborow";"https://github.com/twbs/bootstrap/pull/21140"
"32";"bardiharborow";"https://github.com/twbs/bootstrap/pull/21133"
"33";"bardiharborow";"https://github.com/twbs/bootstrap/pull/21122"
"34";"bardiharborow";"https://github.com/twbs/bootstrap/pull/21121"
"35";"bardiharborow";"https://github.com/twbs/bootstrap/pull/21108"
"36";"bardiharborow";"https://github.com/twbs/bootstrap/pull/21099"
"37";"bardiharborow";"https://github.com/twbs/bootstrap/pull/21049"
"38";"bardiharborow";"https://github.com/twbs/bootstrap/pull/21005"
"39";"bardiharborow";"https://github.com/twbs/bootstrap/pull/20966"
"40";"bardiharborow";"https://github.com/twbs/bootstrap/pull/20947"
"41";"bardiharborow";"https://github.com/twbs/bootstrap/pull/20915"
"42";"bardiharborow";"https://github.com/twbs/bootstrap/pull/20890"
"43";"bardiharborow";"https://github.com/twbs/bootstrap/pull/20876"
"44";"bardiharborow";"https://github.com/twbs/bootstrap/pull/20816"
"45";"bardiharborow";"https://github.com/twbs/bootstrap/pull/20562"
"46";"bardiharborow";"https://github.com/twbs/bootstrap/pull/20557"
"47";"bardiharborow";"https://github.com/twbs/bootstrap/pull/20555"
"48";"bardiharborow";"https://github.com/twbs/bootstrap/pull/20476"
"49";"bardiharborow";"https://github.com/twbs/bootstrap/pull/20446"
"50";"bardiharborow";"https://github.com/twbs/bootstrap/pull/20428"
"1";"bassjobsen";"https://github.com/twbs/bootstrap/pull/20447"
"2";"bassjobsen";"https://github.com/twbs/bootstrap/pull/19851"
"3";"bassjobsen";"https://github.com/twbs/bootstrap/pull/19793"
"4";"bassjobsen";"https://github.com/twbs/bootstrap/pull/18839"
"5";"bassjobsen";"https://github.com/twbs/bootstrap/pull/18741"
"6";"bassjobsen";"https://github.com/twbs/bootstrap/pull/18697"
"7";"bassjobsen";"https://github.com/twbs/bootstrap/pull/18695"
"8";"bassjobsen";"https://github.com/twbs/bootstrap/pull/18560"
"9";"bassjobsen";"https://github.com/twbs/bootstrap/pull/18511"
"10";"bassjobsen";"https://github.com/twbs/bootstrap/pull/18138"
"11";"bassjobsen";"https://github.com/twbs/bootstrap/pull/18135"
"12";"bassjobsen";"https://github.com/twbs/bootstrap/pull/18116"
"13";"bassjobsen";"https://github.com/twbs/bootstrap/pull/18099"
"14";"bassjobsen";"https://github.com/twbs/bootstrap/pull/14921"
"15";"bassjobsen";"https://github.com/twbs/bootstrap/pull/11499"
"16";"bassjobsen";"https://github.com/twbs/bootstrap/pull/8967"
"17";"bassjobsen";"https://github.com/twbs/bootstrap/pull/8454"
"18";"bassjobsen";"https://github.com/twbs/bootstrap/pull/8302"
"1";"beausmith";"https://github.com/twbs/bootstrap/pull/20734"
"1";"bhamodi";"https://github.com/twbs/bootstrap/pull/17880"
"2";"bhamodi";"https://github.com/twbs/bootstrap/pull/17879"
"3";"bhamodi";"https://github.com/twbs/bootstrap/pull/14881"
"1";"biokillos";"https://github.com/twbs/bootstrap/pull/17708"
"1";"bkdotcom";"https://github.com/twbs/bootstrap/pull/20995"
"1";"califrench";"https://github.com/twbs/bootstrap/pull/20475"
"1";"calvinf";"https://github.com/twbs/bootstrap/pull/18913"
"1";"cfleschhut";"https://github.com/twbs/bootstrap/pull/19389"
"1";"chrisbell08";"https://github.com/twbs/bootstrap/pull/17939"
"2";"chrisbell08";"https://github.com/twbs/bootstrap/pull/17733"
"3";"chrisbell08";"https://github.com/twbs/bootstrap/pull/17063"
"1";"coliff";"https://github.com/twbs/bootstrap/pull/21648"
"2";"coliff";"https://github.com/twbs/bootstrap/pull/21617"
"3";"coliff";"https://github.com/twbs/bootstrap/pull/21306"
"4";"coliff";"https://github.com/twbs/bootstrap/pull/20945"
"5";"coliff";"https://github.com/twbs/bootstrap/pull/17139"
"6";"coliff";"https://github.com/twbs/bootstrap/pull/15898"
"7";"coliff";"https://github.com/twbs/bootstrap/pull/15678"
"8";"coliff";"https://github.com/twbs/bootstrap/pull/12321"
"9";"coliff";"https://github.com/twbs/bootstrap/pull/10366"
"10";"coliff";"https://github.com/twbs/bootstrap/pull/10249"
"11";"coliff";"https://github.com/twbs/bootstrap/pull/9973"
"12";"coliff";"https://github.com/twbs/bootstrap/pull/9598"
"13";"coliff";"https://github.com/twbs/bootstrap/pull/4289"
"1";"coorasse";"https://github.com/twbs/bootstrap/pull/20795"
"1";"Corbzilla";"https://github.com/twbs/bootstrap/pull/17467"
"1";"cortopy";"https://github.com/twbs/bootstrap/pull/20441"
"1";"cquanu";"https://github.com/twbs/bootstrap/pull/21491"
"1";"CrispyBacon12";"https://github.com/twbs/bootstrap/pull/18888"
"1";"croaky";"https://github.com/twbs/bootstrap/pull/17769"
"1";"cssmonkey";"https://github.com/twbs/bootstrap/pull/18908"
"1";"cvrebert";"https://github.com/twbs/bootstrap/pull/18736"
"2";"cvrebert";"https://github.com/twbs/bootstrap/pull/18682"
"3";"cvrebert";"https://github.com/twbs/bootstrap/pull/18677"
"4";"cvrebert";"https://github.com/twbs/bootstrap/pull/18670"
"5";"cvrebert";"https://github.com/twbs/bootstrap/pull/18669"
"6";"cvrebert";"https://github.com/twbs/bootstrap/pull/18668"
"7";"cvrebert";"https://github.com/twbs/bootstrap/pull/18667"
"8";"cvrebert";"https://github.com/twbs/bootstrap/pull/18666"
"9";"cvrebert";"https://github.com/twbs/bootstrap/pull/18657"
"10";"cvrebert";"https://github.com/twbs/bootstrap/pull/18656"
"11";"cvrebert";"https://github.com/twbs/bootstrap/pull/18655"
"12";"cvrebert";"https://github.com/twbs/bootstrap/pull/18639"
"13";"cvrebert";"https://github.com/twbs/bootstrap/pull/18638"
"14";"cvrebert";"https://github.com/twbs/bootstrap/pull/18624"
"15";"cvrebert";"https://github.com/twbs/bootstrap/pull/18622"
"16";"cvrebert";"https://github.com/twbs/bootstrap/pull/18616"
"17";"cvrebert";"https://github.com/twbs/bootstrap/pull/18597"
"18";"cvrebert";"https://github.com/twbs/bootstrap/pull/18593"
"19";"cvrebert";"https://github.com/twbs/bootstrap/pull/18561"
"20";"cvrebert";"https://github.com/twbs/bootstrap/pull/18537"
"21";"cvrebert";"https://github.com/twbs/bootstrap/pull/18536"
"22";"cvrebert";"https://github.com/twbs/bootstrap/pull/18533"
"23";"cvrebert";"https://github.com/twbs/bootstrap/pull/18530"
"24";"cvrebert";"https://github.com/twbs/bootstrap/pull/18514"
"25";"cvrebert";"https://github.com/twbs/bootstrap/pull/18474"
"26";"cvrebert";"https://github.com/twbs/bootstrap/pull/18473"
"27";"cvrebert";"https://github.com/twbs/bootstrap/pull/18472"
"28";"cvrebert";"https://github.com/twbs/bootstrap/pull/18469"
"29";"cvrebert";"https://github.com/twbs/bootstrap/pull/18466"
"30";"cvrebert";"https://github.com/twbs/bootstrap/pull/18464"
"31";"cvrebert";"https://github.com/twbs/bootstrap/pull/18463"
"32";"cvrebert";"https://github.com/twbs/bootstrap/pull/18460"
"33";"cvrebert";"https://github.com/twbs/bootstrap/pull/18455"
"34";"cvrebert";"https://github.com/twbs/bootstrap/pull/18453"
"35";"cvrebert";"https://github.com/twbs/bootstrap/pull/18452"
"36";"cvrebert";"https://github.com/twbs/bootstrap/pull/18451"
"37";"cvrebert";"https://github.com/twbs/bootstrap/pull/18450"
"38";"cvrebert";"https://github.com/twbs/bootstrap/pull/18448"
"39";"cvrebert";"https://github.com/twbs/bootstrap/pull/18447"
"40";"cvrebert";"https://github.com/twbs/bootstrap/pull/18446"
"41";"cvrebert";"https://github.com/twbs/bootstrap/pull/18445"
"42";"cvrebert";"https://github.com/twbs/bootstrap/pull/18434"
"43";"cvrebert";"https://github.com/twbs/bootstrap/pull/18428"
"44";"cvrebert";"https://github.com/twbs/bootstrap/pull/18427"
"45";"cvrebert";"https://github.com/twbs/bootstrap/pull/18426"
"46";"cvrebert";"https://github.com/twbs/bootstrap/pull/18423"
"47";"cvrebert";"https://github.com/twbs/bootstrap/pull/18402"
"48";"cvrebert";"https://github.com/twbs/bootstrap/pull/18395"
"49";"cvrebert";"https://github.com/twbs/bootstrap/pull/18393"
"50";"cvrebert";"https://github.com/twbs/bootstrap/pull/18392"
"51";"cvrebert";"https://github.com/twbs/bootstrap/pull/18391"
"52";"cvrebert";"https://github.com/twbs/bootstrap/pull/18383"
"53";"cvrebert";"https://github.com/twbs/bootstrap/pull/18381"
"54";"cvrebert";"https://github.com/twbs/bootstrap/pull/18380"
"55";"cvrebert";"https://github.com/twbs/bootstrap/pull/18379"
"56";"cvrebert";"https://github.com/twbs/bootstrap/pull/18378"
"57";"cvrebert";"https://github.com/twbs/bootstrap/pull/18377"
"58";"cvrebert";"https://github.com/twbs/bootstrap/pull/18376"
"59";"cvrebert";"https://github.com/twbs/bootstrap/pull/18351"
"60";"cvrebert";"https://github.com/twbs/bootstrap/pull/18340"
"61";"cvrebert";"https://github.com/twbs/bootstrap/pull/18337"
"62";"cvrebert";"https://github.com/twbs/bootstrap/pull/18327"
"63";"cvrebert";"https://github.com/twbs/bootstrap/pull/18325"
"64";"cvrebert";"https://github.com/twbs/bootstrap/pull/18317"
"65";"cvrebert";"https://github.com/twbs/bootstrap/pull/18285"
"66";"cvrebert";"https://github.com/twbs/bootstrap/pull/18284"
"67";"cvrebert";"https://github.com/twbs/bootstrap/pull/18265"
"68";"cvrebert";"https://github.com/twbs/bootstrap/pull/18264"
"69";"cvrebert";"https://github.com/twbs/bootstrap/pull/18260"
"70";"cvrebert";"https://github.com/twbs/bootstrap/pull/18257"
"71";"cvrebert";"https://github.com/twbs/bootstrap/pull/18256"
"72";"cvrebert";"https://github.com/twbs/bootstrap/pull/18235"
"73";"cvrebert";"https://github.com/twbs/bootstrap/pull/18229"
"74";"cvrebert";"https://github.com/twbs/bootstrap/pull/18215"
"75";"cvrebert";"https://github.com/twbs/bootstrap/pull/18185"
"76";"cvrebert";"https://github.com/twbs/bootstrap/pull/18182"
"77";"cvrebert";"https://github.com/twbs/bootstrap/pull/18111"
"78";"cvrebert";"https://github.com/twbs/bootstrap/pull/18110"
"79";"cvrebert";"https://github.com/twbs/bootstrap/pull/18109"
"80";"cvrebert";"https://github.com/twbs/bootstrap/pull/18108"
"81";"cvrebert";"https://github.com/twbs/bootstrap/pull/18106"
"82";"cvrebert";"https://github.com/twbs/bootstrap/pull/18105"
"83";"cvrebert";"https://github.com/twbs/bootstrap/pull/18095"
"84";"cvrebert";"https://github.com/twbs/bootstrap/pull/18094"
"85";"cvrebert";"https://github.com/twbs/bootstrap/pull/18091"
"86";"cvrebert";"https://github.com/twbs/bootstrap/pull/18081"
"87";"cvrebert";"https://github.com/twbs/bootstrap/pull/18080"
"88";"cvrebert";"https://github.com/twbs/bootstrap/pull/18051"
"89";"cvrebert";"https://github.com/twbs/bootstrap/pull/18042"
"90";"cvrebert";"https://github.com/twbs/bootstrap/pull/18039"
"91";"cvrebert";"https://github.com/twbs/bootstrap/pull/18038"
"92";"cvrebert";"https://github.com/twbs/bootstrap/pull/18033"
"93";"cvrebert";"https://github.com/twbs/bootstrap/pull/18032"
"94";"cvrebert";"https://github.com/twbs/bootstrap/pull/18031"
"95";"cvrebert";"https://github.com/twbs/bootstrap/pull/18029"
"96";"cvrebert";"https://github.com/twbs/bootstrap/pull/18028"
"97";"cvrebert";"https://github.com/twbs/bootstrap/pull/17955"
"98";"cvrebert";"https://github.com/twbs/bootstrap/pull/17906"
"99";"cvrebert";"https://github.com/twbs/bootstrap/pull/17903"
"100";"cvrebert";"https://github.com/twbs/bootstrap/pull/17902"
"1";"cyrilkyburz";"https://github.com/twbs/bootstrap/pull/21064"
"1";"dangreen";"https://github.com/twbs/bootstrap/pull/20394"
"1";"Daniel15";"https://github.com/twbs/bootstrap/pull/21124"
"1";"darkdiesel";"https://github.com/twbs/bootstrap/pull/17949"
"1";"davidjb";"https://github.com/twbs/bootstrap/pull/19287"
"2";"davidjb";"https://github.com/twbs/bootstrap/pull/18982"
"3";"davidjb";"https://github.com/twbs/bootstrap/pull/18637"
"4";"davidjb";"https://github.com/twbs/bootstrap/pull/18149"
"5";"davidjb";"https://github.com/twbs/bootstrap/pull/18069"
"6";"davidjb";"https://github.com/twbs/bootstrap/pull/18055"
"7";"davidjb";"https://github.com/twbs/bootstrap/pull/17549"
"8";"davidjb";"https://github.com/twbs/bootstrap/pull/17520"
"9";"davidjb";"https://github.com/twbs/bootstrap/pull/17456"
"10";"davidjb";"https://github.com/twbs/bootstrap/pull/17299"
"1";"Deilv";"https://github.com/twbs/bootstrap/pull/17997"
"1";"dereckson";"https://github.com/twbs/bootstrap/pull/20017"
"1";"desheikh";"https://github.com/twbs/bootstrap/pull/21603"
"2";"desheikh";"https://github.com/twbs/bootstrap/pull/6039"
"1";"Devinsuit";"https://github.com/twbs/bootstrap/pull/22116"
"1";"dmethvin";"https://github.com/twbs/bootstrap/pull/20198"
"2";"dmethvin";"https://github.com/twbs/bootstrap/pull/20019"
"1";"dmytroyarmak";"https://github.com/twbs/bootstrap/pull/21796"
"1";"dumb";"https://github.com/twbs/bootstrap/pull/19920"
"2";"dumb";"https://github.com/twbs/bootstrap/pull/19919"
"1";"eddyerburgh";"https://github.com/twbs/bootstrap/pull/19847"
"1";"eigan";"https://github.com/twbs/bootstrap/pull/21024"
"1";"eiselzby";"https://github.com/twbs/bootstrap/pull/19955"
"1";"Elliot-Evans-95";"https://github.com/twbs/bootstrap/pull/21118"
"1";"entozoon";"https://github.com/twbs/bootstrap/pull/21234"
"1";"enzanki-ars";"https://github.com/twbs/bootstrap/pull/20537"
"1";"EPDTRAINER";"https://github.com/twbs/bootstrap/pull/21068"
"1";"ernbrn";"https://github.com/twbs/bootstrap/pull/21746"
"1";"ETNOL";"https://github.com/twbs/bootstrap/pull/21086"
"1";"ffoodd";"https://github.com/twbs/bootstrap/pull/22154"
"1";"flexbox";"https://github.com/twbs/bootstrap/pull/17542"
"1";"florisverburg";"https://github.com/twbs/bootstrap/pull/19476"
"2";"florisverburg";"https://github.com/twbs/bootstrap/pull/19459"
"1";"geoffrey";"https://github.com/twbs/bootstrap/pull/21331"
"1";"geskill";"https://github.com/twbs/bootstrap/pull/18915"
"1";"getsetbro";"https://github.com/twbs/bootstrap/pull/20850"
"1";"gettinToasty";"https://github.com/twbs/bootstrap/pull/22087"
"1";"gijsbotje";"https://github.com/twbs/bootstrap/pull/21716"
"2";"gijsbotje";"https://github.com/twbs/bootstrap/pull/21270"
"1";"gjsduarte";"https://github.com/twbs/bootstrap/pull/17558"
"1";"heath3";"https://github.com/twbs/bootstrap/pull/20101"
"1";"hebbet";"https://github.com/twbs/bootstrap/pull/20407"
"2";"hebbet";"https://github.com/twbs/bootstrap/pull/17025"
"3";"hebbet";"https://github.com/twbs/bootstrap/pull/12818"
"1";"heikojansen";"https://github.com/twbs/bootstrap/pull/19892"
"1";"henryw4k";"https://github.com/twbs/bootstrap/pull/18384"
"1";"hkdobrev";"https://github.com/twbs/bootstrap/pull/17505"
"2";"hkdobrev";"https://github.com/twbs/bootstrap/pull/15726"
"1";"HMUDesign";"https://github.com/twbs/bootstrap/pull/19757"
"1";"hzoo";"https://github.com/twbs/bootstrap/pull/17970"
"1";"iamravenous";"https://github.com/twbs/bootstrap/pull/20597"
"1";"intellix";"https://github.com/twbs/bootstrap/pull/22164"
"1";"J2TeaM";"https://github.com/twbs/bootstrap/pull/20658"
"2";"J2TeaM";"https://github.com/twbs/bootstrap/pull/20651"
"3";"J2TeaM";"https://github.com/twbs/bootstrap/pull/20642"
"1";"jackmu95";"https://github.com/twbs/bootstrap/pull/21397"
"1";"jackzzjack";"https://github.com/twbs/bootstrap/pull/17922"
"1";"jak";"https://github.com/twbs/bootstrap/pull/22147"
"1";"Jas-n";"https://github.com/twbs/bootstrap/pull/21980"
"1";"jch";"https://github.com/twbs/bootstrap/pull/18687"
"1";"jdorfman";"https://github.com/twbs/bootstrap/pull/18483"
"2";"jdorfman";"https://github.com/twbs/bootstrap/pull/10623"
"1";"jeradrutnam";"https://github.com/twbs/bootstrap/pull/20130"
"1";"Johann-S";"https://github.com/twbs/bootstrap/pull/22138"
"2";"Johann-S";"https://github.com/twbs/bootstrap/pull/21756"
"3";"Johann-S";"https://github.com/twbs/bootstrap/pull/21615"
"4";"Johann-S";"https://github.com/twbs/bootstrap/pull/21475"
"5";"Johann-S";"https://github.com/twbs/bootstrap/pull/21467"
"6";"Johann-S";"https://github.com/twbs/bootstrap/pull/21451"
"7";"Johann-S";"https://github.com/twbs/bootstrap/pull/21413"
"8";"Johann-S";"https://github.com/twbs/bootstrap/pull/21363"
"9";"Johann-S";"https://github.com/twbs/bootstrap/pull/21093"
"10";"Johann-S";"https://github.com/twbs/bootstrap/pull/20982"
"11";"Johann-S";"https://github.com/twbs/bootstrap/pull/20940"
"12";"Johann-S";"https://github.com/twbs/bootstrap/pull/19058"
"13";"Johann-S";"https://github.com/twbs/bootstrap/pull/18847"
"14";"Johann-S";"https://github.com/twbs/bootstrap/pull/18708"
"15";"Johann-S";"https://github.com/twbs/bootstrap/pull/18400"
"16";"Johann-S";"https://github.com/twbs/bootstrap/pull/18245"
"17";"Johann-S";"https://github.com/twbs/bootstrap/pull/17823"
"18";"Johann-S";"https://github.com/twbs/bootstrap/pull/17616"
"19";"Johann-S";"https://github.com/twbs/bootstrap/pull/17614"
"20";"Johann-S";"https://github.com/twbs/bootstrap/pull/17613"
"21";"Johann-S";"https://github.com/twbs/bootstrap/pull/17568"
"22";"Johann-S";"https://github.com/twbs/bootstrap/pull/17536"
"23";"Johann-S";"https://github.com/twbs/bootstrap/pull/16147"
"1";"jontewks";"https://github.com/twbs/bootstrap/pull/18148"
"1";"JPeer264";"https://github.com/twbs/bootstrap/pull/20938"
"1";"jshen212";"https://github.com/twbs/bootstrap/pull/19091"
"1";"ju1ius";"https://github.com/twbs/bootstrap/pull/18851"
"1";"judetucker";"https://github.com/twbs/bootstrap/pull/21035"
"2";"judetucker";"https://github.com/twbs/bootstrap/pull/21028"
"1";"kandros";"https://github.com/twbs/bootstrap/pull/19224"
"1";"KayLeung";"https://github.com/twbs/bootstrap/pull/19664"
"1";"kendaleiv";"https://github.com/twbs/bootstrap/pull/21214"
"1";"kevinkucharczyk";"https://github.com/twbs/bootstrap/pull/19370"
"1";"kkirsche";"https://github.com/twbs/bootstrap/pull/18214"
"2";"kkirsche";"https://github.com/twbs/bootstrap/pull/18077"
"3";"kkirsche";"https://github.com/twbs/bootstrap/pull/18011"
"4";"kkirsche";"https://github.com/twbs/bootstrap/pull/17900"
"5";"kkirsche";"https://github.com/twbs/bootstrap/pull/17817"
"6";"kkirsche";"https://github.com/twbs/bootstrap/pull/17289"
"7";"kkirsche";"https://github.com/twbs/bootstrap/pull/17277"
"8";"kkirsche";"https://github.com/twbs/bootstrap/pull/17235"
"9";"kkirsche";"https://github.com/twbs/bootstrap/pull/17207"
"10";"kkirsche";"https://github.com/twbs/bootstrap/pull/17190"
"11";"kkirsche";"https://github.com/twbs/bootstrap/pull/17189"
"12";"kkirsche";"https://github.com/twbs/bootstrap/pull/17188"
"13";"kkirsche";"https://github.com/twbs/bootstrap/pull/17187"
"14";"kkirsche";"https://github.com/twbs/bootstrap/pull/17185"
"15";"kkirsche";"https://github.com/twbs/bootstrap/pull/17184"
"16";"kkirsche";"https://github.com/twbs/bootstrap/pull/17183"
"17";"kkirsche";"https://github.com/twbs/bootstrap/pull/17181"
"18";"kkirsche";"https://github.com/twbs/bootstrap/pull/17168"
"19";"kkirsche";"https://github.com/twbs/bootstrap/pull/17161"
"20";"kkirsche";"https://github.com/twbs/bootstrap/pull/17159"
"21";"kkirsche";"https://github.com/twbs/bootstrap/pull/17156"
"22";"kkirsche";"https://github.com/twbs/bootstrap/pull/17153"
"23";"kkirsche";"https://github.com/twbs/bootstrap/pull/17147"
"24";"kkirsche";"https://github.com/twbs/bootstrap/pull/17146"
"25";"kkirsche";"https://github.com/twbs/bootstrap/pull/17140"
"26";"kkirsche";"https://github.com/twbs/bootstrap/pull/17138"
"27";"kkirsche";"https://github.com/twbs/bootstrap/pull/17137"
"28";"kkirsche";"https://github.com/twbs/bootstrap/pull/17120"
"29";"kkirsche";"https://github.com/twbs/bootstrap/pull/17069"
"30";"kkirsche";"https://github.com/twbs/bootstrap/pull/17065"
"31";"kkirsche";"https://github.com/twbs/bootstrap/pull/17059"
"32";"kkirsche";"https://github.com/twbs/bootstrap/pull/17058"
"33";"kkirsche";"https://github.com/twbs/bootstrap/pull/17012"
"34";"kkirsche";"https://github.com/twbs/bootstrap/pull/16975"
"35";"kkirsche";"https://github.com/twbs/bootstrap/pull/16762"
"36";"kkirsche";"https://github.com/twbs/bootstrap/pull/16684"
"37";"kkirsche";"https://github.com/twbs/bootstrap/pull/16672"
"38";"kkirsche";"https://github.com/twbs/bootstrap/pull/16651"
"39";"kkirsche";"https://github.com/twbs/bootstrap/pull/16632"
"40";"kkirsche";"https://github.com/twbs/bootstrap/pull/16589"
"41";"kkirsche";"https://github.com/twbs/bootstrap/pull/16579"
"42";"kkirsche";"https://github.com/twbs/bootstrap/pull/16504"
"43";"kkirsche";"https://github.com/twbs/bootstrap/pull/16485"
"44";"kkirsche";"https://github.com/twbs/bootstrap/pull/16484"
"45";"kkirsche";"https://github.com/twbs/bootstrap/pull/16462"
"46";"kkirsche";"https://github.com/twbs/bootstrap/pull/16457"
"47";"kkirsche";"https://github.com/twbs/bootstrap/pull/16004"
"48";"kkirsche";"https://github.com/twbs/bootstrap/pull/15965"
"49";"kkirsche";"https://github.com/twbs/bootstrap/pull/15964"
"50";"kkirsche";"https://github.com/twbs/bootstrap/pull/15961"
"51";"kkirsche";"https://github.com/twbs/bootstrap/pull/15945"
"52";"kkirsche";"https://github.com/twbs/bootstrap/pull/15929"
"53";"kkirsche";"https://github.com/twbs/bootstrap/pull/15923"
"54";"kkirsche";"https://github.com/twbs/bootstrap/pull/15916"
"55";"kkirsche";"https://github.com/twbs/bootstrap/pull/15908"
"56";"kkirsche";"https://github.com/twbs/bootstrap/pull/15905"
"57";"kkirsche";"https://github.com/twbs/bootstrap/pull/15900"
"58";"kkirsche";"https://github.com/twbs/bootstrap/pull/15828"
"59";"kkirsche";"https://github.com/twbs/bootstrap/pull/15826"
"60";"kkirsche";"https://github.com/twbs/bootstrap/pull/15773"
"61";"kkirsche";"https://github.com/twbs/bootstrap/pull/15772"
"62";"kkirsche";"https://github.com/twbs/bootstrap/pull/15742"
"63";"kkirsche";"https://github.com/twbs/bootstrap/pull/15728"
"64";"kkirsche";"https://github.com/twbs/bootstrap/pull/15703"
"65";"kkirsche";"https://github.com/twbs/bootstrap/pull/15699"
"66";"kkirsche";"https://github.com/twbs/bootstrap/pull/15697"
"67";"kkirsche";"https://github.com/twbs/bootstrap/pull/15662"
"68";"kkirsche";"https://github.com/twbs/bootstrap/pull/15658"
"69";"kkirsche";"https://github.com/twbs/bootstrap/pull/15628"
"1";"Kovah";"https://github.com/twbs/bootstrap/pull/20678"
"2";"Kovah";"https://github.com/twbs/bootstrap/pull/20677"
"1";"kukac7";"https://github.com/twbs/bootstrap/pull/20957"
"1";"kvlsrg";"https://github.com/twbs/bootstrap/pull/21626"
"1";"lachlanjc";"https://github.com/twbs/bootstrap/pull/18481"
"1";"lamby";"https://github.com/twbs/bootstrap/pull/19789"
"2";"lamby";"https://github.com/twbs/bootstrap/pull/9918"
"1";"lekkerduidelijk";"https://github.com/twbs/bootstrap/pull/22068"
"1";"lesleh";"https://github.com/twbs/bootstrap/pull/18356"
"2";"lesleh";"https://github.com/twbs/bootstrap/pull/17701"
"1";"lionelerard";"https://github.com/twbs/bootstrap/pull/19677"
"1";"lrstanley";"https://github.com/twbs/bootstrap/pull/17746"
"1";"lukeb-uk";"https://github.com/twbs/bootstrap/pull/17448"
"1";"MaartenvE";"https://github.com/twbs/bootstrap/pull/19348"
"1";"marciovicente";"https://github.com/twbs/bootstrap/pull/17919"
"1";"marcusmolchany";"https://github.com/twbs/bootstrap/pull/21806"
"1";"marios-zindilis";"https://github.com/twbs/bootstrap/pull/21736"
"1";"matheusazzi";"https://github.com/twbs/bootstrap/pull/20907"
"1";"mathisonian";"https://github.com/twbs/bootstrap/pull/18061"
"1";"matt-hernandez";"https://github.com/twbs/bootstrap/pull/17642"
"1";"matteason";"https://github.com/twbs/bootstrap/pull/21953"
"1";"MatthewRayfield";"https://github.com/twbs/bootstrap/pull/19735"
"1";"mauricew";"https://github.com/twbs/bootstrap/pull/17500"
"2";"mauricew";"https://github.com/twbs/bootstrap/pull/8402"
"1";"maxbeatty";"https://github.com/twbs/bootstrap/pull/21440"
"2";"maxbeatty";"https://github.com/twbs/bootstrap/pull/20467"
"3";"maxbeatty";"https://github.com/twbs/bootstrap/pull/20462"
"4";"maxbeatty";"https://github.com/twbs/bootstrap/pull/17221"
"1";"mdo";"https://github.com/twbs/bootstrap/pull/20825"
"2";"mdo";"https://github.com/twbs/bootstrap/pull/20701"
"3";"mdo";"https://github.com/twbs/bootstrap/pull/20700"
"4";"mdo";"https://github.com/twbs/bootstrap/pull/20699"
"5";"mdo";"https://github.com/twbs/bootstrap/pull/20697"
"6";"mdo";"https://github.com/twbs/bootstrap/pull/20696"
"7";"mdo";"https://github.com/twbs/bootstrap/pull/20695"
"8";"mdo";"https://github.com/twbs/bootstrap/pull/20684"
"9";"mdo";"https://github.com/twbs/bootstrap/pull/20682"
"10";"mdo";"https://github.com/twbs/bootstrap/pull/20672"
"11";"mdo";"https://github.com/twbs/bootstrap/pull/20671"
"12";"mdo";"https://github.com/twbs/bootstrap/pull/20667"
"13";"mdo";"https://github.com/twbs/bootstrap/pull/20666"
"14";"mdo";"https://github.com/twbs/bootstrap/pull/20665"
"15";"mdo";"https://github.com/twbs/bootstrap/pull/20629"
"16";"mdo";"https://github.com/twbs/bootstrap/pull/20627"
"17";"mdo";"https://github.com/twbs/bootstrap/pull/20626"
"18";"mdo";"https://github.com/twbs/bootstrap/pull/20625"
"19";"mdo";"https://github.com/twbs/bootstrap/pull/20553"
"20";"mdo";"https://github.com/twbs/bootstrap/pull/20552"
"21";"mdo";"https://github.com/twbs/bootstrap/pull/20551"
"22";"mdo";"https://github.com/twbs/bootstrap/pull/20545"
"23";"mdo";"https://github.com/twbs/bootstrap/pull/20418"
"24";"mdo";"https://github.com/twbs/bootstrap/pull/20417"
"25";"mdo";"https://github.com/twbs/bootstrap/pull/20387"
"26";"mdo";"https://github.com/twbs/bootstrap/pull/20372"
"27";"mdo";"https://github.com/twbs/bootstrap/pull/20361"
"28";"mdo";"https://github.com/twbs/bootstrap/pull/20349"
"29";"mdo";"https://github.com/twbs/bootstrap/pull/19890"
"30";"mdo";"https://github.com/twbs/bootstrap/pull/19889"
"31";"mdo";"https://github.com/twbs/bootstrap/pull/19885"
"32";"mdo";"https://github.com/twbs/bootstrap/pull/19863"
"33";"mdo";"https://github.com/twbs/bootstrap/pull/19862"
"34";"mdo";"https://github.com/twbs/bootstrap/pull/19861"
"35";"mdo";"https://github.com/twbs/bootstrap/pull/19234"
"36";"mdo";"https://github.com/twbs/bootstrap/pull/19141"
"37";"mdo";"https://github.com/twbs/bootstrap/pull/19140"
"38";"mdo";"https://github.com/twbs/bootstrap/pull/19139"
"39";"mdo";"https://github.com/twbs/bootstrap/pull/19137"
"40";"mdo";"https://github.com/twbs/bootstrap/pull/19136"
"41";"mdo";"https://github.com/twbs/bootstrap/pull/19121"
"42";"mdo";"https://github.com/twbs/bootstrap/pull/19105"
"43";"mdo";"https://github.com/twbs/bootstrap/pull/19104"
"44";"mdo";"https://github.com/twbs/bootstrap/pull/19103"
"45";"mdo";"https://github.com/twbs/bootstrap/pull/19102"
"46";"mdo";"https://github.com/twbs/bootstrap/pull/19099"
"47";"mdo";"https://github.com/twbs/bootstrap/pull/19098"
"48";"mdo";"https://github.com/twbs/bootstrap/pull/18921"
"49";"mdo";"https://github.com/twbs/bootstrap/pull/18920"
"50";"mdo";"https://github.com/twbs/bootstrap/pull/18814"
"51";"mdo";"https://github.com/twbs/bootstrap/pull/18807"
"52";"mdo";"https://github.com/twbs/bootstrap/pull/18783"
"53";"mdo";"https://github.com/twbs/bootstrap/pull/18782"
"54";"mdo";"https://github.com/twbs/bootstrap/pull/18774"
"55";"mdo";"https://github.com/twbs/bootstrap/pull/18772"
"56";"mdo";"https://github.com/twbs/bootstrap/pull/18771"
"57";"mdo";"https://github.com/twbs/bootstrap/pull/18760"
"58";"mdo";"https://github.com/twbs/bootstrap/pull/18752"
"59";"mdo";"https://github.com/twbs/bootstrap/pull/18479"
"60";"mdo";"https://github.com/twbs/bootstrap/pull/18255"
"61";"mdo";"https://github.com/twbs/bootstrap/pull/18254"
"62";"mdo";"https://github.com/twbs/bootstrap/pull/18253"
"63";"mdo";"https://github.com/twbs/bootstrap/pull/18252"
"64";"mdo";"https://github.com/twbs/bootstrap/pull/18251"
"65";"mdo";"https://github.com/twbs/bootstrap/pull/18250"
"66";"mdo";"https://github.com/twbs/bootstrap/pull/18249"
"67";"mdo";"https://github.com/twbs/bootstrap/pull/17259"
"68";"mdo";"https://github.com/twbs/bootstrap/pull/16922"
"69";"mdo";"https://github.com/twbs/bootstrap/pull/16921"
"70";"mdo";"https://github.com/twbs/bootstrap/pull/16477"
"71";"mdo";"https://github.com/twbs/bootstrap/pull/16472"
"72";"mdo";"https://github.com/twbs/bootstrap/pull/16381"
"73";"mdo";"https://github.com/twbs/bootstrap/pull/16234"
"74";"mdo";"https://github.com/twbs/bootstrap/pull/16176"
"75";"mdo";"https://github.com/twbs/bootstrap/pull/16175"
"76";"mdo";"https://github.com/twbs/bootstrap/pull/16174"
"77";"mdo";"https://github.com/twbs/bootstrap/pull/16159"
"78";"mdo";"https://github.com/twbs/bootstrap/pull/15611"
"79";"mdo";"https://github.com/twbs/bootstrap/pull/15604"
"80";"mdo";"https://github.com/twbs/bootstrap/pull/15594"
"81";"mdo";"https://github.com/twbs/bootstrap/pull/15086"
"82";"mdo";"https://github.com/twbs/bootstrap/pull/14900"
"83";"mdo";"https://github.com/twbs/bootstrap/pull/14891"
"84";"mdo";"https://github.com/twbs/bootstrap/pull/14673"
"85";"mdo";"https://github.com/twbs/bootstrap/pull/14667"
"86";"mdo";"https://github.com/twbs/bootstrap/pull/14566"
"87";"mdo";"https://github.com/twbs/bootstrap/pull/14564"
"88";"mdo";"https://github.com/twbs/bootstrap/pull/14563"
"89";"mdo";"https://github.com/twbs/bootstrap/pull/14444"
"90";"mdo";"https://github.com/twbs/bootstrap/pull/14058"
"91";"mdo";"https://github.com/twbs/bootstrap/pull/14050"
"92";"mdo";"https://github.com/twbs/bootstrap/pull/13861"
"93";"mdo";"https://github.com/twbs/bootstrap/pull/13860"
"94";"mdo";"https://github.com/twbs/bootstrap/pull/13859"
"95";"mdo";"https://github.com/twbs/bootstrap/pull/13857"
"96";"mdo";"https://github.com/twbs/bootstrap/pull/13768"
"97";"mdo";"https://github.com/twbs/bootstrap/pull/13542"
"98";"mdo";"https://github.com/twbs/bootstrap/pull/12989"
"99";"mdo";"https://github.com/twbs/bootstrap/pull/12840"
"100";"mdo";"https://github.com/twbs/bootstrap/pull/12690"
"1";"michael-k";"https://github.com/twbs/bootstrap/pull/17716"
"2";"michael-k";"https://github.com/twbs/bootstrap/pull/15903"
"1";"mikexstudios";"https://github.com/twbs/bootstrap/pull/18369"
"1";"mkroeders";"https://github.com/twbs/bootstrap/pull/19048"
"1";"morishitter";"https://github.com/twbs/bootstrap/pull/20225"
"1";"mourawaldson";"https://github.com/twbs/bootstrap/pull/21940"
"1";"mr-july";"https://github.com/twbs/bootstrap/pull/20304"
"1";"mxviteri";"https://github.com/twbs/bootstrap/pull/20768"
"1";"naicko";"https://github.com/twbs/bootstrap/pull/22151"
"1";"neilhem";"https://github.com/twbs/bootstrap/pull/19473"
"2";"neilhem";"https://github.com/twbs/bootstrap/pull/17596"
"3";"neilhem";"https://github.com/twbs/bootstrap/pull/17334"
"4";"neilhem";"https://github.com/twbs/bootstrap/pull/17333"
"5";"neilhem";"https://github.com/twbs/bootstrap/pull/11667"
"6";"neilhem";"https://github.com/twbs/bootstrap/pull/11567"
"7";"neilhem";"https://github.com/twbs/bootstrap/pull/9823"
"8";"neilhem";"https://github.com/twbs/bootstrap/pull/9286"
"9";"neilhem";"https://github.com/twbs/bootstrap/pull/9134"
"1";"nextgenthemes";"https://github.com/twbs/bootstrap/pull/22004"
"2";"nextgenthemes";"https://github.com/twbs/bootstrap/pull/17737"
"3";"nextgenthemes";"https://github.com/twbs/bootstrap/pull/8241"
"4";"nextgenthemes";"https://github.com/twbs/bootstrap/pull/6750"
"5";"nextgenthemes";"https://github.com/twbs/bootstrap/pull/4028"
"1";"nfatah";"https://github.com/twbs/bootstrap/pull/20409"
"1";"nickknissen";"https://github.com/twbs/bootstrap/pull/20705"
"1";"Nicolapps";"https://github.com/twbs/bootstrap/pull/19606"
"1";"NicoLB";"https://github.com/twbs/bootstrap/pull/20436"
"1";"ntkme";"https://github.com/twbs/bootstrap/pull/19739"
"1";"nunoarruda";"https://github.com/twbs/bootstrap/pull/21485"
"1";"okmr-d";"https://github.com/twbs/bootstrap/pull/19855"
"1";"ounziw";"https://github.com/twbs/bootstrap/pull/21204"
"1";"ow-any";"https://github.com/twbs/bootstrap/pull/20333"
"1";"pat270";"https://github.com/twbs/bootstrap/pull/20341"
"1";"patrickhlauke";"https://github.com/twbs/bootstrap/pull/21850"
"2";"patrickhlauke";"https://github.com/twbs/bootstrap/pull/21730"
"3";"patrickhlauke";"https://github.com/twbs/bootstrap/pull/21672"
"4";"patrickhlauke";"https://github.com/twbs/bootstrap/pull/21095"
"5";"patrickhlauke";"https://github.com/twbs/bootstrap/pull/21089"
"6";"patrickhlauke";"https://github.com/twbs/bootstrap/pull/20962"
"7";"patrickhlauke";"https://github.com/twbs/bootstrap/pull/20821"
"8";"patrickhlauke";"https://github.com/twbs/bootstrap/pull/20765"
"9";"patrickhlauke";"https://github.com/twbs/bootstrap/pull/20764"
"10";"patrickhlauke";"https://github.com/twbs/bootstrap/pull/20370"
"11";"patrickhlauke";"https://github.com/twbs/bootstrap/pull/20329"
"12";"patrickhlauke";"https://github.com/twbs/bootstrap/pull/19879"
"13";"patrickhlauke";"https://github.com/twbs/bootstrap/pull/19874"
"14";"patrickhlauke";"https://github.com/twbs/bootstrap/pull/19714"
"15";"patrickhlauke";"https://github.com/twbs/bootstrap/pull/19705"
"16";"patrickhlauke";"https://github.com/twbs/bootstrap/pull/19704"
"17";"patrickhlauke";"https://github.com/twbs/bootstrap/pull/19435"
"18";"patrickhlauke";"https://github.com/twbs/bootstrap/pull/19434"
"19";"patrickhlauke";"https://github.com/twbs/bootstrap/pull/19411"
"20";"patrickhlauke";"https://github.com/twbs/bootstrap/pull/19277"
"21";"patrickhlauke";"https://github.com/twbs/bootstrap/pull/19273"
"22";"patrickhlauke";"https://github.com/twbs/bootstrap/pull/19259"
"23";"patrickhlauke";"https://github.com/twbs/bootstrap/pull/19256"
"24";"patrickhlauke";"https://github.com/twbs/bootstrap/pull/19255"
"25";"patrickhlauke";"https://github.com/twbs/bootstrap/pull/19233"
"26";"patrickhlauke";"https://github.com/twbs/bootstrap/pull/19232"
"27";"patrickhlauke";"https://github.com/twbs/bootstrap/pull/19222"
"28";"patrickhlauke";"https://github.com/twbs/bootstrap/pull/19201"
"29";"patrickhlauke";"https://github.com/twbs/bootstrap/pull/18935"
"30";"patrickhlauke";"https://github.com/twbs/bootstrap/pull/18819"
"31";"patrickhlauke";"https://github.com/twbs/bootstrap/pull/18700"
"32";"patrickhlauke";"https://github.com/twbs/bootstrap/pull/18699"
"33";"patrickhlauke";"https://github.com/twbs/bootstrap/pull/18690"
"34";"patrickhlauke";"https://github.com/twbs/bootstrap/pull/18686"
"35";"patrickhlauke";"https://github.com/twbs/bootstrap/pull/18685"
"36";"patrickhlauke";"https://github.com/twbs/bootstrap/pull/18680"
"37";"patrickhlauke";"https://github.com/twbs/bootstrap/pull/18679"
"38";"patrickhlauke";"https://github.com/twbs/bootstrap/pull/18678"
"39";"patrickhlauke";"https://github.com/twbs/bootstrap/pull/18675"
"40";"patrickhlauke";"https://github.com/twbs/bootstrap/pull/18662"
"41";"patrickhlauke";"https://github.com/twbs/bootstrap/pull/18654"
"42";"patrickhlauke";"https://github.com/twbs/bootstrap/pull/18648"
"43";"patrickhlauke";"https://github.com/twbs/bootstrap/pull/18614"
"44";"patrickhlauke";"https://github.com/twbs/bootstrap/pull/18541"
"45";"patrickhlauke";"https://github.com/twbs/bootstrap/pull/18531"
"46";"patrickhlauke";"https://github.com/twbs/bootstrap/pull/18288"
"47";"patrickhlauke";"https://github.com/twbs/bootstrap/pull/18266"
"48";"patrickhlauke";"https://github.com/twbs/bootstrap/pull/18244"
"49";"patrickhlauke";"https://github.com/twbs/bootstrap/pull/17945"
"50";"patrickhlauke";"https://github.com/twbs/bootstrap/pull/17875"
"51";"patrickhlauke";"https://github.com/twbs/bootstrap/pull/17793"
"52";"patrickhlauke";"https://github.com/twbs/bootstrap/pull/17477"
"53";"patrickhlauke";"https://github.com/twbs/bootstrap/pull/16793"
"54";"patrickhlauke";"https://github.com/twbs/bootstrap/pull/16623"
"55";"patrickhlauke";"https://github.com/twbs/bootstrap/pull/16571"
"56";"patrickhlauke";"https://github.com/twbs/bootstrap/pull/16561"
"57";"patrickhlauke";"https://github.com/twbs/bootstrap/pull/16404"
"58";"patrickhlauke";"https://github.com/twbs/bootstrap/pull/16398"
"59";"patrickhlauke";"https://github.com/twbs/bootstrap/pull/16226"
"60";"patrickhlauke";"https://github.com/twbs/bootstrap/pull/16167"
"61";"patrickhlauke";"https://github.com/twbs/bootstrap/pull/16154"
"62";"patrickhlauke";"https://github.com/twbs/bootstrap/pull/16140"
"63";"patrickhlauke";"https://github.com/twbs/bootstrap/pull/16136"
"64";"patrickhlauke";"https://github.com/twbs/bootstrap/pull/15974"
"65";"patrickhlauke";"https://github.com/twbs/bootstrap/pull/15947"
"66";"patrickhlauke";"https://github.com/twbs/bootstrap/pull/15861"
"67";"patrickhlauke";"https://github.com/twbs/bootstrap/pull/15860"
"68";"patrickhlauke";"https://github.com/twbs/bootstrap/pull/15714"
"69";"patrickhlauke";"https://github.com/twbs/bootstrap/pull/15710"
"70";"patrickhlauke";"https://github.com/twbs/bootstrap/pull/15363"
"71";"patrickhlauke";"https://github.com/twbs/bootstrap/pull/15334"
"72";"patrickhlauke";"https://github.com/twbs/bootstrap/pull/15330"
"73";"patrickhlauke";"https://github.com/twbs/bootstrap/pull/15327"
"74";"patrickhlauke";"https://github.com/twbs/bootstrap/pull/15320"
"75";"patrickhlauke";"https://github.com/twbs/bootstrap/pull/15139"
"76";"patrickhlauke";"https://github.com/twbs/bootstrap/pull/15133"
"77";"patrickhlauke";"https://github.com/twbs/bootstrap/pull/15125"
"78";"patrickhlauke";"https://github.com/twbs/bootstrap/pull/15087"
"79";"patrickhlauke";"https://github.com/twbs/bootstrap/pull/15085"
"80";"patrickhlauke";"https://github.com/twbs/bootstrap/pull/15009"
"81";"patrickhlauke";"https://github.com/twbs/bootstrap/pull/13461"
"82";"patrickhlauke";"https://github.com/twbs/bootstrap/pull/6441"
"1";"pcameron-";"https://github.com/twbs/bootstrap/pull/21399"
"1";"petetnt";"https://github.com/twbs/bootstrap/pull/18501"
"2";"petetnt";"https://github.com/twbs/bootstrap/pull/17670"
"3";"petetnt";"https://github.com/twbs/bootstrap/pull/17336"
"4";"petetnt";"https://github.com/twbs/bootstrap/pull/17204"
"5";"petetnt";"https://github.com/twbs/bootstrap/pull/17047"
"1";"pixelbandito";"https://github.com/twbs/bootstrap/pull/20973"
"2";"pixelbandito";"https://github.com/twbs/bootstrap/pull/20698"
"3";"pixelbandito";"https://github.com/twbs/bootstrap/pull/17481"
"1";"pra85";"https://github.com/twbs/bootstrap/pull/19050"
"1";"Prelc";"https://github.com/twbs/bootstrap/pull/17749"
"1";"prose100";"https://github.com/twbs/bootstrap/pull/19312"
"1";"psychobunny";"https://github.com/twbs/bootstrap/pull/17485"
"1";"Pvanhesteren";"https://github.com/twbs/bootstrap/pull/19409"
"2";"Pvanhesteren";"https://github.com/twbs/bootstrap/pull/19408"
"1";"Quy";"https://github.com/twbs/bootstrap/pull/21815"
"2";"Quy";"https://github.com/twbs/bootstrap/pull/21809"
"3";"Quy";"https://github.com/twbs/bootstrap/pull/21566"
"4";"Quy";"https://github.com/twbs/bootstrap/pull/21565"
"5";"Quy";"https://github.com/twbs/bootstrap/pull/21542"
"6";"Quy";"https://github.com/twbs/bootstrap/pull/21525"
"7";"Quy";"https://github.com/twbs/bootstrap/pull/21521"
"8";"Quy";"https://github.com/twbs/bootstrap/pull/21515"
"9";"Quy";"https://github.com/twbs/bootstrap/pull/21501"
"10";"Quy";"https://github.com/twbs/bootstrap/pull/21500"
"11";"Quy";"https://github.com/twbs/bootstrap/pull/21494"
"12";"Quy";"https://github.com/twbs/bootstrap/pull/21488"
"13";"Quy";"https://github.com/twbs/bootstrap/pull/21474"
"14";"Quy";"https://github.com/twbs/bootstrap/pull/21471"
"15";"Quy";"https://github.com/twbs/bootstrap/pull/21470"
"16";"Quy";"https://github.com/twbs/bootstrap/pull/21456"
"17";"Quy";"https://github.com/twbs/bootstrap/pull/21447"
"18";"Quy";"https://github.com/twbs/bootstrap/pull/21438"
"19";"Quy";"https://github.com/twbs/bootstrap/pull/21424"
"20";"Quy";"https://github.com/twbs/bootstrap/pull/21422"
"21";"Quy";"https://github.com/twbs/bootstrap/pull/21406"
"22";"Quy";"https://github.com/twbs/bootstrap/pull/19089"
"23";"Quy";"https://github.com/twbs/bootstrap/pull/18912"
"24";"Quy";"https://github.com/twbs/bootstrap/pull/18906"
"25";"Quy";"https://github.com/twbs/bootstrap/pull/18567"
"26";"Quy";"https://github.com/twbs/bootstrap/pull/18563"
"27";"Quy";"https://github.com/twbs/bootstrap/pull/15258"
"28";"Quy";"https://github.com/twbs/bootstrap/pull/15156"
"29";"Quy";"https://github.com/twbs/bootstrap/pull/15126"
"30";"Quy";"https://github.com/twbs/bootstrap/pull/14691"
"31";"Quy";"https://github.com/twbs/bootstrap/pull/13536"
"32";"Quy";"https://github.com/twbs/bootstrap/pull/13504"
"33";"Quy";"https://github.com/twbs/bootstrap/pull/13408"
"34";"Quy";"https://github.com/twbs/bootstrap/pull/12671"
"35";"Quy";"https://github.com/twbs/bootstrap/pull/12668"
"36";"Quy";"https://github.com/twbs/bootstrap/pull/12403"
"37";"Quy";"https://github.com/twbs/bootstrap/pull/12366"
"38";"Quy";"https://github.com/twbs/bootstrap/pull/12365"
"39";"Quy";"https://github.com/twbs/bootstrap/pull/12334"
"40";"Quy";"https://github.com/twbs/bootstrap/pull/12304"
"41";"Quy";"https://github.com/twbs/bootstrap/pull/12302"
"42";"Quy";"https://github.com/twbs/bootstrap/pull/12297"
"43";"Quy";"https://github.com/twbs/bootstrap/pull/12287"
"44";"Quy";"https://github.com/twbs/bootstrap/pull/12115"
"45";"Quy";"https://github.com/twbs/bootstrap/pull/12099"
"46";"Quy";"https://github.com/twbs/bootstrap/pull/12095"
"47";"Quy";"https://github.com/twbs/bootstrap/pull/12092"
"48";"Quy";"https://github.com/twbs/bootstrap/pull/12081"
"49";"Quy";"https://github.com/twbs/bootstrap/pull/12080"
"50";"Quy";"https://github.com/twbs/bootstrap/pull/10865"
"51";"Quy";"https://github.com/twbs/bootstrap/pull/8341"
"52";"Quy";"https://github.com/twbs/bootstrap/pull/8244"
"53";"Quy";"https://github.com/twbs/bootstrap/pull/6591"
"54";"Quy";"https://github.com/twbs/bootstrap/pull/6360"
"55";"Quy";"https://github.com/twbs/bootstrap/pull/6165"
"56";"Quy";"https://github.com/twbs/bootstrap/pull/6143"
"1";"QWp6t";"https://github.com/twbs/bootstrap/pull/18575"
"1";"rafaelstz";"https://github.com/twbs/bootstrap/pull/20853"
"1";"ramaboo";"https://github.com/twbs/bootstrap/pull/20994"
"1";"rbarysas";"https://github.com/twbs/bootstrap/pull/17553"
"2";"rbarysas";"https://github.com/twbs/bootstrap/pull/17545"
"1";"rclai";"https://github.com/twbs/bootstrap/pull/17693"
"2";"rclai";"https://github.com/twbs/bootstrap/pull/16877"
"1";"risan";"https://github.com/twbs/bootstrap/pull/17954"
"1";"rishabh-rajgarhia";"https://github.com/twbs/bootstrap/pull/21597"
"1";"rluba";"https://github.com/twbs/bootstrap/pull/20330"
"1";"RobRuana";"https://github.com/twbs/bootstrap/pull/21056"
"1";"roooodcastro";"https://github.com/twbs/bootstrap/pull/21058"
"2";"roooodcastro";"https://github.com/twbs/bootstrap/pull/20898"
"1";"rosskevin";"https://github.com/twbs/bootstrap/pull/18981"
"1";"roura356a";"https://github.com/twbs/bootstrap/pull/21050"
"1";"Rplus";"https://github.com/twbs/bootstrap/pull/19756"
"1";"rtack";"https://github.com/twbs/bootstrap/pull/18891"
"2";"rtack";"https://github.com/twbs/bootstrap/pull/17608"
"1";"ruedap";"https://github.com/twbs/bootstrap/pull/18938"
"1";"rwaltenberg";"https://github.com/twbs/bootstrap/pull/21111"
"1";"ryanburnett";"https://github.com/twbs/bootstrap/pull/19887"
"1";"sajadtorkamani";"https://github.com/twbs/bootstrap/pull/19146"
"1";"SamHH";"https://github.com/twbs/bootstrap/pull/18716"
"1";"samrap";"https://github.com/twbs/bootstrap/pull/22093"
"1";"satsukitv";"https://github.com/twbs/bootstrap/pull/19328"
"1";"sbaechler";"https://github.com/twbs/bootstrap/pull/20951"
"1";"schliflo";"https://github.com/twbs/bootstrap/pull/21171"
"1";"sergej2705";"https://github.com/twbs/bootstrap/pull/18518"
"1";"sergiopantoja";"https://github.com/twbs/bootstrap/pull/21533"
"1";"sophiegit";"https://github.com/twbs/bootstrap/pull/21285"
"1";"Starsam80";"https://github.com/twbs/bootstrap/pull/22125"
"2";"Starsam80";"https://github.com/twbs/bootstrap/pull/21443"
"3";"Starsam80";"https://github.com/twbs/bootstrap/pull/21436"
"4";"Starsam80";"https://github.com/twbs/bootstrap/pull/21432"
"5";"Starsam80";"https://github.com/twbs/bootstrap/pull/21292"
"6";"Starsam80";"https://github.com/twbs/bootstrap/pull/21238"
"7";"Starsam80";"https://github.com/twbs/bootstrap/pull/21226"
"8";"Starsam80";"https://github.com/twbs/bootstrap/pull/21222"
"9";"Starsam80";"https://github.com/twbs/bootstrap/pull/21220"
"10";"Starsam80";"https://github.com/twbs/bootstrap/pull/21218"
"11";"Starsam80";"https://github.com/twbs/bootstrap/pull/21217"
"12";"Starsam80";"https://github.com/twbs/bootstrap/pull/21036"
"13";"Starsam80";"https://github.com/twbs/bootstrap/pull/21019"
"14";"Starsam80";"https://github.com/twbs/bootstrap/pull/20903"
"15";"Starsam80";"https://github.com/twbs/bootstrap/pull/20489"
"1";"Stavrus";"https://github.com/twbs/bootstrap/pull/17447"
"1";"stefan-staynov";"https://github.com/twbs/bootstrap/pull/21052"
"1";"stephaniepurvis";"https://github.com/twbs/bootstrap/pull/19024"
"2";"stephaniepurvis";"https://github.com/twbs/bootstrap/pull/18398"
"1";"stephen-puiszis";"https://github.com/twbs/bootstrap/pull/21215"
"1";"strayobject";"https://github.com/twbs/bootstrap/pull/21338"
"1";"supergibbs";"https://github.com/twbs/bootstrap/pull/21541"
"2";"supergibbs";"https://github.com/twbs/bootstrap/pull/21346"
"3";"supergibbs";"https://github.com/twbs/bootstrap/pull/20386"
"4";"supergibbs";"https://github.com/twbs/bootstrap/pull/18717"
"5";"supergibbs";"https://github.com/twbs/bootstrap/pull/17952"
"6";"supergibbs";"https://github.com/twbs/bootstrap/pull/17946"
"7";"supergibbs";"https://github.com/twbs/bootstrap/pull/17944"
"8";"supergibbs";"https://github.com/twbs/bootstrap/pull/17427"
"9";"supergibbs";"https://github.com/twbs/bootstrap/pull/17038"
"10";"supergibbs";"https://github.com/twbs/bootstrap/pull/16710"
"11";"supergibbs";"https://github.com/twbs/bootstrap/pull/16560"
"12";"supergibbs";"https://github.com/twbs/bootstrap/pull/16492"
"13";"supergibbs";"https://github.com/twbs/bootstrap/pull/12813"
"14";"supergibbs";"https://github.com/twbs/bootstrap/pull/12462"
"15";"supergibbs";"https://github.com/twbs/bootstrap/pull/12043"
"16";"supergibbs";"https://github.com/twbs/bootstrap/pull/11970"
"17";"supergibbs";"https://github.com/twbs/bootstrap/pull/11614"
"1";"szastupov";"https://github.com/twbs/bootstrap/pull/21368"
"1";"tagliala";"https://github.com/twbs/bootstrap/pull/21821"
"2";"tagliala";"https://github.com/twbs/bootstrap/pull/21813"
"3";"tagliala";"https://github.com/twbs/bootstrap/pull/21747"
"4";"tagliala";"https://github.com/twbs/bootstrap/pull/20250"
"5";"tagliala";"https://github.com/twbs/bootstrap/pull/18734"
"6";"tagliala";"https://github.com/twbs/bootstrap/pull/18354"
"7";"tagliala";"https://github.com/twbs/bootstrap/pull/17241"
"8";"tagliala";"https://github.com/twbs/bootstrap/pull/15606"
"9";"tagliala";"https://github.com/twbs/bootstrap/pull/12433"
"10";"tagliala";"https://github.com/twbs/bootstrap/pull/11248"
"11";"tagliala";"https://github.com/twbs/bootstrap/pull/11107"
"12";"tagliala";"https://github.com/twbs/bootstrap/pull/10374"
"13";"tagliala";"https://github.com/twbs/bootstrap/pull/10256"
"14";"tagliala";"https://github.com/twbs/bootstrap/pull/9930"
"15";"tagliala";"https://github.com/twbs/bootstrap/pull/8599"
"1";"Theriault";"https://github.com/twbs/bootstrap/pull/22176"
"1";"TiGR";"https://github.com/twbs/bootstrap/pull/20646"
"2";"TiGR";"https://github.com/twbs/bootstrap/pull/19204"
"1";"tomhorvat";"https://github.com/twbs/bootstrap/pull/21004"
"1";"tomkel";"https://github.com/twbs/bootstrap/pull/17727"
"2";"tomkel";"https://github.com/twbs/bootstrap/pull/17726"
"1";"tomlutzenberger";"https://github.com/twbs/bootstrap/pull/21345"
"2";"tomlutzenberger";"https://github.com/twbs/bootstrap/pull/20295"
"3";"tomlutzenberger";"https://github.com/twbs/bootstrap/pull/20294"
"1";"tpoulos";"https://github.com/twbs/bootstrap/pull/18401"
"1";"tracker1";"https://github.com/twbs/bootstrap/pull/19541"
"1";"tshinnic";"https://github.com/twbs/bootstrap/pull/18050"
"2";"tshinnic";"https://github.com/twbs/bootstrap/pull/17980"
"1";"TwistedHardware";"https://github.com/twbs/bootstrap/pull/19016"
"1";"vanduynslagerp";"https://github.com/twbs/bootstrap/pull/22234"
"2";"vanduynslagerp";"https://github.com/twbs/bootstrap/pull/21971"
"3";"vanduynslagerp";"https://github.com/twbs/bootstrap/pull/21788"
"4";"vanduynslagerp";"https://github.com/twbs/bootstrap/pull/21774"
"5";"vanduynslagerp";"https://github.com/twbs/bootstrap/pull/21722"
"6";"vanduynslagerp";"https://github.com/twbs/bootstrap/pull/21709"
"7";"vanduynslagerp";"https://github.com/twbs/bootstrap/pull/21697"
"8";"vanduynslagerp";"https://github.com/twbs/bootstrap/pull/21696"
"9";"vanduynslagerp";"https://github.com/twbs/bootstrap/pull/21674"
"10";"vanduynslagerp";"https://github.com/twbs/bootstrap/pull/21673"
"11";"vanduynslagerp";"https://github.com/twbs/bootstrap/pull/21671"
"12";"vanduynslagerp";"https://github.com/twbs/bootstrap/pull/21653"
"13";"vanduynslagerp";"https://github.com/twbs/bootstrap/pull/21579"
"14";"vanduynslagerp";"https://github.com/twbs/bootstrap/pull/21578"
"15";"vanduynslagerp";"https://github.com/twbs/bootstrap/pull/21536"
"16";"vanduynslagerp";"https://github.com/twbs/bootstrap/pull/21534"
"17";"vanduynslagerp";"https://github.com/twbs/bootstrap/pull/21465"
"18";"vanduynslagerp";"https://github.com/twbs/bootstrap/pull/21375"
"19";"vanduynslagerp";"https://github.com/twbs/bootstrap/pull/20964"
"20";"vanduynslagerp";"https://github.com/twbs/bootstrap/pull/20434"
"21";"vanduynslagerp";"https://github.com/twbs/bootstrap/pull/19953"
"1";"vanillajonathan";"https://github.com/twbs/bootstrap/pull/21519"
"2";"vanillajonathan";"https://github.com/twbs/bootstrap/pull/21062"
"3";"vanillajonathan";"https://github.com/twbs/bootstrap/pull/20519"
"4";"vanillajonathan";"https://github.com/twbs/bootstrap/pull/20505"
"5";"vanillajonathan";"https://github.com/twbs/bootstrap/pull/18286"
"1";"VarelloThemes";"https://github.com/twbs/bootstrap/pull/20715"
"1";"vicary";"https://github.com/twbs/bootstrap/pull/18500"
"1";"vlastikcz";"https://github.com/twbs/bootstrap/pull/18900"
"1";"vsn4ik";"https://github.com/twbs/bootstrap/pull/21508"
"2";"vsn4ik";"https://github.com/twbs/bootstrap/pull/20882"
"3";"vsn4ik";"https://github.com/twbs/bootstrap/pull/20858"
"4";"vsn4ik";"https://github.com/twbs/bootstrap/pull/19667"
"5";"vsn4ik";"https://github.com/twbs/bootstrap/pull/19144"
"6";"vsn4ik";"https://github.com/twbs/bootstrap/pull/19115"
"7";"vsn4ik";"https://github.com/twbs/bootstrap/pull/18489"
"8";"vsn4ik";"https://github.com/twbs/bootstrap/pull/18488"
"9";"vsn4ik";"https://github.com/twbs/bootstrap/pull/18486"
"10";"vsn4ik";"https://github.com/twbs/bootstrap/pull/18442"
"11";"vsn4ik";"https://github.com/twbs/bootstrap/pull/18388"
"12";"vsn4ik";"https://github.com/twbs/bootstrap/pull/18246"
"13";"vsn4ik";"https://github.com/twbs/bootstrap/pull/18013"
"14";"vsn4ik";"https://github.com/twbs/bootstrap/pull/17589"
"15";"vsn4ik";"https://github.com/twbs/bootstrap/pull/17521"
"16";"vsn4ik";"https://github.com/twbs/bootstrap/pull/17495"
"17";"vsn4ik";"https://github.com/twbs/bootstrap/pull/17451"
"18";"vsn4ik";"https://github.com/twbs/bootstrap/pull/17236"
"19";"vsn4ik";"https://github.com/twbs/bootstrap/pull/16679"
"20";"vsn4ik";"https://github.com/twbs/bootstrap/pull/16471"
"21";"vsn4ik";"https://github.com/twbs/bootstrap/pull/16369"
"22";"vsn4ik";"https://github.com/twbs/bootstrap/pull/16368"
"23";"vsn4ik";"https://github.com/twbs/bootstrap/pull/16224"
"24";"vsn4ik";"https://github.com/twbs/bootstrap/pull/15822"
"25";"vsn4ik";"https://github.com/twbs/bootstrap/pull/15307"
"26";"vsn4ik";"https://github.com/twbs/bootstrap/pull/15306"
"27";"vsn4ik";"https://github.com/twbs/bootstrap/pull/15305"
"28";"vsn4ik";"https://github.com/twbs/bootstrap/pull/15167"
"29";"vsn4ik";"https://github.com/twbs/bootstrap/pull/15166"
"30";"vsn4ik";"https://github.com/twbs/bootstrap/pull/14669"
"31";"vsn4ik";"https://github.com/twbs/bootstrap/pull/14612"
"32";"vsn4ik";"https://github.com/twbs/bootstrap/pull/14611"
"33";"vsn4ik";"https://github.com/twbs/bootstrap/pull/14488"
"34";"vsn4ik";"https://github.com/twbs/bootstrap/pull/14453"
"35";"vsn4ik";"https://github.com/twbs/bootstrap/pull/14452"
"36";"vsn4ik";"https://github.com/twbs/bootstrap/pull/14408"
"37";"vsn4ik";"https://github.com/twbs/bootstrap/pull/14388"
"38";"vsn4ik";"https://github.com/twbs/bootstrap/pull/14382"
"39";"vsn4ik";"https://github.com/twbs/bootstrap/pull/14240"
"40";"vsn4ik";"https://github.com/twbs/bootstrap/pull/14118"
"41";"vsn4ik";"https://github.com/twbs/bootstrap/pull/14113"
"42";"vsn4ik";"https://github.com/twbs/bootstrap/pull/14112"
"43";"vsn4ik";"https://github.com/twbs/bootstrap/pull/13827"
"44";"vsn4ik";"https://github.com/twbs/bootstrap/pull/11262"
"45";"vsn4ik";"https://github.com/twbs/bootstrap/pull/9793"
"46";"vsn4ik";"https://github.com/twbs/bootstrap/pull/9351"
"47";"vsn4ik";"https://github.com/twbs/bootstrap/pull/9081"
"1";"wizpig64";"https://github.com/twbs/bootstrap/pull/20033"
"1";"wolfika";"https://github.com/twbs/bootstrap/pull/17626"
"1";"wolfy1339";"https://github.com/twbs/bootstrap/pull/19469"
"1";"xcatliu";"https://github.com/twbs/bootstrap/pull/18987"
"2";"xcatliu";"https://github.com/twbs/bootstrap/pull/18986"
"1";"Xerkus";"https://github.com/twbs/bootstrap/pull/17682"
"1";"XhmikosR";"https://github.com/twbs/bootstrap/pull/20287"
"2";"XhmikosR";"https://github.com/twbs/bootstrap/pull/20267"
"3";"XhmikosR";"https://github.com/twbs/bootstrap/pull/20222"
"4";"XhmikosR";"https://github.com/twbs/bootstrap/pull/20201"
"5";"XhmikosR";"https://github.com/twbs/bootstrap/pull/20199"
"6";"XhmikosR";"https://github.com/twbs/bootstrap/pull/20196"
"7";"XhmikosR";"https://github.com/twbs/bootstrap/pull/19982"
"8";"XhmikosR";"https://github.com/twbs/bootstrap/pull/19894"
"9";"XhmikosR";"https://github.com/twbs/bootstrap/pull/19893"
"10";"XhmikosR";"https://github.com/twbs/bootstrap/pull/19572"
"11";"XhmikosR";"https://github.com/twbs/bootstrap/pull/19570"
"12";"XhmikosR";"https://github.com/twbs/bootstrap/pull/19549"
"13";"XhmikosR";"https://github.com/twbs/bootstrap/pull/19407"
"14";"XhmikosR";"https://github.com/twbs/bootstrap/pull/19404"
"15";"XhmikosR";"https://github.com/twbs/bootstrap/pull/19378"
"16";"XhmikosR";"https://github.com/twbs/bootstrap/pull/19333"
"17";"XhmikosR";"https://github.com/twbs/bootstrap/pull/19331"
"18";"XhmikosR";"https://github.com/twbs/bootstrap/pull/19029"
"19";"XhmikosR";"https://github.com/twbs/bootstrap/pull/19018"
"20";"XhmikosR";"https://github.com/twbs/bootstrap/pull/18432"
"21";"XhmikosR";"https://github.com/twbs/bootstrap/pull/18431"
"22";"XhmikosR";"https://github.com/twbs/bootstrap/pull/18267"
"23";"XhmikosR";"https://github.com/twbs/bootstrap/pull/18086"
"24";"XhmikosR";"https://github.com/twbs/bootstrap/pull/17751"
"25";"XhmikosR";"https://github.com/twbs/bootstrap/pull/17687"
"26";"XhmikosR";"https://github.com/twbs/bootstrap/pull/17662"
"27";"XhmikosR";"https://github.com/twbs/bootstrap/pull/17652"
"28";"XhmikosR";"https://github.com/twbs/bootstrap/pull/17646"
"29";"XhmikosR";"https://github.com/twbs/bootstrap/pull/17522"
"30";"XhmikosR";"https://github.com/twbs/bootstrap/pull/17519"
"31";"XhmikosR";"https://github.com/twbs/bootstrap/pull/17518"
"32";"XhmikosR";"https://github.com/twbs/bootstrap/pull/17494"
"33";"XhmikosR";"https://github.com/twbs/bootstrap/pull/17492"
"34";"XhmikosR";"https://github.com/twbs/bootstrap/pull/17491"
"35";"XhmikosR";"https://github.com/twbs/bootstrap/pull/17436"
"36";"XhmikosR";"https://github.com/twbs/bootstrap/pull/17435"
"37";"XhmikosR";"https://github.com/twbs/bootstrap/pull/17394"
"38";"XhmikosR";"https://github.com/twbs/bootstrap/pull/17393"
"39";"XhmikosR";"https://github.com/twbs/bootstrap/pull/17392"
"40";"XhmikosR";"https://github.com/twbs/bootstrap/pull/17384"
"41";"XhmikosR";"https://github.com/twbs/bootstrap/pull/17373"
"42";"XhmikosR";"https://github.com/twbs/bootstrap/pull/17370"
"43";"XhmikosR";"https://github.com/twbs/bootstrap/pull/17369"
"44";"XhmikosR";"https://github.com/twbs/bootstrap/pull/17368"
"45";"XhmikosR";"https://github.com/twbs/bootstrap/pull/16888"
"46";"XhmikosR";"https://github.com/twbs/bootstrap/pull/16887"
"47";"XhmikosR";"https://github.com/twbs/bootstrap/pull/16494"
"48";"XhmikosR";"https://github.com/twbs/bootstrap/pull/16392"
"49";"XhmikosR";"https://github.com/twbs/bootstrap/pull/16386"
"50";"XhmikosR";"https://github.com/twbs/bootstrap/pull/16384"
"51";"XhmikosR";"https://github.com/twbs/bootstrap/pull/16339"
"52";"XhmikosR";"https://github.com/twbs/bootstrap/pull/15851"
"53";"XhmikosR";"https://github.com/twbs/bootstrap/pull/15809"
"54";"XhmikosR";"https://github.com/twbs/bootstrap/pull/15779"
"55";"XhmikosR";"https://github.com/twbs/bootstrap/pull/15778"
"56";"XhmikosR";"https://github.com/twbs/bootstrap/pull/15708"
"57";"XhmikosR";"https://github.com/twbs/bootstrap/pull/15605"
"58";"XhmikosR";"https://github.com/twbs/bootstrap/pull/15583"
"59";"XhmikosR";"https://github.com/twbs/bootstrap/pull/15504"
"60";"XhmikosR";"https://github.com/twbs/bootstrap/pull/15503"
"61";"XhmikosR";"https://github.com/twbs/bootstrap/pull/15491"
"62";"XhmikosR";"https://github.com/twbs/bootstrap/pull/15294"
"63";"XhmikosR";"https://github.com/twbs/bootstrap/pull/15293"
"64";"XhmikosR";"https://github.com/twbs/bootstrap/pull/15292"
"65";"XhmikosR";"https://github.com/twbs/bootstrap/pull/15255"
"66";"XhmikosR";"https://github.com/twbs/bootstrap/pull/15183"
"67";"XhmikosR";"https://github.com/twbs/bootstrap/pull/15159"
"68";"XhmikosR";"https://github.com/twbs/bootstrap/pull/15134"
"69";"XhmikosR";"https://github.com/twbs/bootstrap/pull/15129"
"70";"XhmikosR";"https://github.com/twbs/bootstrap/pull/15121"
"71";"XhmikosR";"https://github.com/twbs/bootstrap/pull/14917"
"72";"XhmikosR";"https://github.com/twbs/bootstrap/pull/14904"
"73";"XhmikosR";"https://github.com/twbs/bootstrap/pull/14903"
"74";"XhmikosR";"https://github.com/twbs/bootstrap/pull/14885"
"75";"XhmikosR";"https://github.com/twbs/bootstrap/pull/14876"
"76";"XhmikosR";"https://github.com/twbs/bootstrap/pull/14871"
"77";"XhmikosR";"https://github.com/twbs/bootstrap/pull/14860"
"78";"XhmikosR";"https://github.com/twbs/bootstrap/pull/14847"
"79";"XhmikosR";"https://github.com/twbs/bootstrap/pull/14794"
"80";"XhmikosR";"https://github.com/twbs/bootstrap/pull/14790"
"81";"XhmikosR";"https://github.com/twbs/bootstrap/pull/14748"
"82";"XhmikosR";"https://github.com/twbs/bootstrap/pull/14746"
"83";"XhmikosR";"https://github.com/twbs/bootstrap/pull/14745"
"84";"XhmikosR";"https://github.com/twbs/bootstrap/pull/14743"
"85";"XhmikosR";"https://github.com/twbs/bootstrap/pull/14458"
"86";"XhmikosR";"https://github.com/twbs/bootstrap/pull/14047"
"87";"XhmikosR";"https://github.com/twbs/bootstrap/pull/14001"
"88";"XhmikosR";"https://github.com/twbs/bootstrap/pull/13942"
"89";"XhmikosR";"https://github.com/twbs/bootstrap/pull/13873"
"90";"XhmikosR";"https://github.com/twbs/bootstrap/pull/13793"
"91";"XhmikosR";"https://github.com/twbs/bootstrap/pull/13771"
"92";"XhmikosR";"https://github.com/twbs/bootstrap/pull/13579"
"93";"XhmikosR";"https://github.com/twbs/bootstrap/pull/13424"
"94";"XhmikosR";"https://github.com/twbs/bootstrap/pull/13388"
"95";"XhmikosR";"https://github.com/twbs/bootstrap/pull/13194"
"96";"XhmikosR";"https://github.com/twbs/bootstrap/pull/13189"
"97";"XhmikosR";"https://github.com/twbs/bootstrap/pull/13178"
"98";"XhmikosR";"https://github.com/twbs/bootstrap/pull/13151"
"99";"XhmikosR";"https://github.com/twbs/bootstrap/pull/13101"
"100";"XhmikosR";"https://github.com/twbs/bootstrap/pull/13091"
"1";"xtoolkit";"https://github.com/twbs/bootstrap/pull/21580"
"1";"ysds";"https://github.com/twbs/bootstrap/pull/21253"
"1";"zacechola";"https://github.com/twbs/bootstrap/pull/17576"
"2";"zacechola";"https://github.com/twbs/bootstrap/pull/17152"
"3";"zacechola";"https://github.com/twbs/bootstrap/pull/17133"
"4";"zacechola";"https://github.com/twbs/bootstrap/pull/17132"
"5";"zacechola";"https://github.com/twbs/bootstrap/pull/16965"
"6";"zacechola";"https://github.com/twbs/bootstrap/pull/16818"
"7";"zacechola";"https://github.com/twbs/bootstrap/pull/16215"
"8";"zacechola";"https://github.com/twbs/bootstrap/pull/15108"
"9";"zacechola";"https://github.com/twbs/bootstrap/pull/14011"
"1";"zalog";"https://github.com/twbs/bootstrap/pull/22027"
"2";"zalog";"https://github.com/twbs/bootstrap/pull/19977"
"3";"zalog";"https://github.com/twbs/bootstrap/pull/19926"
"4";"zalog";"https://github.com/twbs/bootstrap/pull/19915"
"5";"zalog";"https://github.com/twbs/bootstrap/pull/19762"
"6";"zalog";"https://github.com/twbs/bootstrap/pull/17930"
"7";"zalog";"https://github.com/twbs/bootstrap/pull/17756"
"8";"zalog";"https://github.com/twbs/bootstrap/pull/17655"
"9";"zalog";"https://github.com/twbs/bootstrap/pull/17638"
"10";"zalog";"https://github.com/twbs/bootstrap/pull/17418"
"11";"zalog";"https://github.com/twbs/bootstrap/pull/17252"
"12";"zalog";"https://github.com/twbs/bootstrap/pull/15244"
"1";"Zearin";"https://github.com/twbs/bootstrap/pull/17509"
