"angular-js";12113;4
"angular-js";12415;4
"angular-js";4117;4
"angular-js";7895;3
"angular-js";15086;2
"angular-js";11841;5
"angular-js";1691;1
"angular-js";4173;2
"angular-js";14135;7
"angular-js";6176;6
"angular-js";1196;7
"angular-js";9243;4
"angular-js";1851;5
"angular-js";13341;2
"angular-js";15517;6
"angular-js";4008;12
"angular-js";10810;3
"angular-js";6509;5
"angular-js";3158;0
"angular-js";10276;6
"angular-js";3851;7
"angular-js";7864;2
"angular-js";13770;5
"angular-js";11029;3
"angular-js";2231;0
"angular-js";11156;4
"angular-js";14696;6
"angular-js";15172;6
"angular-js";12247;4
"angular-js";2405;9
"angular-js";8291;3
"angular-js";6789;5
"angular-js";664;6
"angular-js";6409;4
"angular-js";3408;1
"angular-js";9168;2
"angular-js";10827;5
"angular-js";13534;2
"angular-js";5833;6
"angular-js";7450;6
"angular-js";15087;1
"angular-js";14179;6
"angular-js";5607;5
"bitcoin";4443;3
"bitcoin";5704;1
"bootstrap";12729;5
"bootstrap";673;1
"bootstrap";17430;2
"bootstrap";5101;2
"bootstrap";18916;0
"bootstrap";11875;1
"bootstrap";11576;1
"bootstrap";1900;1
"bootstrap";19772;3
"bootstrap";2815;2
"bootstrap";2600;1
"bootstrap";1005;1
"bootstrap";4520;0
"bootstrap";1471;2
"bootstrap";251;1
"bootstrap";6425;3
"bootstrap";14392;1
"bootstrap";648;1
"bootstrap";13518;0
"bootstrap";17794;1
"bootstrap";526;1
"bootstrap";6409;9
"bootstrap";7122;1
"bootstrap";17414;2
"bootstrap";1002;3
"bootstrap";3962;9
"bootstrap";2270;1
"bootstrap";4210;1
"bootstrap";18072;0
"bootstrap";5639;3
"bootstrap";15640;14
"bootstrap";9216;1
"bootstrap";4238;4
"bootstrap";319;1
"bootstrap";5733;1
"bootstrap";651;4
"bootstrap";2542;0
"bootstrap";5097;2
"bootstrap";13164;10
"bootstrap";15314;7
"bootstrap";17766;2
"bootstrap";6911;1
"bootstrap";9435;3
"bootstrap";3471;1
"bootstrap";4606;2
"bootstrap";7207;4
"bootstrap";16001;2
"bootstrap";13289;7
"bootstrap";16577;0
"bootstrap";7732;1
"bootstrap";14226;39
"bootstrap";6981;1
"bootstrap";3491;2
"bootstrap";2120;1
"bootstrap";6401;1
"bootstrap";15749;4
"bootstrap";16197;1
"bootstrap";13782;19
"bootstrap";10507;1
"bootstrap";6307;4
"bootstrap";19566;2
"bootstrap";7857;2
"bootstrap";8523;1
"bootstrap";6994;2
"bootstrap";3840;3
"bootstrap";17466;4
"bootstrap";10387;2
"bootstrap";5165;14
"bootstrap";277;2
"bootstrap";6027;1
"bootstrap";19068;1
"bootstrap";3751;1
"bootstrap";6671;1
"bootstrap";16155;3
"bootstrap";12777;0
"bootstrap";3668;1
"bootstrap";1061;0
"bootstrap";19129;1
"bootstrap";2826;1
"caffe";4763;0
"caffe";4360;8
"caffe";4334;0
"caffe";1920;3
"caffe";1018;4
"caffe";4370;1
"d3";2102;5
"d3";2011;1
"d3";1894;3
"d3";2052;3
"d3";856;1
"d3";1612;1
"d3";2782;1
"django";6953;1
"django";206;1
"django";7602;2
"django";91;2
"django";801;5
"django";5557;5
"django";5727;1
"django";7496;4
"django";6311;15
"django";8017;3
"django";1572;7
"django";2855;1
"django";7519;1
"django";5268;11
"django";305;2
"django";4496;6
"django";7666;0
"django";3176;2
"django";3872;1
"django";4956;0
"django";2574;9
"django";322;6
"django";392;4
"django";5807;2
"django";7572;2
"django";576;19
"docker";30855;2
"docker";14800;7
"docker";12700;8
"docker";9096;12
"docker";24719;13
"docker";1748;2
"docker";4256;5
"docker";16438;3
"docker";6582;12
"docker";13100;11
"docker";23028;4
"docker";22387;0
"docker";27813;1
"docker";16612;7
"docker";18183;4
"docker";11742;6
"docker";30221;1
"docker";2083;4
"docker";18277;9
"docker";20348;1
"docker";14717;3
"docker";7254;2
"docker";2104;1
"docker";7504;2
"docker";18277;9
"docker";22959;7
"docker";4305;4
"docker";6418;6
"docker";18817;4
"docker";13046;2
"flask";1549;2
"flask";545;5
"flask";1841;8
"flask";523;2
"flask";2187;5
"flask";2157;0
"flask";910;0
"flask";2010;5
"jenkins";1545;1
"joomla";7795;2
"joomla";8536;4
"joomla";1807;3
"joomla";3872;1
"joomla";7632;10
"joomla";3512;16
"joomla";515;1
"joomla";696;15
"joomla";2678;15
"joomla";1609;7
"joomla";11232;12
"joomla";7597;3
"joomla";337;4
"joomla";14069;2
"joomla";13473;4
"joomla";1677;3
"joomla";136;2
"joomla";7600;5
"joomla";5150;6
"joomla";8289;1
"joomla";11227;7
"joomla";1071;5
"joomla";5096;6
"joomla";12025;5
"joomla";9770;1
"joomla";511;1
"jquery";1166;1
"jquery";3322;3
"jquery";521;2
"jquery";1636;5
"jquery";2625;5
"jquery";1608;5
"jquery";1306;1
"jquery";3422;6
"jquery";794;4
"jquery";2830;2
"jquery";3218;7
"jquery";717;24
"jquery";891;3
"jquery";641;2
"jquery";1252;0
"jquery";925;3
"jquery";872;0
"jquery";992;0
"jquery";1373;4
"jquery";1169;1
"jquery";2518;2
"jquery";2830;2
"jquery";1456;2
"laravel";3882;1
"laravel";3175;8
"laravel";1358;1
"laravel";1358;1
"laravel";1040;1
"laravel";3907;1
"laravel";3794;1
"laravel";1817;1
"laravel";3286;0
"laravel";3437;1
"laravel";822;0
"laravel";1894;2
"laravel";3608;5
"laravel";3711;4
"laravel";1796;5
"laravel";3508;1
"laravel";2012;2
"laravel";3127;1
"laravel";1214;1
"laravel";1157;0
"laravel";3223;3
"laravel";3429;0
"laravel";2966;2
"laravel";1753;3
"laravel";1945;1
"laravel";1214;1
"laravel";3063;1
"laravel";1246;1
"laravel";1945;1
"laravel";3248;4
"laravel";761;3
"mongo";495;1
"mongo";1043;1
"mongo";63;2
"mongo";728;2
"mongo";408;2
"mongo";668;3
"mongo";1048;3
"opencv";210;9
"opencv";5761;1
"opencv";1896;2
"opencv";733;9
"opencv";1831;2
"opencv";7073;12
"opencv";5213;3
"opencv";5585;3
"opencv";5213;3
"rails";26897;3
"rails";25063;7
"rails";6834;9
"rails";11256;2
"rails";20589;3
"rails";2648;5
"rails";13225;1
"rails";24822;3
"rails";21847;7
"rails";11256;2
"rails";5169;4
"rails";23516;7
"rails";16257;2
"rails";19025;2
"rails";19369;3
"rails";14903;4
"rails";22882;4
"rails";11588;1
"rails";21141;5
"rails";12212;4
"rails";14458;1
"rails";4176;3
"rails";149;1
"rails";12144;8
"rails";3019;7
"rails";19495;4
"rails";18781;3
"rails";11561;10
"rails";15076;3
"rails";10001;6
"rails";8301;5
"rails";7348;8
"react";8524;1
"react";7577;8
"react";536;11
"react";3403;3
"react";3127;2
"react";2086;4
"react";2876;4
"react";5528;8
"react";5257;13
"react";7731;1
"react";7226;3
"react";5647;9
"redis";1037;0
"redis";3380;2
"redis";2797;1
"redis";657;1
"redis";2913;2
"redis";225;2
"redis";1718;1
"scikit-learn";7312;6
"scikit-learn";7424;4
"scikit-learn";4621;44
"scikit-learn";5951;1
"scikit-learn";4968;8
"scikit-learn";2677;2
"scikit-learn";6011;0
"scikit-learn";6223;2
"scikit-learn";6028;16
"scikit-learn";6720;1
"scikit-learn";3733;8
"scikit-learn";4435;14
"spring-framework";60;4
"spring-framework";763;3
"spring-framework";11;3
"spring-framework";711;0
"tensorflow";2002;86
"tensorflow";6848;4
"tensorflow";3229;10
"tensorflow";6302;5
"tensorflow";1659;5
"kubernetes";6659;4
"kubernetes";23910;10
"kubernetes";41291;3
"kubernetes";40677;10
"kubernetes";12608;12
"kubernetes";28837;18
"kubernetes";23857;6
"kubernetes";12982;3
