davatron5000;1;8;;;;;;;;;;;;
davecardwell;2;28;27;;;;;;;;;;;
tabacco;1;35;;;;;;;;;;;;
nvartolomei;1;37;;;;;;;;;;;;
hogart;1;40;;;;;;;;;;;;
speg;1;45;;;;;;;;;;;;
wibron;1;55;;;;;;;;;;;;
lukeholder;1;59;;;;;;;;;;;;
optikfluffel;1;69;;;;;;;;;;;;
shamanime;1;70;;;;;;;;;;;;
yadoga;3;165;163;91;;;;;;;;;;
zachpendleton;1;106;;;;;;;;;;;;
vvdpzz;1;107;;;;;;;;;;;;
peburrows;1;112;;;;;;;;;;;;
sweikenb;1;115;;;;;;;;;;;;
dagmar;2;122;120;;;;;;;;;;;
emilkje;2;6665;121;;;;;;;;;;;
rspeer;1;132;;;;;;;;;;;;
eduard-io;1;134;;;;;;;;;;;;
nikku;2;183;141;;;;;;;;;;;
kamui545;3;301;166;150;;;;;;;;;;
bdalziel;1;157;;;;;;;;;;;;
mikea;1;173;;;;;;;;;;;;
lincolnthree;1;179;;;;;;;;;;;;
connor;2;368;187;;;;;;;;;;;
chripede;1;196;;;;;;;;;;;;
bitbonsai;1;200;;;;;;;;;;;;
khoogheem;1;207;;;;;;;;;;;;
Timothee;1;208;;;;;;;;;;;;
dyve;5;2230;2173;2166;1983;210;;;;;;;;
obeattie;1;212;;;;;;;;;;;;
marksands;1;236;;;;;;;;;;;;
EgoAleSum;4;3691;3346;2932;249;;;;;;;;;
blakejakopovic;1;251;;;;;;;;;;;;
dmyers;2;351;255;;;;;;;;;;;
rafikk;1;262;;;;;;;;;;;;
beinstein;1;264;;;;;;;;;;;;
petervandenabeele;2;274;273;;;;;;;;;;;
snapshot;1;277;;;;;;;;;;;;
lightglitch;2;317;279;;;;;;;;;;;
JeanMertz;1;286;;;;;;;;;;;;
scott-stewart;2;1417;300;;;;;;;;;;;
lvivier;1;308;;;;;;;;;;;;
futoase;1;311;;;;;;;;;;;;
erikdahlstrand;1;319;;;;;;;;;;;;
ncuesta;1;323;;;;;;;;;;;;
wlangstroth;1;326;;;;;;;;;;;;
pal;1;353;;;;;;;;;;;;
josegonzalez;1;356;;;;;;;;;;;;
lmazardo;1;384;;;;;;;;;;;;
philipp-spiess;2;390;389;;;;;;;;;;;
coreyward;2;4520;395;;;;;;;;;;;
billyvg;3;3015;2117;411;;;;;;;;;;
leereilly;2;3568;413;;;;;;;;;;;
joearcher;1;421;;;;;;;;;;;;
tonio;1;425;;;;;;;;;;;;
mkchandler;3;996;902;430;;;;;;;;;;
ggustafsson;1;434;;;;;;;;;;;;
RobVanGroenewoud;1;448;;;;;;;;;;;;
dscape;1;457;;;;;;;;;;;;
bauhouse;1;466;;;;;;;;;;;;
damiancarrillo;1;470;;;;;;;;;;;;
lancehunt;1;477;;;;;;;;;;;;
behaba;1;482;;;;;;;;;;;;
enortham;1;515;;;;;;;;;;;;
brennanmceachran;1;523;;;;;;;;;;;;
Josean1011;1;526;;;;;;;;;;;;
pelme;6;7092;2484;2481;2461;2423;529;;;;;;;
liamks;1;534;;;;;;;;;;;;
millusdk;2;832;540;;;;;;;;;;;
tblobaum;1;543;;;;;;;;;;;;
bholub;2;1686;564;;;;;;;;;;;
antonmoiseev;1;570;;;;;;;;;;;;
theill;1;581;;;;;;;;;;;;
codehack;1;584;;;;;;;;;;;;
greygeek;4;3840;3081;592;591;;;;;;;;;
NeoCN;1;594;;;;;;;;;;;;
mikedfunk;1;595;;;;;;;;;;;;
scottkf;4;859;858;612;596;;;;;;;;;
spung;1;597;;;;;;;;;;;;
anteksiler;2;602;601;;;;;;;;;;;
samcome;1;604;;;;;;;;;;;;
storborg;3;743;657;614;;;;;;;;;;
maluke;1;617;;;;;;;;;;;;
matthewbjones;1;619;;;;;;;;;;;;
criso;1;623;;;;;;;;;;;;
apancutt;1;627;;;;;;;;;;;;
Hemphill;1;631;;;;;;;;;;;;
aderyabin;1;636;;;;;;;;;;;;
kylewest;2;5027;643;;;;;;;;;;;
mehlah;1;648;;;;;;;;;;;;
zzdhidden;1;650;;;;;;;;;;;;
denisjacquemin;1;651;;;;;;;;;;;;
meehow;1;653;;;;;;;;;;;;
leandroadacosta;1;660;;;;;;;;;;;;
sngo82;1;673;;;;;;;;;;;;
opendining;1;676;;;;;;;;;;;;
timcheadle;1;678;;;;;;;;;;;;
pascalduez;3;724;690;689;;;;;;;;;;
envex;2;695;691;;;;;;;;;;;
jackieshaffer;1;698;;;;;;;;;;;;
aaronsnow;1;702;;;;;;;;;;;;
simonz05;1;703;;;;;;;;;;;;
AndrewBrinker;1;707;;;;;;;;;;;;
r-murphy;1;709;;;;;;;;;;;;
piranha;1;710;;;;;;;;;;;;
stefanozoffoli;1;712;;;;;;;;;;;;
StephanHoyer;1;719;;;;;;;;;;;;
alexchamberlain;1;734;;;;;;;;;;;;
mhansen;1;744;;;;;;;;;;;;
thedjinn;1;753;;;;;;;;;;;;
blasdelf;1;760;;;;;;;;;;;;
cbosco;1;763;;;;;;;;;;;;
sams;2;799;797;;;;;;;;;;;
jfilipe;1;806;;;;;;;;;;;;
Singletoned;1;817;;;;;;;;;;;;
idbentley;1;826;;;;;;;;;;;;
themacg33k;1;830;;;;;;;;;;;;
treshugart;1;831;;;;;;;;;;;;
arnar;1;853;;;;;;;;;;;;
JoyceBabu;4;3141;1023;1021;864;;;;;;;;;
richarddong;2;869;867;;;;;;;;;;;
alexbilbie;1;872;;;;;;;;;;;;
foca;2;874;873;;;;;;;;;;;
marten;1;882;;;;;;;;;;;;
jjaffeux;1;883;;;;;;;;;;;;
jhuon;1;892;;;;;;;;;;;;
sandro-pasquali;1;917;;;;;;;;;;;;
eduardn;2;2256;925;;;;;;;;;;;
tomstuart;1;927;;;;;;;;;;;;
justindarc;1;973;;;;;;;;;;;;
niallkennedy;1;975;;;;;;;;;;;;
constantx;1;978;;;;;;;;;;;;
tuler;5;989;988;987;980;979;;;;;;;;
dpwolf;2;982;981;;;;;;;;;;;
timrchavez;1;1002;;;;;;;;;;;;
chadhietala;1;1005;;;;;;;;;;;;
dfm;1;1030;;;;;;;;;;;;
TamDenholm;1;1040;;;;;;;;;;;;
pixelmixture;2;1310;1059;;;;;;;;;;;
maxhoffmann;1;1061;;;;;;;;;;;;
ckuijjer;1;1063;;;;;;;;;;;;
kaelig;1;1064;;;;;;;;;;;;
ajrkerr;2;1080;1081;;;;;;;;;;;
itsmeduncan;3;2055;1114;1082;;;;;;;;;;
alampros;2;1095;1084;;;;;;;;;;;
zeleznypa;1;1089;;;;;;;;;;;;
mnelson7982;2;1094;1090;;;;;;;;;;;
abhishekdelta;1;1091;;;;;;;;;;;;
dwightwatson;1;1092;;;;;;;;;;;;
bobbrez;1;1099;;;;;;;;;;;;
mneuhaus;1;1103;;;;;;;;;;;;
tnorthcutt;1;1148;;;;;;;;;;;;
Turbo87;1;1157;;;;;;;;;;;;
NelsonReis;3;3559;1466;1162;;;;;;;;;;
nicknovitski;1;1167;;;;;;;;;;;;
vincpa;1;1169;;;;;;;;;;;;
timboisvert;2;1173;1172;;;;;;;;;;;
gpluess;1;1187;;;;;;;;;;;;
amenonsen;1;1193;;;;;;;;;;;;
sibartlett;2;1220;1219;;;;;;;;;;;
mlynch;1;1228;;;;;;;;;;;;
adamsanderson;1;1231;;;;;;;;;;;;
roydaniels;1;1252;;;;;;;;;;;;
IamNaN;1;1279;;;;;;;;;;;;
ruian;2;1607;1346;;;;;;;;;;;
paglias;1;1347;;;;;;;;;;;;
zerkalica;2;1401;1351;;;;;;;;;;;
nsb;1;1378;;;;;;;;;;;;
kbond;1;1431;;;;;;;;;;;;
markwillis82;1;1433;;;;;;;;;;;;
jeremybenaim;1;1443;;;;;;;;;;;;
tkazec;1;1447;;;;;;;;;;;;
pixelsonly;1;1449;;;;;;;;;;;;
chrisjacob;2;1463;1462;;;;;;;;;;;
glagola;1;1470;;;;;;;;;;;;
reefdog;2;1532;1471;;;;;;;;;;;
kirkstrobeck;3;4795;1477;1475;;;;;;;;;;
jgaskins;1;1480;;;;;;;;;;;;
dperetti;1;1481;;;;;;;;;;;;
bartt;3;2775;1541;1498;;;;;;;;;;
vreon;2;1502;1499;;;;;;;;;;;
dhendo;1;1501;;;;;;;;;;;;
francisbesset;1;1504;;;;;;;;;;;;
jarijokinen;1;1508;;;;;;;;;;;;
rassie;2;13199;1519;;;;;;;;;;;
tomaszkubacki;1;1523;;;;;;;;;;;;
ericbock;1;1525;;;;;;;;;;;;
xPaw;1;1526;;;;;;;;;;;;
sbarre;1;1529;;;;;;;;;;;;
barrettcook;1;1530;;;;;;;;;;;;
mshafrir;2;2494;1535;;;;;;;;;;;
eirikb;3;1716;1641;1539;;;;;;;;;;
analytically;1;1544;;;;;;;;;;;;
bumpux;2;1587;1547;;;;;;;;;;;
simonwex;1;1557;;;;;;;;;;;;
henryturk;1;1562;;;;;;;;;;;;
rudy750;1;1569;;;;;;;;;;;;
CaryLandholt;1;1573;;;;;;;;;;;;
zhongwei99;1;1588;;;;;;;;;;;;
kedarmhaswade;2;3093;1616;;;;;;;;;;;
et;1;1622;;;;;;;;;;;;
jimryan;1;1623;;;;;;;;;;;;
ionian-wind;1;1634;;;;;;;;;;;;
noahblon;2;1676;1637;;;;;;;;;;;
vegar;1;1658;;;;;;;;;;;;
felds;2;6965;1663;;;;;;;;;;;
conover;1;1672;;;;;;;;;;;;
mahemoff;1;1694;;;;;;;;;;;;
chrisrudman;1;1695;;;;;;;;;;;;
camshaft;1;1705;;;;;;;;;;;;
x01d-reserved;1;1710;;;;;;;;;;;;
hitezh;1;1712;;;;;;;;;;;;
busyloop;1;1720;;;;;;;;;;;;
revdavethompson;1;1722;;;;;;;;;;;;
michaelschade;1;1734;;;;;;;;;;;;
hastebrot;1;1736;;;;;;;;;;;;
mindctrl;1;1743;;;;;;;;;;;;
PhilETaylor;1;1753;;;;;;;;;;;;
bastula;1;1757;;;;;;;;;;;;
tobaco;1;1761;;;;;;;;;;;;
biojazzard;1;1765;;;;;;;;;;;;
karlfreeman;1;1780;;;;;;;;;;;;
raphaelz;4;2192;2191;2190;1789;;;;;;;;;
chrisramakers;1;1792;;;;;;;;;;;;
foudfou;1;1796;;;;;;;;;;;;
jorgecasar;1;1800;;;;;;;;;;;;
panosru;1;1801;;;;;;;;;;;;
henrik;1;1805;;;;;;;;;;;;
kmiyashiro;2;3616;1821;;;;;;;;;;;
valentinvieriu;3;1895;1894;1825;;;;;;;;;;
franckbret;1;1832;;;;;;;;;;;;
martinnormark;4;6015;3827;2136;1840;;;;;;;;;
EricWarnke;1;1845;;;;;;;;;;;;
BigBlueHat;7;3053;3035;3031;2239;1978;1975;1849;;;;;;
jsmecham;1;1853;;;;;;;;;;;;
aelse;2;1862;1859;;;;;;;;;;;
jmar777;2;1879;1867;;;;;;;;;;;
treyp;1;1885;;;;;;;;;;;;
alanstevens;2;1902;1900;;;;;;;;;;;
mvzink;1;1916;;;;;;;;;;;;
chrismytton;1;1923;;;;;;;;;;;;
creocoder;1;1924;;;;;;;;;;;;
dmportella;1;1933;;;;;;;;;;;;
ryanwi;1;1936;;;;;;;;;;;;
burhan;1;1938;;;;;;;;;;;;
rajivnavada;1;1941;;;;;;;;;;;;
oncletom;3;4168;4150;1952;;;;;;;;;;
krainboltgreene;2;13560;1957;;;;;;;;;;;
ifightcrime;1;1960;;;;;;;;;;;;
petewarden;1;1966;;;;;;;;;;;;
petejkim;1;1984;;;;;;;;;;;;
cabgfx;1;1988;;;;;;;;;;;;
emerencia;1;1991;;;;;;;;;;;;
msmeeks;1;2000;;;;;;;;;;;;
codeimpossible;1;2007;;;;;;;;;;;;
EvilSpaceHamster;1;2009;;;;;;;;;;;;
benjaminach;1;2010;;;;;;;;;;;;
v0id3r;1;2012;;;;;;;;;;;;
saevarom;2;14466;2020;;;;;;;;;;;
paulcollinsiii;1;2022;;;;;;;;;;;;
sebskuse;1;2032;;;;;;;;;;;;
flowonyx;1;2033;;;;;;;;;;;;
mchapman;2;2110;2041;;;;;;;;;;;
ctz;1;2051;;;;;;;;;;;;
web-ninja;1;2052;;;;;;;;;;;;
xdissent;1;2053;;;;;;;;;;;;
ali;1;2056;;;;;;;;;;;;
gintas;1;2057;;;;;;;;;;;;
kljohann;1;2059;;;;;;;;;;;;
elithrar;1;2061;;;;;;;;;;;;
nmussat;1;2069;;;;;;;;;;;;
gavinballard;1;2070;;;;;;;;;;;;
csytan;1;2095;;;;;;;;;;;;
dansup;1;2098;;;;;;;;;;;;
byrdkm17;1;2102;;;;;;;;;;;;
wink;1;2104;;;;;;;;;;;;
maraujop;1;2105;;;;;;;;;;;;
atdt;1;2114;;;;;;;;;;;;
Luit;1;2115;;;;;;;;;;;;
wub;1;2120;;;;;;;;;;;;
coryalder;1;2121;;;;;;;;;;;;
fedesoria;1;2122;;;;;;;;;;;;
studgeek;2;2265;2141;;;;;;;;;;;
bobbymarko;1;2145;;;;;;;;;;;;
vongruenigen;2;2149;2148;;;;;;;;;;;
swilliams;1;2151;;;;;;;;;;;;
sboesen;1;2152;;;;;;;;;;;;
darrhiggs;1;2153;;;;;;;;;;;;
djw;1;2163;;;;;;;;;;;;
rafaelprimeiro;1;2164;;;;;;;;;;;;
kahwee;1;2172;;;;;;;;;;;;
simmo;1;2178;;;;;;;;;;;;
napkindrawing;2;2181;2179;;;;;;;;;;;
acetous;1;2205;;;;;;;;;;;;
mpobrien;1;2211;;;;;;;;;;;;
gkostadinov;1;2232;;;;;;;;;;;;
bdunn313;1;2235;;;;;;;;;;;;
notsobad;1;2237;;;;;;;;;;;;
eillarra;2;2276;2238;;;;;;;;;;;
tritowntim;1;2243;;;;;;;;;;;;
meleyal;3;6328;2250;2249;;;;;;;;;;
worldspawn;1;2253;;;;;;;;;;;;
danielfarrell;2;2273;2270;;;;;;;;;;;
airtonix;1;2277;;;;;;;;;;;;
renoirb;1;2282;;;;;;;;;;;;
waynebrantley;1;2283;;;;;;;;;;;;
charettes;3;4469;2402;2284;;;;;;;;;;
felixrabe;3;10139;10126;2287;;;;;;;;;;
inolen;1;2323;;;;;;;;;;;;
snookca;1;2324;;;;;;;;;;;;
Gutek;1;2329;;;;;;;;;;;;
ogerik;1;2332;;;;;;;;;;;;
mariocesar;2;2336;2335;;;;;;;;;;;
rustyrazorblade;1;2343;;;;;;;;;;;;
rustyio;1;2344;;;;;;;;;;;;
brewster1134;1;2348;;;;;;;;;;;;
LawfulHacker;1;2349;;;;;;;;;;;;
armagast;1;2359;;;;;;;;;;;;
alexpeattie;1;2363;;;;;;;;;;;;
lecar-red;1;2372;;;;;;;;;;;;
SamWhited;1;2382;;;;;;;;;;;;
mariorojas;1;2384;;;;;;;;;;;;
maccesch;2;2395;2387;;;;;;;;;;;
mbjsonie;1;2388;;;;;;;;;;;;
max-favilli;1;2393;;;;;;;;;;;;
grongor;1;2394;;;;;;;;;;;;
thi3rry;1;2399;;;;;;;;;;;;
jimmydo;1;2404;;;;;;;;;;;;
trevorskaggs;4;12777;6798;2414;2413;;;;;;;;;
kgodey;1;2429;;;;;;;;;;;;
gbezyuk;1;2431;;;;;;;;;;;;
jaguililla;1;2435;;;;;;;;;;;;
twoolie;1;2444;;;;;;;;;;;;
cnlpete;1;2453;;;;;;;;;;;;
Murtnowski;2;2474;2455;;;;;;;;;;;
hallas;1;2464;;;;;;;;;;;;
wtfzdotnet;1;2469;;;;;;;;;;;;
timehat;1;2471;;;;;;;;;;;;
luk3thomas;1;2476;;;;;;;;;;;;
mandric;1;2479;;;;;;;;;;;;
neilmiddleton;1;2486;;;;;;;;;;;;
jszakmeister;1;2502;;;;;;;;;;;;
bangline;1;2511;;;;;;;;;;;;
kemitchell;1;2515;;;;;;;;;;;;
iainb;1;2518;;;;;;;;;;;;
zerkms;1;2519;;;;;;;;;;;;
dsgn1graphics;1;2520;;;;;;;;;;;;
robflaherty;2;2542;2521;;;;;;;;;;;
runawaygo;1;2529;;;;;;;;;;;;
brodkin;1;2556;;;;;;;;;;;;
netatoo;1;2569;;;;;;;;;;;;
joshdick;2;6819;2570;;;;;;;;;;;
jakepetroules;1;2584;;;;;;;;;;;;
Sopamo;1;2600;;;;;;;;;;;;
maxxst;1;2604;;;;;;;;;;;;
sannefoltz;2;3189;2605;;;;;;;;;;;
euskadi31;1;2606;;;;;;;;;;;;
ramonrails;1;2608;;;;;;;;;;;;
brendanheywood;1;2622;;;;;;;;;;;;
DracoLi;1;2625;;;;;;;;;;;;
aaronsofaly;1;2627;;;;;;;;;;;;
sirlantis;1;2628;;;;;;;;;;;;
elebetsamer;1;2644;;;;;;;;;;;;
Hyra;1;2651;;;;;;;;;;;;
iamvery;1;2655;;;;;;;;;;;;
tnajdek;2;2691;2660;;;;;;;;;;;
tsmes;1;2664;;;;;;;;;;;;
shnjp;1;2667;;;;;;;;;;;;
jeremyricketts;1;2670;;;;;;;;;;;;
piranxa;1;2672;;;;;;;;;;;;
sethaldridge;1;2674;;;;;;;;;;;;
rafaelks;1;2683;;;;;;;;;;;;
francisl;1;2688;;;;;;;;;;;;
hurtubise;3;8014;2890;2692;;;;;;;;;;
tjrana;1;2701;;;;;;;;;;;;
Synchro;3;6624;3388;2722;;;;;;;;;;
eternicode;1;2723;;;;;;;;;;;;
romanych;1;2734;;;;;;;;;;;;
ruipenso;1;2773;;;;;;;;;;;;
andreasbovens;1;2783;;;;;;;;;;;;
agis-;1;2808;;;;;;;;;;;;
richardp-au;1;2814;;;;;;;;;;;;
almirfilho;1;2815;;;;;;;;;;;;
ubeckers;1;2818;;;;;;;;;;;;
tauren;1;2819;;;;;;;;;;;;
beryllium;1;2826;;;;;;;;;;;;
joshuapinter;1;2842;;;;;;;;;;;;
aroc;2;2871;2854;;;;;;;;;;;
grantzau;2;2940;2863;;;;;;;;;;;
mfo;1;2867;;;;;;;;;;;;
mattbasta;1;2868;;;;;;;;;;;;
jingman;1;2869;;;;;;;;;;;;
samsamm777;1;2875;;;;;;;;;;;;
stammy;1;2876;;;;;;;;;;;;
defunctzombie;1;2881;;;;;;;;;;;;
AlecRust;6;5211;3530;2944;2923;2898;2893;;;;;;;
adamjgrant;2;4056;2896;;;;;;;;;;;
kwangchin;1;2911;;;;;;;;;;;;
zpao;1;2916;;;;;;;;;;;;
buryat;1;2918;;;;;;;;;;;;
simonsmith;1;2928;;;;;;;;;;;;
alexpos;1;2929;;;;;;;;;;;;
DaveWillkomm;1;2948;;;;;;;;;;;;
akennedy;1;2950;;;;;;;;;;;;
ruimarinho;1;2955;;;;;;;;;;;;
chaliy;1;2968;;;;;;;;;;;;
rmclain;1;2978;;;;;;;;;;;;
ghotiphud;1;2984;;;;;;;;;;;;
M-O-Z-G;1;2991;;;;;;;;;;;;
ZachBeta;1;2993;;;;;;;;;;;;
theaspect;1;3010;;;;;;;;;;;;
jasonwyatt;2;5662;3012;;;;;;;;;;;
devth;2;3400;3013;;;;;;;;;;;
web-dev;1;3014;;;;;;;;;;;;
blongyang;1;3020;;;;;;;;;;;;
iamdustan;1;3021;;;;;;;;;;;;
mishmosh;1;3028;;;;;;;;;;;;
ttsu;1;3029;;;;;;;;;;;;
kgautreaux;1;3038;;;;;;;;;;;;
matheusvilela;1;3044;;;;;;;;;;;;
kvnn;1;3046;;;;;;;;;;;;
idev247;1;3054;;;;;;;;;;;;
robotsarego;1;3055;;;;;;;;;;;;
kmcbride;1;3059;;;;;;;;;;;;
webpro;1;3062;;;;;;;;;;;;
ebfe;2;3083;3063;;;;;;;;;;;
au-phiware;4;16193;15934;5846;3068;;;;;;;;;
sbermeister;2;3073;3072;;;;;;;;;;;
Thibaut;1;3089;;;;;;;;;;;;
ncreuschling;1;3095;;;;;;;;;;;;
jamierytlewski;1;3099;;;;;;;;;;;;
jonnysp;3;10836;3847;3108;;;;;;;;;;
turp;1;3109;;;;;;;;;;;;
gaomd;1;3127;;;;;;;;;;;;
TheJester12;1;3140;;;;;;;;;;;;
nicholassmith;1;3143;;;;;;;;;;;;
willem403;2;3794;3145;;;;;;;;;;;
ivebeenlinuxed;1;3149;;;;;;;;;;;;
evil-shrike;3;4194;3506;3158;;;;;;;;;;
philBrown;1;3161;;;;;;;;;;;;
jonmaim;1;3163;;;;;;;;;;;;
giulianovelli;2;5024;3168;;;;;;;;;;;
lyndsysimon;1;3174;;;;;;;;;;;;
loddy1234;1;3182;;;;;;;;;;;;
michaelbrooks;1;3185;;;;;;;;;;;;
pkruithof;1;3190;;;;;;;;;;;;
jeroenbourgois;1;3199;;;;;;;;;;;;
bleything;1;3228;;;;;;;;;;;;
ahizzle;2;3246;3235;;;;;;;;;;;
brianpeiris;1;3237;;;;;;;;;;;;
fajrconnect;1;3255;;;;;;;;;;;;
ampleyfly;1;3263;;;;;;;;;;;;
anirvan;1;3268;;;;;;;;;;;;
kugaevsky;1;3278;;;;;;;;;;;;
altschuler;2;3914;3303;;;;;;;;;;;
nilcolor;1;3308;;;;;;;;;;;;
drakej;1;3314;;;;;;;;;;;;
paniwani;1;3320;;;;;;;;;;;;
pjkix;1;3328;;;;;;;;;;;;
bobthecow;1;3329;;;;;;;;;;;;
jcarlson;1;3334;;;;;;;;;;;;
gizm0bill;1;3341;;;;;;;;;;;;
triceam;1;3349;;;;;;;;;;;;
srobbin;1;3364;;;;;;;;;;;;
wachunga;1;3366;;;;;;;;;;;;
steveluscher;1;3380;;;;;;;;;;;;
benjaminclot;2;5546;3383;;;;;;;;;;;
fran6co;1;3390;;;;;;;;;;;;
aledista;2;3402;3401;;;;;;;;;;;
soundake;1;3410;;;;;;;;;;;;
ajgon;1;3411;;;;;;;;;;;;
pcorsaro;1;3421;;;;;;;;;;;;
jwoertink;1;3423;;;;;;;;;;;;
ptmrt;1;3429;;;;;;;;;;;;
doryphores;1;3455;;;;;;;;;;;;
fzerorubigd;1;3461;;;;;;;;;;;;
philipmat;1;3471;;;;;;;;;;;;
mindfreakthemon;1;3491;;;;;;;;;;;;
keriati;1;3507;;;;;;;;;;;;
joshlangner;1;3508;;;;;;;;;;;;
troyharvey;1;3510;;;;;;;;;;;;
sonicdoe;1;3516;;;;;;;;;;;;
jrschumacher;1;3527;;;;;;;;;;;;
pvorb;1;3545;;;;;;;;;;;;
tomtastico;1;3552;;;;;;;;;;;;
larswittenberg;1;3558;;;;;;;;;;;;
andrewhubbs;1;3570;;;;;;;;;;;;
anilshanbhag;1;3582;;;;;;;;;;;;
ademaro;1;3584;;;;;;;;;;;;
GianlucaGuarini;1;3588;;;;;;;;;;;;
RichardBronosky;1;3593;;;;;;;;;;;;
gutomaia;1;3634;;;;;;;;;;;;
coto;1;3636;;;;;;;;;;;;
vmunier;1;3644;;;;;;;;;;;;
xibman;1;3646;;;;;;;;;;;;
andrewrk;1;3648;;;;;;;;;;;;
toekneestuck;1;3664;;;;;;;;;;;;
rma4ok;4;3698;3696;3669;3668;;;;;;;;;
kurtextrem;2;4317;3676;;;;;;;;;;;
ciembor;3;3888;3720;3710;;;;;;;;;;
iblue;1;3716;;;;;;;;;;;;
calebthompson;1;3727;;;;;;;;;;;;
beakr;1;3745;;;;;;;;;;;;
marcelombc;2;10872;3746;;;;;;;;;;;
pjlammertyn;1;3751;;;;;;;;;;;;
etiennetremel;2;4146;3765;;;;;;;;;;;
danring;1;3766;;;;;;;;;;;;
erotte;1;3767;;;;;;;;;;;;
japserboy;1;3784;;;;;;;;;;;;
jakejarvis;1;3789;;;;;;;;;;;;
maximal;2;3799;3798;;;;;;;;;;;
garysweaver;2;4107;3821;;;;;;;;;;;
jasonmadigan;1;3825;;;;;;;;;;;;
Pfiver;1;3829;;;;;;;;;;;;
benbabics;1;3833;;;;;;;;;;;;
allybee;1;3834;;;;;;;;;;;;
borisnadion;1;3836;;;;;;;;;;;;
ilanco;1;3839;;;;;;;;;;;;
threadhead;1;3853;;;;;;;;;;;;
blueimp;1;3854;;;;;;;;;;;;
vegardlarsen;1;3855;;;;;;;;;;;;
Gator92;1;3861;;;;;;;;;;;;
igor-alexandrov;1;3878;;;;;;;;;;;;
spantaleev;3;4993;3898;3884;;;;;;;;;;
amercier;1;3885;;;;;;;;;;;;
flop;1;3893;;;;;;;;;;;;
mokagio;1;3895;;;;;;;;;;;;
prestarocket;1;3903;;;;;;;;;;;;
ricardovf;1;3908;;;;;;;;;;;;
matobago;3;4165;3910;3909;;;;;;;;;;
freexploit;3;3925;3924;3916;;;;;;;;;;
adityamenon;2;3921;3919;;;;;;;;;;;
tekezo;1;3923;;;;;;;;;;;;
johnTurknett;1;3934;;;;;;;;;;;;
gsf;2;3941;3940;;;;;;;;;;;
raad;1;3948;;;;;;;;;;;;
chrisdpratt;1;3953;;;;;;;;;;;;
pnovodvorskiy;1;3960;;;;;;;;;;;;
pkkid;1;3961;;;;;;;;;;;;
lfryc;1;3962;;;;;;;;;;;;
tzeskimo;1;3972;;;;;;;;;;;;
hiepnv;1;3983;;;;;;;;;;;;
mwhitneysdsu;2;4145;3985;;;;;;;;;;;
kmorin;1;3990;;;;;;;;;;;;
ComFreek;1;4015;;;;;;;;;;;;
kboyle;1;4016;;;;;;;;;;;;
fulmicoton;1;4019;;;;;;;;;;;;
thomasfedb;1;4023;;;;;;;;;;;;
SoapSeller;3;4811;4307;4031;;;;;;;;;;
Dattaya;1;4034;;;;;;;;;;;;
smcguinness;2;5082;4045;;;;;;;;;;;
vlakoff;2;4051;4049;;;;;;;;;;;
eugene-p;2;4064;4063;;;;;;;;;;;
eriwen;1;4077;;;;;;;;;;;;
ProPuke;1;4095;;;;;;;;;;;;
freiksenet;1;4105;;;;;;;;;;;;
phaseOne;1;4116;;;;;;;;;;;;
mike-burns;1;4119;;;;;;;;;;;;
bistory;1;4121;;;;;;;;;;;;
rkoch;1;4130;;;;;;;;;;;;
zhuangya;1;4139;;;;;;;;;;;;
TomoGlavas;2;4143;4142;;;;;;;;;;;
nticaric;1;4151;;;;;;;;;;;;
senfo;2;4171;4161;;;;;;;;;;;
sheeley;1;4164;;;;;;;;;;;;
foxel;2;4911;4167;;;;;;;;;;;
Korko;1;4172;;;;;;;;;;;;
alejandroiglesias;1;4184;;;;;;;;;;;;
ericmatthys;2;4200;4191;;;;;;;;;;;
james2m;1;4199;;;;;;;;;;;;
vkostyukov;1;4208;;;;;;;;;;;;
jsyeo;1;4210;;;;;;;;;;;;
slbug;1;4224;;;;;;;;;;;;
liaoqi;1;4227;;;;;;;;;;;;
demike;4;5071;4379;4378;4232;;;;;;;;;
captbrogers;1;4237;;;;;;;;;;;;
apostolos;1;4238;;;;;;;;;;;;
jamvius;1;4240;;;;;;;;;;;;
anhulife;3;4405;4298;4245;;;;;;;;;;
SeanPlusPlus;2;4259;4258;;;;;;;;;;;
mykehsd;1;4267;;;;;;;;;;;;
kynan;4;6256;5261;4392;4268;;;;;;;;;
alaa;1;4277;;;;;;;;;;;;
kalisjoshua;1;4301;;;;;;;;;;;;
Realetive;1;4306;;;;;;;;;;;;
bseng;1;4316;;;;;;;;;;;;
brianfeister;4;4717;4705;4386;4323;;;;;;;;;
elliots;2;4337;4335;;;;;;;;;;;
Ocramius;1;4343;;;;;;;;;;;;
achur;1;4348;;;;;;;;;;;;
0x0ece;1;4349;;;;;;;;;;;;
radleta;1;4365;;;;;;;;;;;;
Sharom;2;4390;4389;;;;;;;;;;;
Myiyk;1;4399;;;;;;;;;;;;
stayce;1;4401;;;;;;;;;;;;
tjbarbour;2;4431;4427;;;;;;;;;;;
BMorearty;1;4439;;;;;;;;;;;;
defeated;1;4446;;;;;;;;;;;;
dannyc;1;4451;;;;;;;;;;;;
myakura;1;4461;;;;;;;;;;;;
javve;3;5253;5195;4466;;;;;;;;;;
tonydew;1;4470;;;;;;;;;;;;
asakurayoh;1;4472;;;;;;;;;;;;
ryankearney;1;4473;;;;;;;;;;;;
qzio;1;4475;;;;;;;;;;;;
dgw;2;4490;4479;;;;;;;;;;;
StefanKjartansson;1;4480;;;;;;;;;;;;
chrjean;1;4486;;;;;;;;;;;;
jeremymason;1;4489;;;;;;;;;;;;
UTGuy;1;4509;;;;;;;;;;;;
MarceI;1;4517;;;;;;;;;;;;
stipsan;1;4522;;;;;;;;;;;;
philippm;1;4534;;;;;;;;;;;;
mlineen;1;4539;;;;;;;;;;;;
gierschv;1;4558;;;;;;;;;;;;
stevo550;1;4561;;;;;;;;;;;;
dasch;1;4564;;;;;;;;;;;;
ggozad;1;4571;;;;;;;;;;;;
elithompson;2;4583;4582;;;;;;;;;;;
jplock;1;4586;;;;;;;;;;;;
tijsverkoyen;2;4590;4589;;;;;;;;;;;
jpadvo;1;4591;;;;;;;;;;;;
pamelafox-coursera;1;4598;;;;;;;;;;;;
flexdaddy;1;4606;;;;;;;;;;;;
WickyNilliams;1;4614;;;;;;;;;;;;
hughevans;1;4617;;;;;;;;;;;;
mgalgs;3;4975;4620;4619;;;;;;;;;;
kardan;1;4625;;;;;;;;;;;;
karb;1;4631;;;;;;;;;;;;
simomercier;1;4633;;;;;;;;;;;;
jschr;3;5318;5316;4634;;;;;;;;;;
adam-lynch;1;4672;;;;;;;;;;;;
rubenrails;1;4693;;;;;;;;;;;;
polosantiago;3;4790;4789;4694;;;;;;;;;;
jfullerton;1;4695;;;;;;;;;;;;
tedtieken;1;4711;;;;;;;;;;;;
corbinu;1;4712;;;;;;;;;;;;
mkdynamic;1;4713;;;;;;;;;;;;
sparanoid;8;13474;13473;10466;10463;9104;6411;4716;4715;;;;;
SamBenson;2;5287;4728;;;;;;;;;;;
johnmiroki;1;4749;;;;;;;;;;;;
tcrosen;1;4750;;;;;;;;;;;;
dericcrago;1;4751;;;;;;;;;;;;
Garbee;1;4754;;;;;;;;;;;;
medicalwei;1;4791;;;;;;;;;;;;
scomma;1;4801;;;;;;;;;;;;
corroded;1;4802;;;;;;;;;;;;
kataev;1;4807;;;;;;;;;;;;
rafeca;2;4819;4817;;;;;;;;;;;
dbernar1;1;4823;;;;;;;;;;;;
bronson;3;7169;4832;4830;;;;;;;;;;
adatta02;1;4831;;;;;;;;;;;;
MrDys;1;4833;;;;;;;;;;;;
CloCkWeRX;1;4847;;;;;;;;;;;;
dev-hamishal;1;4855;;;;;;;;;;;;
idanz;1;4856;;;;;;;;;;;;
moesalih;1;4859;;;;;;;;;;;;
joeframbach;3;4874;4870;4868;;;;;;;;;;
dialelo;1;4869;;;;;;;;;;;;
brettevans;1;4878;;;;;;;;;;;;
bluemooninc;1;4879;;;;;;;;;;;;
bruha;1;4883;;;;;;;;;;;;
armezit;1;4884;;;;;;;;;;;;
ivanovyordan;1;4886;;;;;;;;;;;;
mgcrea;7;8598;7652;7651;7638;7098;5037;4894;;;;;;
pautomas;2;7040;4901;;;;;;;;;;;
mariosal;1;4920;;;;;;;;;;;;
tax;2;5405;4937;;;;;;;;;;;
dylanvee;1;4942;;;;;;;;;;;;
rviscomi;2;5069;4943;;;;;;;;;;;
drewp;1;4945;;;;;;;;;;;;
berryp;1;4962;;;;;;;;;;;;
kysela-petr;1;4964;;;;;;;;;;;;
thingsinjars;1;4966;;;;;;;;;;;;
bmuenzenmeyer;1;4968;;;;;;;;;;;;
wyne;1;4971;;;;;;;;;;;;
avalla;2;5022;4979;;;;;;;;;;;
vaionicle;1;4989;;;;;;;;;;;;
besebastian;1;4994;;;;;;;;;;;;
theodorton;4;5249;5242;5165;4995;;;;;;;;;
konsumer;1;5011;;;;;;;;;;;;
tomykaira;4;5305;5304;5016;5013;;;;;;;;;
kzxtreme;1;5017;;;;;;;;;;;;
dionysiosarvanitis;2;5040;5028;;;;;;;;;;;
lisandropuzzolo;2;8364;5033;;;;;;;;;;;
gnrlwart;1;5034;;;;;;;;;;;;
parisholley;2;5337;5042;;;;;;;;;;;
silviot;1;5059;;;;;;;;;;;;
bliang;1;5062;;;;;;;;;;;;
michaelcox;1;5063;;;;;;;;;;;;
greg0ire;2;5065;5064;;;;;;;;;;;
aliaspooryorik;1;5077;;;;;;;;;;;;
MitchellMcKenna;1;5083;;;;;;;;;;;;
jedesah;1;5086;;;;;;;;;;;;
alexrussell;1;5097;;;;;;;;;;;;
tlvince;1;5101;;;;;;;;;;;;
RickardPettersson;1;5104;;;;;;;;;;;;
neersighted;1;5124;;;;;;;;;;;;
vaughany;1;5138;;;;;;;;;;;;
beshkenadze;1;5153;;;;;;;;;;;;
yberkholz;1;5163;;;;;;;;;;;;
bricker;2;5177;5175;;;;;;;;;;;
paulingalls;1;5176;;;;;;;;;;;;
Anahkiasen;1;5179;;;;;;;;;;;;
everilae;1;5181;;;;;;;;;;;;
Santiarpe;1;5182;;;;;;;;;;;;
ghedwards;1;5193;;;;;;;;;;;;
x3ro;1;5198;;;;;;;;;;;;
psteininger;1;5199;;;;;;;;;;;;
code0100fun;1;5205;;;;;;;;;;;;
justinbburris;1;5217;;;;;;;;;;;;
gustavowt;1;5220;;;;;;;;;;;;
maimairel;2;7315;5221;;;;;;;;;;;
atotic;1;5223;;;;;;;;;;;;
chrisirhc;3;6052;6032;5225;;;;;;;;;;
jpkrohling;1;5227;;;;;;;;;;;;
graingert;1;5230;;;;;;;;;;;;
jabbaugh;1;5233;;;;;;;;;;;;
my8bird;2;5344;5244;;;;;;;;;;;
Serhioromano;7;5397;5396;5260;5256;5255;5254;5252;;;;;;
crlcu;1;5258;;;;;;;;;;;;
pwaring;1;5263;;;;;;;;;;;;
pkozelka;1;5265;;;;;;;;;;;;
paradoxe;1;5266;;;;;;;;;;;;
stevecoug;2;5278;5277;;;;;;;;;;;
keithio;3;5327;5326;5284;;;;;;;;;;
TimNZ;1;5294;;;;;;;;;;;;
loostro;2;5310;5295;;;;;;;;;;;
jirikuncar;1;5315;;;;;;;;;;;;
semenko;3;6645;6514;5322;;;;;;;;;;
breath-co2;1;5328;;;;;;;;;;;;
sxtxixtxcxh;1;5375;;;;;;;;;;;;
shiroyuki;1;5378;;;;;;;;;;;;
seanfox;1;5381;;;;;;;;;;;;
griiettner;1;5382;;;;;;;;;;;;
monkeymonk;1;5390;;;;;;;;;;;;
svitaliyv;1;5411;;;;;;;;;;;;
erlend-sh;1;5435;;;;;;;;;;;;
michaelcullum;1;5442;;;;;;;;;;;;
davydotcom;1;5445;;;;;;;;;;;;
Nodarii;1;5448;;;;;;;;;;;;
achempion;1;5457;;;;;;;;;;;;
andresmoschini;3;7899;5570;5480;;;;;;;;;;
fadamakis;1;5488;;;;;;;;;;;;
cielavenir;1;5490;;;;;;;;;;;;
jblotus;1;5498;;;;;;;;;;;;
lilyxl8;1;5513;;;;;;;;;;;;
jtward;1;5514;;;;;;;;;;;;
joneslee85;1;5516;;;;;;;;;;;;
m157y;1;5527;;;;;;;;;;;;
MysticEarth;1;5530;;;;;;;;;;;;
bilogub;3;7147;7143;5544;;;;;;;;;;
broundee;2;5560;5559;;;;;;;;;;;
ystein;1;5563;;;;;;;;;;;;
highergroundstudio;1;5581;;;;;;;;;;;;
b3rimbau;1;5583;;;;;;;;;;;;
rowofpixels;1;5587;;;;;;;;;;;;
victor-homyakov;1;5598;;;;;;;;;;;;
brice;1;5602;;;;;;;;;;;;
biyeun;1;5603;;;;;;;;;;;;
carsomyr;1;5607;;;;;;;;;;;;
scphillips;1;5628;;;;;;;;;;;;
marcelaraujo;1;5639;;;;;;;;;;;;
tanraya;1;5651;;;;;;;;;;;;
pifantastic;1;5664;;;;;;;;;;;;
amertum;2;6351;5667;;;;;;;;;;;
RyanHavoc;2;5669;5668;;;;;;;;;;;
tiefenb;1;5672;;;;;;;;;;;;
tdooner;1;5682;;;;;;;;;;;;
seanCodes;1;5684;;;;;;;;;;;;
Ninir;1;5686;;;;;;;;;;;;
edmeehan;1;5733;;;;;;;;;;;;
e1himself;1;5738;;;;;;;;;;;;
Munter;1;5757;;;;;;;;;;;;
davidmles;1;5760;;;;;;;;;;;;
admsev;1;5805;;;;;;;;;;;;
WilliamStam;2;5839;5830;;;;;;;;;;;
stephankaag;1;5833;;;;;;;;;;;;
TomHAnderson;1;5837;;;;;;;;;;;;
Aben;2;5855;5840;;;;;;;;;;;
markovuksanovic;3;5868;5867;5866;;;;;;;;;;
gerwitz;1;5872;;;;;;;;;;;;
chrishaverkate;1;5877;;;;;;;;;;;;
jonathantneal;2;5879;5878;;;;;;;;;;;
mhuggins;1;5882;;;;;;;;;;;;
dudebout;5;6870;6576;6435;6434;5883;;;;;;;;
mpnkhan;11;14097;6539;6222;6204;6203;6025;6024;5984;5974;5972;5904;;
fsword;1;5908;;;;;;;;;;;;
trsteel88;1;5926;;;;;;;;;;;;
jlbruno;2;6169;5938;;;;;;;;;;;
Mezzle;1;5962;;;;;;;;;;;;
thanpolas;1;5963;;;;;;;;;;;;
pashager;1;5968;;;;;;;;;;;;
bisrael;1;5970;;;;;;;;;;;;
ddeaguiar;1;5981;;;;;;;;;;;;
juristr;1;5986;;;;;;;;;;;;
Ephigenia;1;5990;;;;;;;;;;;;
Charuru;2;5996;5995;;;;;;;;;;;
silviomoreto;1;6000;;;;;;;;;;;;
mroderick;1;6001;;;;;;;;;;;;
tshedor;1;6008;;;;;;;;;;;;
jasonmerino;3;6277;6036;6017;;;;;;;;;;
tghw;4;6846;6175;6119;6020;;;;;;;;;
arlonlove;1;6021;;;;;;;;;;;;
polymetis;1;6027;;;;;;;;;;;;
adrianheine;3;6272;6102;6040;;;;;;;;;;
jbate;1;6044;;;;;;;;;;;;
jeffbowen;1;6051;;;;;;;;;;;;
wanderer;2;6092;6060;;;;;;;;;;;
maennchen;2;6062;6061;;;;;;;;;;;
marcopeg;2;6076;6064;;;;;;;;;;;
percyhanna;1;6068;;;;;;;;;;;;
elmariachi111;1;6069;;;;;;;;;;;;
jibs;1;6090;;;;;;;;;;;;
hgezim;1;6098;;;;;;;;;;;;
marcelkorpel;1;6099;;;;;;;;;;;;
donaldpcook;2;6170;6109;;;;;;;;;;;
jazzychad;2;6220;6127;;;;;;;;;;;
monken;1;6128;;;;;;;;;;;;
banzalik;2;6141;6140;;;;;;;;;;;
albyrock87;1;6147;;;;;;;;;;;;
ryan-endacott;4;6825;6425;6173;6162;;;;;;;;;
sergeykish;1;6207;;;;;;;;;;;;
chimericdream;1;6230;;;;;;;;;;;;
marfillaster;1;6235;;;;;;;;;;;;
arcanis;1;6251;;;;;;;;;;;;
wilsonwu666;1;6290;;;;;;;;;;;;
rmetzler;1;6299;;;;;;;;;;;;
mrvdot;1;6307;;;;;;;;;;;;
bobmccracken;1;6320;;;;;;;;;;;;
hlb;1;6330;;;;;;;;;;;;
macodev;1;6345;;;;;;;;;;;;
anirugu;1;6353;;;;;;;;;;;;
nakupanda;2;15273;6363;;;;;;;;;;;
eduardolundgren;1;6368;;;;;;;;;;;;
neosergio;1;6369;;;;;;;;;;;;
LeezQ;1;6386;;;;;;;;;;;;
Tyilo;1;6393;;;;;;;;;;;;
cloudyan;2;20247;6394;;;;;;;;;;;
mioduszewski;2;6400;6399;;;;;;;;;;;
acanimal;1;6401;;;;;;;;;;;;
malekpour;2;6423;6409;;;;;;;;;;;
dwsturgeon;1;6426;;;;;;;;;;;;
Krinkle;1;6433;;;;;;;;;;;;
boh1996;1;6437;;;;;;;;;;;;
jeserkin;1;6438;;;;;;;;;;;;
veracarr;2;6440;6439;;;;;;;;;;;
krasimir;1;6442;;;;;;;;;;;;
samuela;1;6450;;;;;;;;;;;;
Armanio;2;6817;6465;;;;;;;;;;;
karimsa;1;6467;;;;;;;;;;;;
archesaurus;1;6469;;;;;;;;;;;;
juliomenendez;1;6486;;;;;;;;;;;;
bzx;2;6508;6498;;;;;;;;;;;
shadyvb;1;6500;;;;;;;;;;;;
sshwsfc;1;6505;;;;;;;;;;;;
aronwoost;1;6506;;;;;;;;;;;;
justin-john;1;6507;;;;;;;;;;;;
adbre;1;6509;;;;;;;;;;;;
guilleva;1;6516;;;;;;;;;;;;
kriscarle;1;6521;;;;;;;;;;;;
EvanHahn;1;6522;;;;;;;;;;;;
gravis;1;6525;;;;;;;;;;;;
jonnywyatt;3;6544;6543;6542;;;;;;;;;;
huannh;2;6559;6546;;;;;;;;;;;
bitdeli-chef;1;6557;;;;;;;;;;;;
heff;1;6558;;;;;;;;;;;;
brenoferreira;1;6577;;;;;;;;;;;;
gyoshev;1;6612;;;;;;;;;;;;
ravage84;3;6615;6614;6613;;;;;;;;;;
chip;1;6629;;;;;;;;;;;;
evadnoob;1;6655;;;;;;;;;;;;
garbas;1;6663;;;;;;;;;;;;
greg-raven;2;6667;6666;;;;;;;;;;;
karissa;1;6670;;;;;;;;;;;;
sherbrow;1;6671;;;;;;;;;;;;
vicapow;1;6672;;;;;;;;;;;;
gustavosaume;1;6673;;;;;;;;;;;;
MaxEvron;1;6678;;;;;;;;;;;;
stefansedich;3;6688;6687;6683;;;;;;;;;;
ehudokai;1;6684;;;;;;;;;;;;
dospuntocero;4;21975;11636;6755;6685;;;;;;;;;
fwielstra;1;6692;;;;;;;;;;;;
stp-configit;1;6702;;;;;;;;;;;;
andybandy;2;6725;6706;;;;;;;;;;;
baslr;1;6710;;;;;;;;;;;;
peterbenoit;1;6711;;;;;;;;;;;;
maxkadyrov;1;6723;;;;;;;;;;;;
ograycode;1;6731;;;;;;;;;;;;
fsateler;5;6854;6853;6847;6748;6741;;;;;;;;
iknite;1;6744;;;;;;;;;;;;
alexgann;2;6814;6753;;;;;;;;;;;
davidwinter;1;6765;;;;;;;;;;;;
nickroberts;2;6848;6774;;;;;;;;;;;
josephdpurcell;2;7935;6793;;;;;;;;;;;
drublic;1;6801;;;;;;;;;;;;
andrewgunn;1;6810;;;;;;;;;;;;
bc-luke;1;6824;;;;;;;;;;;;
frosas;1;6826;;;;;;;;;;;;
hefangshi;2;6836;6831;;;;;;;;;;;
pparidans;1;6838;;;;;;;;;;;;
awebdeveloper;3;11537;8200;6841;;;;;;;;;;
PEM--;1;6857;;;;;;;;;;;;
derekclapham;1;6864;;;;;;;;;;;;
dstroot;2;9902;6868;;;;;;;;;;;
sdepold;1;6877;;;;;;;;;;;;
jormon;1;6895;;;;;;;;;;;;
wyuenho;2;6899;6898;;;;;;;;;;;
ahawkins;1;6902;;;;;;;;;;;;
finnp;1;6909;;;;;;;;;;;;
jamesmfriedman;2;7151;6911;;;;;;;;;;;
ylaassel;1;6912;;;;;;;;;;;;
AnthonyWlodarski;1;6920;;;;;;;;;;;;
richardkiss;1;6938;;;;;;;;;;;;
spyhole;1;6941;;;;;;;;;;;;
hariadi;2;8349;6946;;;;;;;;;;;
jfroom;1;6964;;;;;;;;;;;;
rzhw;1;6970;;;;;;;;;;;;
lussoluca;1;6981;;;;;;;;;;;;
ds82;1;6987;;;;;;;;;;;;
cedriclombardot;1;6994;;;;;;;;;;;;
hnkang;1;7001;;;;;;;;;;;;
kontr0l;3;7012;7010;7007;;;;;;;;;;
whitelynx;1;7013;;;;;;;;;;;;
cethap;1;7016;;;;;;;;;;;;
oltodo;1;7018;;;;;;;;;;;;
ldbglobe;1;7019;;;;;;;;;;;;
ahockersten;2;7225;7022;;;;;;;;;;;
mkblough;3;7271;7270;7023;;;;;;;;;;
barretts;1;7026;;;;;;;;;;;;
BernhardRode;2;7034;7033;;;;;;;;;;;
vilius;1;7036;;;;;;;;;;;;
Silviusconcept;1;7039;;;;;;;;;;;;
teejun;1;7046;;;;;;;;;;;;
eternalD;1;7058;;;;;;;;;;;;
alexkalderimis;4;7301;7299;7060;7059;;;;;;;;;
jarseneault;1;7064;;;;;;;;;;;;
JelteF;5;15665;15531;14092;13831;7067;;;;;;;;
f0t0n;1;7071;;;;;;;;;;;;
DenisGorbachev;1;7072;;;;;;;;;;;;
roytruelove;1;7080;;;;;;;;;;;;
jgehrcke;1;7081;;;;;;;;;;;;
gingi;2;7084;7083;;;;;;;;;;;
posco2k8;1;7094;;;;;;;;;;;;
Ikkerens;1;7101;;;;;;;;;;;;
meelash;1;7102;;;;;;;;;;;;
klaemo;1;7112;;;;;;;;;;;;
olahol;1;7113;;;;;;;;;;;;
jamiethepiper;1;7114;;;;;;;;;;;;
shageman;1;7122;;;;;;;;;;;;
poops;1;7127;;;;;;;;;;;;
captainpete;1;7130;;;;;;;;;;;;
jacobstr;4;7991;7990;7257;7133;;;;;;;;;
NicholasBambury;1;7136;;;;;;;;;;;;
smcmurray;3;7164;7154;7152;;;;;;;;;;
CuCTeMeH;1;7168;;;;;;;;;;;;
archonic;3;7186;7173;7172;;;;;;;;;;
bendetat;1;7175;;;;;;;;;;;;
draeton;2;7184;7183;;;;;;;;;;;
rowanlupton;1;7187;;;;;;;;;;;;
niallobrien;1;7189;;;;;;;;;;;;
leadVisionary;1;7191;;;;;;;;;;;;
masterojitos;1;7207;;;;;;;;;;;;
mitnal;1;7211;;;;;;;;;;;;
liquidgecka;1;7226;;;;;;;;;;;;
btholt;2;7243;7230;;;;;;;;;;;
NadaAldahleh;1;7240;;;;;;;;;;;;
jamesdaily;1;7241;;;;;;;;;;;;
mmjmanders;1;7250;;;;;;;;;;;;
deanpcmad;1;7253;;;;;;;;;;;;
quot16;1;7255;;;;;;;;;;;;
richo;1;7278;;;;;;;;;;;;
depsypher;1;7283;;;;;;;;;;;;
pickypg;2;7298;7288;;;;;;;;;;;
Albofish;1;7292;;;;;;;;;;;;
releu;1;7307;;;;;;;;;;;;
SBoudrias;1;7310;;;;;;;;;;;;
srsgores;1;7314;;;;;;;;;;;;
driesdesmet;1;7317;;;;;;;;;;;;
romaricdrigon;2;7330;7329;;;;;;;;;;;
FestivalBobcats;1;7331;;;;;;;;;;;;
cnanney;1;7336;;;;;;;;;;;;
hafeyang;1;7338;;;;;;;;;;;;
Ankater;1;7343;;;;;;;;;;;;
liamcurry;2;7345;7344;;;;;;;;;;;
jeremyworboys;2;7347;7346;;;;;;;;;;;
invisipunk;2;7379;7359;;;;;;;;;;;
leesei;1;7360;;;;;;;;;;;;
hbeigi;4;8000;7606;7362;7361;;;;;;;;;
AlexandrYZ;1;7366;;;;;;;;;;;;
willfarrell;2;7470;7369;;;;;;;;;;;
disfated;1;7370;;;;;;;;;;;;
jwadhams;1;7383;;;;;;;;;;;;
jstromergalley;1;7405;;;;;;;;;;;;
evgeni;1;7406;;;;;;;;;;;;
wytheyang;1;7421;;;;;;;;;;;;
thierryc;1;7423;;;;;;;;;;;;
kdimatteo;1;7463;;;;;;;;;;;;
vithun;1;7465;;;;;;;;;;;;
Cliprz;1;7466;;;;;;;;;;;;
alaa13212;4;10281;8431;8424;7468;;;;;;;;;
nvie;1;7472;;;;;;;;;;;;
chaplinkyle;2;7476;7475;;;;;;;;;;;
yuukari;2;7506;7505;;;;;;;;;;;
Karklis;3;7609;7518;7507;;;;;;;;;;
davemurphysf;2;7510;7509;;;;;;;;;;;
mimo84;1;7513;;;;;;;;;;;;
flegall;1;7522;;;;;;;;;;;;
peterhil;1;7529;;;;;;;;;;;;
cscade;2;12729;7547;;;;;;;;;;;
jashank;1;7563;;;;;;;;;;;;
eniolopes;1;7565;;;;;;;;;;;;
bernii;1;7566;;;;;;;;;;;;
ixisio;1;7584;;;;;;;;;;;;
reversefold;1;7596;;;;;;;;;;;;
nbluis;1;7597;;;;;;;;;;;;
simsalabim;2;7970;7600;;;;;;;;;;;
raylu;1;7614;;;;;;;;;;;;
harrycheung;1;7643;;;;;;;;;;;;
poinsignon;1;7649;;;;;;;;;;;;
bogtan;1;7656;;;;;;;;;;;;
tgriesser;1;7660;;;;;;;;;;;;
phcoliveira;1;7669;;;;;;;;;;;;
m3qx;1;7674;;;;;;;;;;;;
timlind;1;7685;;;;;;;;;;;;
shishirmk;1;7692;;;;;;;;;;;;
jaycetde;2;7697;7696;;;;;;;;;;;
dr-dimitru;2;7711;7708;;;;;;;;;;;
theoreticaLee;1;7710;;;;;;;;;;;;
ajacksified;1;7731;;;;;;;;;;;;
bartsqueezy;1;7732;;;;;;;;;;;;
Zweer;1;7736;;;;;;;;;;;;
sw-double;1;7753;;;;;;;;;;;;
meenie;1;7755;;;;;;;;;;;;
hswong3i;2;7810;7758;;;;;;;;;;;
childnode;6;7777;7776;7775;7774;7773;7772;;;;;;;
seriema;2;7786;7780;;;;;;;;;;;
rodolfo42;1;7790;;;;;;;;;;;;
hoho;2;14542;7800;;;;;;;;;;;
joshrtay;1;7821;;;;;;;;;;;;
einartryggvi;3;8502;7831;7830;;;;;;;;;;
ckj;1;7839;;;;;;;;;;;;
sporkd;2;7848;7847;;;;;;;;;;;
jpc;1;7849;;;;;;;;;;;;
buberdds;2;7857;7855;;;;;;;;;;;
dhui;1;7862;;;;;;;;;;;;
k-bx;1;7868;;;;;;;;;;;;
hawkowl;1;7869;;;;;;;;;;;;
Companjo;1;7876;;;;;;;;;;;;
lennerd;1;7880;;;;;;;;;;;;
justindmartin;1;7886;;;;;;;;;;;;
ilsenem;1;7892;;;;;;;;;;;;
Nicolab;1;7894;;;;;;;;;;;;
farazyusufi;1;7902;;;;;;;;;;;;
ehkasper;1;7904;;;;;;;;;;;;
chemerisuk;1;7912;;;;;;;;;;;;
Rarst;1;7915;;;;;;;;;;;;
zacharydenton;1;7924;;;;;;;;;;;;
javaporter;2;7952;7941;;;;;;;;;;;
wilkinson;1;7943;;;;;;;;;;;;
NotBobTheBuilder;1;7950;;;;;;;;;;;;
serveace;2;7963;7962;;;;;;;;;;;
chrislondon;2;7965;7964;;;;;;;;;;;
fayland;1;7973;;;;;;;;;;;;
lucyperkins;1;7974;;;;;;;;;;;;
robkorv;2;9771;7975;;;;;;;;;;;
ainxHub;1;7978;;;;;;;;;;;;
roelvanhintum;1;7994;;;;;;;;;;;;
helluvamatt;1;8008;;;;;;;;;;;;
leefaus;1;8023;;;;;;;;;;;;
JordanHua;4;8027;8026;8025;8024;;;;;;;;;
YOLOSOFT;1;8035;;;;;;;;;;;;
bhush9;1;8047;;;;;;;;;;;;
ethaizone;1;8054;;;;;;;;;;;;
tacone;1;8056;;;;;;;;;;;;
xuhdev;1;8062;;;;;;;;;;;;
arthurdarcet;1;8063;;;;;;;;;;;;
woniesong92;1;8076;;;;;;;;;;;;
gleenn;1;8077;;;;;;;;;;;;
alexcesaro;1;8079;;;;;;;;;;;;
DarthStrom;1;8083;;;;;;;;;;;;
xezzus;1;8085;;;;;;;;;;;;
paleite;1;8099;;;;;;;;;;;;
arsnl;1;8103;;;;;;;;;;;;
vandalizmo;2;8115;8109;;;;;;;;;;;
mattreduce;1;8112;;;;;;;;;;;;
sclarson;3;11664;10913;8113;;;;;;;;;;
rikiless;1;8114;;;;;;;;;;;;
dark-cms;1;8116;;;;;;;;;;;;
yim1990;1;8118;;;;;;;;;;;;
LabLayers;1;8119;;;;;;;;;;;;
sgmcb;1;8165;;;;;;;;;;;;
wenmingtang;1;8198;;;;;;;;;;;;
fixe;1;8209;;;;;;;;;;;;
acasademont;1;8224;;;;;;;;;;;;
agiuliano;1;8225;;;;;;;;;;;;
sheena-;1;8227;;;;;;;;;;;;
solocommand;1;8230;;;;;;;;;;;;
snypelife;1;8231;;;;;;;;;;;;
rayqian;3;8236;8235;8234;;;;;;;;;;
Starefossen;1;8247;;;;;;;;;;;;
loganweilenman;1;8253;;;;;;;;;;;;
Leonidaz;1;8257;;;;;;;;;;;;
myint;1;8259;;;;;;;;;;;;
timmytofu;1;8263;;;;;;;;;;;;
za-creature;1;8264;;;;;;;;;;;;
aasierra;2;8272;8271;;;;;;;;;;;
secjex;1;8280;;;;;;;;;;;;
saubhagya;1;8314;;;;;;;;;;;;
ramirovjr;2;8320;8319;;;;;;;;;;;
userTestGit;1;8331;;;;;;;;;;;;
bbaia;1;8354;;;;;;;;;;;;
kachar;1;8381;;;;;;;;;;;;
jcoleman;1;8387;;;;;;;;;;;;
metrofun;1;8393;;;;;;;;;;;;
rebost;1;8394;;;;;;;;;;;;
russkel;1;8421;;;;;;;;;;;;
tranzfuse;1;8425;;;;;;;;;;;;
jdan;1;8427;;;;;;;;;;;;
rmehta;1;8429;;;;;;;;;;;;
kix;1;8435;;;;;;;;;;;;
jtheoof;1;8438;;;;;;;;;;;;
Deele;2;8449;8448;;;;;;;;;;;
Nicop06;1;8450;;;;;;;;;;;;
DavoBR;1;8461;;;;;;;;;;;;
rkgrep;4;8477;8475;8473;8462;;;;;;;;;
akimball;1;8464;;;;;;;;;;;;
tobias74;2;8494;8486;;;;;;;;;;;
mumualex;1;8500;;;;;;;;;;;;
zyzniewski;1;8501;;;;;;;;;;;;
bwhmather;1;8506;;;;;;;;;;;;
eastridge;1;8518;;;;;;;;;;;;
ShaunR;3;14393;13994;8520;;;;;;;;;;
j1wilmot;1;8523;;;;;;;;;;;;
kylev;1;8541;;;;;;;;;;;;
huebs;1;8551;;;;;;;;;;;;
EnglewoodCodes;1;8552;;;;;;;;;;;;
hawaiianchimp;2;8566;8565;;;;;;;;;;;
betty1rby;1;8581;;;;;;;;;;;;
herregroen;1;8596;;;;;;;;;;;;
AlexandreBroudin;1;8597;;;;;;;;;;;;
maddes;2;8610;8609;;;;;;;;;;;
robotfelix;1;8640;;;;;;;;;;;;
mstaessen;1;8653;;;;;;;;;;;;
jaetea;1;8691;;;;;;;;;;;;
pablete;1;8694;;;;;;;;;;;;
Tjoene;1;8699;;;;;;;;;;;;
existentialism;1;8803;;;;;;;;;;;;
thorsten;1;8806;;;;;;;;;;;;
lingihuang;1;8836;;;;;;;;;;;;
andrew-cunliffe;1;8858;;;;;;;;;;;;
jaydeepgajera;1;8879;;;;;;;;;;;;
JeremDsgn;1;8893;;;;;;;;;;;;
ganemone;1;8902;;;;;;;;;;;;
mrhudson87;1;8906;;;;;;;;;;;;
mattnish;2;13539;8929;;;;;;;;;;;
nele-andersen;1;8949;;;;;;;;;;;;
plankguy;1;8977;;;;;;;;;;;;
brunoqueiros;1;8978;;;;;;;;;;;;
sladebot;2;8986;8984;;;;;;;;;;;
krasnoperov;2;9069;9021;;;;;;;;;;;
ibrasho;1;9031;;;;;;;;;;;;
frankjwu;1;9033;;;;;;;;;;;;
nakula;1;9039;;;;;;;;;;;;
MartinMartimeo;1;9044;;;;;;;;;;;;
igorlima;1;9053;;;;;;;;;;;;
marclaporte;1;9075;;;;;;;;;;;;
jgeurts;1;9082;;;;;;;;;;;;
rhodrykorb;6;9994;9852;9098;9096;9094;9093;;;;;;;
intportg;1;9101;;;;;;;;;;;;
RGBboy;1;9112;;;;;;;;;;;;
ajb;1;9137;;;;;;;;;;;;
nathanathan;1;9167;;;;;;;;;;;;
GYatesIII;1;9216;;;;;;;;;;;;
abhishek4official;1;9252;;;;;;;;;;;;
easylogic;1;9264;;;;;;;;;;;;
marshmellow1328;1;9266;;;;;;;;;;;;
Yahasana;2;21419;9274;;;;;;;;;;;
woto;1;9279;;;;;;;;;;;;
rowlando;1;9297;;;;;;;;;;;;
nippo;1;9316;;;;;;;;;;;;
smoran02;1;9335;;;;;;;;;;;;
iwillwen;1;9340;;;;;;;;;;;;
bcphung;1;9359;;;;;;;;;;;;
young-steveo;1;9385;;;;;;;;;;;;
snicky;1;9408;;;;;;;;;;;;
windcold;2;12005;9422;;;;;;;;;;;
LaurentGoderre;2;14639;9435;;;;;;;;;;;
sdhull;1;9461;;;;;;;;;;;;
raido;2;10941;9485;;;;;;;;;;;
cavico;1;9519;;;;;;;;;;;;
joshma;1;9576;;;;;;;;;;;;
chibicode;1;9657;;;;;;;;;;;;
simi;1;9666;;;;;;;;;;;;
turchenkoalex;1;9692;;;;;;;;;;;;
diegolameira;1;9810;;;;;;;;;;;;
xiaoquanji;1;9824;;;;;;;;;;;;
thexyba;1;9869;;;;;;;;;;;;
j1c;1;9897;;;;;;;;;;;;
ollym;2;9975;9911;;;;;;;;;;;
FlappyLemon;1;9943;;;;;;;;;;;;
hzhu;1;9954;;;;;;;;;;;;
iamucil;1;9967;;;;;;;;;;;;
complementaryArt;1;10007;;;;;;;;;;;;
PrajitR;1;10015;;;;;;;;;;;;
dontbother;1;10016;;;;;;;;;;;;
gonimar;1;10023;;;;;;;;;;;;
waterwaves;1;10032;;;;;;;;;;;;
davegaeddert;1;10053;;;;;;;;;;;;
domnli;1;10061;;;;;;;;;;;;
bhoodream;1;10119;;;;;;;;;;;;
schultyy;1;10120;;;;;;;;;;;;
douglasduteil;1;10151;;;;;;;;;;;;
iwhp;1;10158;;;;;;;;;;;;
whazap;1;10160;;;;;;;;;;;;
PayteR;1;10200;;;;;;;;;;;;
mauvm;1;10206;;;;;;;;;;;;
heldchen;1;10234;;;;;;;;;;;;
arttema;1;10244;;;;;;;;;;;;
tonicboy;1;10261;;;;;;;;;;;;
Bartmax;2;10300;10264;;;;;;;;;;;
zackarychapple;1;10267;;;;;;;;;;;;
Pephers;1;10283;;;;;;;;;;;;
TengfeiQi;1;10297;;;;;;;;;;;;
beregon;1;10303;;;;;;;;;;;;
el7cosmos;2;11206;10349;;;;;;;;;;;
nathan-muir;2;10386;10385;;;;;;;;;;;
tardate;1;10387;;;;;;;;;;;;
Blackhawkso;1;10400;;;;;;;;;;;;
steveperrycreative;1;10404;;;;;;;;;;;;
adaptabi;1;10422;;;;;;;;;;;;
josephilipraja;1;10432;;;;;;;;;;;;
benashby;1;10455;;;;;;;;;;;;
fchiumeo;1;10456;;;;;;;;;;;;
clouder;1;10457;;;;;;;;;;;;
fengjianglin;1;10462;;;;;;;;;;;;
sirreal;1;10467;;;;;;;;;;;;
rickypai;1;10479;;;;;;;;;;;;
dminkovsky;1;10483;;;;;;;;;;;;
ref4449;1;10487;;;;;;;;;;;;
Schwanksta;1;10507;;;;;;;;;;;;
dhcmrlchtdj;1;10510;;;;;;;;;;;;
dragon-lex;1;10514;;;;;;;;;;;;
altano;1;10517;;;;;;;;;;;;
mtawil;4;12384;12383;10672;10534;;;;;;;;;
ebird2211;1;10540;;;;;;;;;;;;
drewcovi;1;10549;;;;;;;;;;;;
PatrickHeneise;1;10554;;;;;;;;;;;;
nchapman;1;10581;;;;;;;;;;;;
ForbesLindesay;1;10587;;;;;;;;;;;;
chrisege;1;10625;;;;;;;;;;;;
jonmadison;1;10667;;;;;;;;;;;;
wzpan;1;10671;;;;;;;;;;;;
literalice;1;10675;;;;;;;;;;;;
colmtuite;3;10684;10681;10676;;;;;;;;;;
thisispiers;2;11120;10700;;;;;;;;;;;
bpugh;1;10708;;;;;;;;;;;;
slobo;1;10737;;;;;;;;;;;;
dcxy;1;10747;;;;;;;;;;;;
navarr;1;10752;;;;;;;;;;;;
bleonard;1;10787;;;;;;;;;;;;
chapterjason;1;10799;;;;;;;;;;;;
thcipriani;6;15353;15352;15271;13103;12883;10814;;;;;;;
hansede;1;10822;;;;;;;;;;;;
miniplus;1;10837;;;;;;;;;;;;
alexbea;2;10881;10838;;;;;;;;;;;
mgol;1;10843;;;;;;;;;;;;
sergeyzwezdin;1;10852;;;;;;;;;;;;
CWSites;1;10910;;;;;;;;;;;;
mkoryak;1;10920;;;;;;;;;;;;
azuby;2;11448;10934;;;;;;;;;;;
smariussorin;1;10940;;;;;;;;;;;;
binlabs;1;10946;;;;;;;;;;;;
chrischen;1;10952;;;;;;;;;;;;
impishj;1;10968;;;;;;;;;;;;
DanielBaird;1;10973;;;;;;;;;;;;
junyuecao;1;10975;;;;;;;;;;;;
metalmatze;1;10983;;;;;;;;;;;;
TomMcHugh;1;10995;;;;;;;;;;;;
YodasWs;7;11181;11171;11063;11062;11061;11060;11048;;;;;;
restlesspw;1;11056;;;;;;;;;;;;
leoken;1;11065;;;;;;;;;;;;
bORm;3;11071;11070;11069;;;;;;;;;;
fmy;1;11101;;;;;;;;;;;;
benmccann;1;11131;;;;;;;;;;;;
santialbo;1;11142;;;;;;;;;;;;
reardestani;3;17535;11160;11159;;;;;;;;;;
antho1404;1;11180;;;;;;;;;;;;
ThinTim;1;11191;;;;;;;;;;;;
parshap;2;11198;11197;;;;;;;;;;;
BertrandBordage;1;11199;;;;;;;;;;;;
aasquare3;1;11212;;;;;;;;;;;;
ivanmorales;1;11215;;;;;;;;;;;;
cloe-perrotin;1;11231;;;;;;;;;;;;
MiguhRuiz;1;11254;;;;;;;;;;;;
Livinius;1;11268;;;;;;;;;;;;
Delightend;2;15670;11289;;;;;;;;;;;
RonTampon;2;11305;11304;;;;;;;;;;;
MeinAccount;1;11313;;;;;;;;;;;;
asselin;1;11314;;;;;;;;;;;;
fleaflicker;2;12947;11316;;;;;;;;;;;
island205;1;11347;;;;;;;;;;;;
jonsully;1;11364;;;;;;;;;;;;
amigrave;1;11373;;;;;;;;;;;;
mattjanssen;1;11379;;;;;;;;;;;;
eleung;1;11395;;;;;;;;;;;;
bgaillard;1;11421;;;;;;;;;;;;
crossjs;2;11429;11428;;;;;;;;;;;
ewang;1;11446;;;;;;;;;;;;
adrientetar;1;11449;;;;;;;;;;;;
thedj21;1;11452;;;;;;;;;;;;
juanignaciowingu;1;11457;;;;;;;;;;;;
brandonaaron;1;11460;;;;;;;;;;;;
thephw;1;11463;;;;;;;;;;;;
Untit1ed;1;11475;;;;;;;;;;;;
nchelluri;1;11479;;;;;;;;;;;;
Elijen;1;11482;;;;;;;;;;;;
bananaxzw;2;13300;11523;;;;;;;;;;;
AleshaOleg;1;11527;;;;;;;;;;;;
geekcubed;1;11529;;;;;;;;;;;;
Zaku4;1;11570;;;;;;;;;;;;
alepane21;1;11576;;;;;;;;;;;;
tandrewnichols;1;11577;;;;;;;;;;;;
targunp;1;11583;;;;;;;;;;;;
mariomaric;1;11602;;;;;;;;;;;;
iainvdw;1;11630;;;;;;;;;;;;
ftbastler;1;11641;;;;;;;;;;;;
xxming;1;11649;;;;;;;;;;;;
wizsilex;1;11654;;;;;;;;;;;;
byashimov;1;11682;;;;;;;;;;;;
dana-shalev;1;11686;;;;;;;;;;;;
shaundon;1;11689;;;;;;;;;;;;
boennemann;1;11696;;;;;;;;;;;;
MohamedAlaa;1;11704;;;;;;;;;;;;
dlebech;1;11743;;;;;;;;;;;;
ozzyogkush;1;11762;;;;;;;;;;;;
panarasi;2;12128;11802;;;;;;;;;;;
mjtamlyn;1;11813;;;;;;;;;;;;
jooleeunc;1;11827;;;;;;;;;;;;
pete-otaqui;1;11851;;;;;;;;;;;;
jamesblack;1;11875;;;;;;;;;;;;
bashmish;1;11944;;;;;;;;;;;;
jwimmer;1;11962;;;;;;;;;;;;
fakiolinho;1;11988;;;;;;;;;;;;
mschipperheyn;1;12002;;;;;;;;;;;;
mishunov;1;12026;;;;;;;;;;;;
francis-liberty;2;13185;12052;;;;;;;;;;;
magicalhobo;1;12089;;;;;;;;;;;;
Robadob;1;12101;;;;;;;;;;;;
deviprsd21;1;12102;;;;;;;;;;;;
DeanXu;1;12132;;;;;;;;;;;;
tomyam1;1;12140;;;;;;;;;;;;
mkurz;1;12142;;;;;;;;;;;;
jducobu;1;12169;;;;;;;;;;;;
leods92;1;12173;;;;;;;;;;;;
younglucky;1;12177;;;;;;;;;;;;
tdoly;1;12178;;;;;;;;;;;;
pom-pom;1;12185;;;;;;;;;;;;
dflock;1;12210;;;;;;;;;;;;
hlop;1;12217;;;;;;;;;;;;
westurner;1;12228;;;;;;;;;;;;
mindw0rm;1;12239;;;;;;;;;;;;
MrAntix;3;13183;13110;12296;;;;;;;;;;
nkav;1;12299;;;;;;;;;;;;
iiic;1;12330;;;;;;;;;;;;
redpik;1;12358;;;;;;;;;;;;
mvrhov;1;12362;;;;;;;;;;;;
danrabinowitz;1;12367;;;;;;;;;;;;
oeelvik;1;12368;;;;;;;;;;;;
Illianthe;1;12392;;;;;;;;;;;;
JonathanBesson;1;12413;;;;;;;;;;;;
nathan-osman;1;12419;;;;;;;;;;;;
johnckendall;1;12421;;;;;;;;;;;;
mikkotikkanen;1;12430;;;;;;;;;;;;
plainspace;3;12529;12493;12449;;;;;;;;;;
yoshi6jp;1;12470;;;;;;;;;;;;
nilsbunger;1;12527;;;;;;;;;;;;
codatrigger;1;12584;;;;;;;;;;;;
antespi;1;12586;;;;;;;;;;;;
vukoje;1;12604;;;;;;;;;;;;
trshafer;1;12624;;;;;;;;;;;;
OliverRC;1;12676;;;;;;;;;;;;
montchr;1;12687;;;;;;;;;;;;
hyunchulkwak;1;12691;;;;;;;;;;;;
fieldsco;1;12733;;;;;;;;;;;;
gxclarke;1;12740;;;;;;;;;;;;
dairiki;1;12756;;;;;;;;;;;;
alesdotio;2;14661;12776;;;;;;;;;;;
alOneh;1;12786;;;;;;;;;;;;
Jonahss;1;12798;;;;;;;;;;;;
pytkin;1;12804;;;;;;;;;;;;
hiroshido;1;12823;;;;;;;;;;;;
evgenyrodionov;2;12825;12824;;;;;;;;;;;
Rynoh;1;12831;;;;;;;;;;;;
michaek;1;12835;;;;;;;;;;;;
jasonmorganson;1;12869;;;;;;;;;;;;
dolfly;1;12874;;;;;;;;;;;;
maxvyaznikov;1;12876;;;;;;;;;;;;
lambacck;1;12879;;;;;;;;;;;;
s2software;3;13128;13078;12885;;;;;;;;;;
donquixote;1;12893;;;;;;;;;;;;
sevab;1;12907;;;;;;;;;;;;
raulferras;1;12909;;;;;;;;;;;;
cleargif;1;12910;;;;;;;;;;;;
maxoizs;1;12944;;;;;;;;;;;;
zhaoda;1;13006;;;;;;;;;;;;
rodrigobaron;1;13066;;;;;;;;;;;;
cerlestes;1;13069;;;;;;;;;;;;
comster;1;13073;;;;;;;;;;;;
maggiben;1;13079;;;;;;;;;;;;
robfletcher;1;13099;;;;;;;;;;;;
mattrco;1;13107;;;;;;;;;;;;
ui-aliraza;1;13108;;;;;;;;;;;;
CalvinGrain;1;13118;;;;;;;;;;;;
xfq;1;13127;;;;;;;;;;;;
penyaskito;1;13129;;;;;;;;;;;;
homeslicesolutions;1;13142;;;;;;;;;;;;
hailtonsilva;1;13158;;;;;;;;;;;;
mattbearman;1;13164;;;;;;;;;;;;
jonashuckestein;1;13166;;;;;;;;;;;;
matrixdevuk;1;13170;;;;;;;;;;;;
thomasgohard;1;13180;;;;;;;;;;;;
tschaub;1;13182;;;;;;;;;;;;
shaneedwards;1;13187;;;;;;;;;;;;
johnymachine;1;13192;;;;;;;;;;;;
DavidBruant;1;13209;;;;;;;;;;;;
pconerly;1;13220;;;;;;;;;;;;
nhall;1;13228;;;;;;;;;;;;
apreiml;1;13232;;;;;;;;;;;;
amitkeret;1;13255;;;;;;;;;;;;
zessx;1;13275;;;;;;;;;;;;
roccomuso;1;13283;;;;;;;;;;;;
tdolsen;1;13286;;;;;;;;;;;;
t3chnoboy;1;13289;;;;;;;;;;;;
chi-lee;1;13298;;;;;;;;;;;;
zenati;2;13311;13310;;;;;;;;;;;
Inventitech;1;13313;;;;;;;;;;;;
mrzzcn;1;13333;;;;;;;;;;;;
adobi;1;13342;;;;;;;;;;;;
charlesbjohnson;2;13405;13392;;;;;;;;;;;
jpfx1342;1;13403;;;;;;;;;;;;
ihuanglei;1;13417;;;;;;;;;;;;
mediademo;1;13421;;;;;;;;;;;;
dschenk;1;13426;;;;;;;;;;;;
MousaAlqarni;4;13567;13566;13565;13445;;;;;;;;;
jsloyer;1;13452;;;;;;;;;;;;
TheComputerDude;1;13454;;;;;;;;;;;;
Limero;1;13458;;;;;;;;;;;;
ideager;1;13471;;;;;;;;;;;;
hennande;1;13487;;;;;;;;;;;;
sigo;1;13492;;;;;;;;;;;;
rayphyxt;1;13494;;;;;;;;;;;;
printercu;1;13502;;;;;;;;;;;;
prabinpebam;1;13510;;;;;;;;;;;;
bozdoz;1;13513;;;;;;;;;;;;
ouyadi;1;13518;;;;;;;;;;;;
Dakuan;1;13519;;;;;;;;;;;;
kperwel;1;13551;;;;;;;;;;;;
tadeuzagallo;1;13563;;;;;;;;;;;;
Alvareto;1;13568;;;;;;;;;;;;
rootman;1;13569;;;;;;;;;;;;
JelmerD;1;13592;;;;;;;;;;;;
gastlich;1;13597;;;;;;;;;;;;
tivvit;1;13598;;;;;;;;;;;;
kordero;1;13599;;;;;;;;;;;;
Harris-Miller;1;13602;;;;;;;;;;;;
ericberens;1;13614;;;;;;;;;;;;
choffmeister;1;13617;;;;;;;;;;;;
alexpts;1;13631;;;;;;;;;;;;
appleboy;1;13642;;;;;;;;;;;;
agusl88;1;13658;;;;;;;;;;;;
Butter1484;2;13663;13662;;;;;;;;;;;
mckramer;1;13664;;;;;;;;;;;;
ExaBerries;1;13693;;;;;;;;;;;;
mikegreiling;1;13702;;;;;;;;;;;;
timmywil;2;14175;13704;;;;;;;;;;;
nanuclickity;2;20331;13711;;;;;;;;;;;
peterjwest;1;13718;;;;;;;;;;;;
vpukhanov;1;13743;;;;;;;;;;;;
jmoretti-tobi;1;13754;;;;;;;;;;;;
fletch3555;1;13758;;;;;;;;;;;;
tamarazuk;1;13759;;;;;;;;;;;;
dkrnl;1;13760;;;;;;;;;;;;
erwanjegouzo;1;13782;;;;;;;;;;;;
troytc;1;13797;;;;;;;;;;;;
yctay;1;13810;;;;;;;;;;;;
joeynguyen;1;13821;;;;;;;;;;;;
Yamarata;1;13828;;;;;;;;;;;;
viart;1;13832;;;;;;;;;;;;
cdutson;1;13837;;;;;;;;;;;;
ickbinhier;1;13839;;;;;;;;;;;;
brettstack;1;13858;;;;;;;;;;;;
theptrk;1;13885;;;;;;;;;;;;
diegorodriguesvieira;2;16838;13898;;;;;;;;;;;
jonahbgoode;1;13899;;;;;;;;;;;;
mischah;1;13927;;;;;;;;;;;;
LubomirGeorgiev;3;14664;14616;13932;;;;;;;;;;
jshawl;1;13955;;;;;;;;;;;;
kapooostin;1;13965;;;;;;;;;;;;
steelywing;2;13999;13998;;;;;;;;;;;
shinyrabbit;1;14002;;;;;;;;;;;;
strivek;1;14007;;;;;;;;;;;;
FarSeeing;1;14022;;;;;;;;;;;;
mlintern;1;14048;;;;;;;;;;;;
designorant;1;14063;;;;;;;;;;;;
alexboots;1;14084;;;;;;;;;;;;
kkaysullivan;2;14096;14095;;;;;;;;;;;
IDisposable;2;15674;14103;;;;;;;;;;;
afanasy;2;14127;14121;;;;;;;;;;;
lisongyu;1;14135;;;;;;;;;;;;
ashanbrown;1;14189;;;;;;;;;;;;
frewsxcv;1;14206;;;;;;;;;;;;
prateem;1;14217;;;;;;;;;;;;
ericmartel;2;15686;14226;;;;;;;;;;;
Ninos;2;15406;14232;;;;;;;;;;;
famaridon;1;14236;;;;;;;;;;;;
iamxz;1;14260;;;;;;;;;;;;
spacepluk;1;14266;;;;;;;;;;;;
gerardkcohen;2;15263;14295;;;;;;;;;;;
ryenus;1;14307;;;;;;;;;;;;
JimtotheB;1;14351;;;;;;;;;;;;
stefansundin;1;14357;;;;;;;;;;;;
samme;1;14363;;;;;;;;;;;;
ankurp;2;14747;14378;;;;;;;;;;;
electricessence;1;14379;;;;;;;;;;;;
diogeneskelsen;1;14392;;;;;;;;;;;;
ohryan;1;14400;;;;;;;;;;;;
seven-phases-max;1;14410;;;;;;;;;;;;
Torone;1;14414;;;;;;;;;;;;
gfpacheco;2;17501;14421;;;;;;;;;;;
amrdraz;1;14429;;;;;;;;;;;;
zayyid;1;14434;;;;;;;;;;;;
Ben-Russell;2;16788;14463;;;;;;;;;;;
bkwebster;1;14471;;;;;;;;;;;;
zkwentz;1;14474;;;;;;;;;;;;
PeterDaveHello;2;20917;14485;;;;;;;;;;;
shantipaija;1;14498;;;;;;;;;;;;
thr3-arendt;1;14500;;;;;;;;;;;;
iamphill;3;20664;14519;14518;;;;;;;;;;
iSimonWeb;2;14540;14538;;;;;;;;;;;
toytonic;1;14539;;;;;;;;;;;;
zedd45;1;14544;;;;;;;;;;;;
mateuszjarzewski;1;14545;;;;;;;;;;;;
gabrielalmir10;1;14551;;;;;;;;;;;;
MohammadYounes;3;14818;14572;14556;;;;;;;;;;
ecancino;1;14560;;;;;;;;;;;;
collinanderson;1;14567;;;;;;;;;;;;
W4RH4WK;1;14580;;;;;;;;;;;;
MatrixZ;5;15398;15388;14767;14763;14581;;;;;;;;
jaxgeller;1;14591;;;;;;;;;;;;
akasfei;1;14601;;;;;;;;;;;;
jesperkc;2;14603;14602;;;;;;;;;;;
kevinparkerson;1;14608;;;;;;;;;;;;
danse;1;14629;;;;;;;;;;;;
orige;1;14640;;;;;;;;;;;;
simsek97;1;14652;;;;;;;;;;;;
AlexJeng;1;14668;;;;;;;;;;;;
sarunas;1;14689;;;;;;;;;;;;
dimitriwalters;1;14714;;;;;;;;;;;;
vanhoofmaarten;1;14726;;;;;;;;;;;;
yuku-t;1;14740;;;;;;;;;;;;
alademann;1;14765;;;;;;;;;;;;
emelineclarke;1;14766;;;;;;;;;;;;
slavanga;1;14783;;;;;;;;;;;;
jaskorpe;1;14789;;;;;;;;;;;;
smasala;2;14812;14803;;;;;;;;;;;
TestGit7;1;14807;;;;;;;;;;;;
klysiuk;1;14825;;;;;;;;;;;;
Optify;1;14834;;;;;;;;;;;;
GantMan;1;14864;;;;;;;;;;;;
mperrando;1;14865;;;;;;;;;;;;
SEPEDI;1;14947;;;;;;;;;;;;
bodyno;13;15004;15003;15002;15001;15000;14999;14998;14997;14996;14995;14994;14992;14971
xuhong-;1;15034;;;;;;;;;;;;
itsmechlark;1;15037;;;;;;;;;;;;
luonghuycuong;1;15040;;;;;;;;;;;;
danbai;1;15043;;;;;;;;;;;;
shesek;1;15140;;;;;;;;;;;;
grvcoelho;1;15145;;;;;;;;;;;;
nickyod;1;15154;;;;;;;;;;;;
hero1122;1;15157;;;;;;;;;;;;
amircup2006;1;15165;;;;;;;;;;;;
Linko91;1;15171;;;;;;;;;;;;
orlandoaleman;1;15208;;;;;;;;;;;;
darkruell;1;15234;;;;;;;;;;;;
tangrammer;1;15237;;;;;;;;;;;;
ianw;2;15259;15241;;;;;;;;;;;
JackEllis;1;15252;;;;;;;;;;;;
kellygrape;1;15267;;;;;;;;;;;;
ankurkaushal;1;15281;;;;;;;;;;;;
NarApp;2;20151;15283;;;;;;;;;;;
DiegoLopesLima;1;15284;;;;;;;;;;;;
j3l11234;5;15318;15317;15314;15313;15286;;;;;;;;
FlowerWrong;1;15302;;;;;;;;;;;;
yeqiling;1;15310;;;;;;;;;;;;
dannguyen;1;15322;;;;;;;;;;;;
Yahkob;1;15329;;;;;;;;;;;;
caljp13;1;15345;;;;;;;;;;;;
P3trovichUA;1;15347;;;;;;;;;;;;
ricardopolo;1;15360;;;;;;;;;;;;
namlede;1;15366;;;;;;;;;;;;
zps938;1;15368;;;;;;;;;;;;
bogdy29;1;15371;;;;;;;;;;;;
fassetar;1;15382;;;;;;;;;;;;
niftylettuce;1;15422;;;;;;;;;;;;
darthwade;1;15446;;;;;;;;;;;;
elstgav;1;15447;;;;;;;;;;;;
oguzhanaslan;1;15468;;;;;;;;;;;;
Julez1212;2;15475;15469;;;;;;;;;;;
benhc123;1;15478;;;;;;;;;;;;
Darkseal;1;15484;;;;;;;;;;;;
CoryMcDonald;2;15539;15511;;;;;;;;;;;
wilsaj;1;15516;;;;;;;;;;;;
barneycarroll;1;15522;;;;;;;;;;;;
fiznool;1;15527;;;;;;;;;;;;
MarkMurphy;1;15542;;;;;;;;;;;;
hidegh;1;15550;;;;;;;;;;;;
rcartwright;1;15553;;;;;;;;;;;;
Que3216;1;15557;;;;;;;;;;;;
stramel;1;15563;;;;;;;;;;;;
kentongray;1;15582;;;;;;;;;;;;
nsteenbeek;3;16039;15637;15633;;;;;;;;;;
jesusprubio;1;15640;;;;;;;;;;;;
chen-wen;1;15645;;;;;;;;;;;;
rasca;1;15673;;;;;;;;;;;;
realtebo;1;15687;;;;;;;;;;;;
Xegyn;1;15694;;;;;;;;;;;;
hnxyhcz;1;15705;;;;;;;;;;;;
boogerlad;2;15721;15720;;;;;;;;;;;
chiragmongia;1;15730;;;;;;;;;;;;
mgibas;1;15731;;;;;;;;;;;;
nickyrasch;1;15734;;;;;;;;;;;;
trask;1;15746;;;;;;;;;;;;
Seb33300;1;15749;;;;;;;;;;;;
ijcheung;1;15751;;;;;;;;;;;;
vaziuok;1;15754;;;;;;;;;;;;
marcobiedermann;2;18590;15756;;;;;;;;;;;
tinjtian;1;15769;;;;;;;;;;;;
ankitcovetus;1;15770;;;;;;;;;;;;
chenleilei;1;15777;;;;;;;;;;;;
alexch;1;15782;;;;;;;;;;;;
stanleyxu2005;1;15790;;;;;;;;;;;;
jcalijurio;1;15801;;;;;;;;;;;;
efender;5;17476;17466;17459;17453;15803;;;;;;;;
craiglondon;1;15836;;;;;;;;;;;;
lukemcgregor;1;15848;;;;;;;;;;;;
tkrotoff;1;15854;;;;;;;;;;;;
goooseman;1;15895;;;;;;;;;;;;
TishoTM;1;15942;;;;;;;;;;;;
damaroja;1;15994;;;;;;;;;;;;
oxsav;1;15996;;;;;;;;;;;;
soyelmnd;1;16001;;;;;;;;;;;;
R4c00n;1;16003;;;;;;;;;;;;
foresthz;2;16067;16066;;;;;;;;;;;
nvnvenki;1;16070;;;;;;;;;;;;
manudwarf;1;16073;;;;;;;;;;;;
yashdeeph709;1;16093;;;;;;;;;;;;
d10n;1;16110;;;;;;;;;;;;
royopa;2;16114;16113;;;;;;;;;;;
kekers;1;16137;;;;;;;;;;;;
Intrepidd;2;16151;16142;;;;;;;;;;;
coladict;1;16145;;;;;;;;;;;;
rands0n;1;16155;;;;;;;;;;;;
wang-bo;1;16165;;;;;;;;;;;;
lookbadgers;1;16169;;;;;;;;;;;;
andreyshikov;1;16186;;;;;;;;;;;;
katlavan;3;16820;16197;16187;;;;;;;;;;
artemkaint;3;16218;16217;16210;;;;;;;;;;
James1x0;1;16212;;;;;;;;;;;;
rural21st;1;16240;;;;;;;;;;;;
AnasTawfeek;1;16261;;;;;;;;;;;;
fake-name;1;16273;;;;;;;;;;;;
copperdesign;3;21679;16288;16287;;;;;;;;;;
AndreiTelteu;2;16291;16289;;;;;;;;;;;
tarebyte;1;16301;;;;;;;;;;;;
zhujun6538;1;16309;;;;;;;;;;;;
jonathanpath;1;16312;;;;;;;;;;;;
jinxuejim;1;16319;;;;;;;;;;;;
kkbruce;1;16325;;;;;;;;;;;;
6;1;16332;;;;;;;;;;;;
mjdean1994;1;16343;;;;;;;;;;;;
godban;1;16345;;;;;;;;;;;;
gitter-badger;1;16347;;;;;;;;;;;;
expendable123;4;18372;18371;18370;16352;;;;;;;;;
niconoe-;2;16396;16395;;;;;;;;;;;
formych;1;16414;;;;;;;;;;;;
seven7seven;1;16433;;;;;;;;;;;;
rageit;1;16436;;;;;;;;;;;;
begizi;1;16444;;;;;;;;;;;;
PixnBits;2;16481;16479;;;;;;;;;;;
bryanbraun;1;16488;;;;;;;;;;;;
John198758;1;16490;;;;;;;;;;;;
huangxingle2009;1;16503;;;;;;;;;;;;
SkorX;1;16508;;;;;;;;;;;;
pdehaan;1;16517;;;;;;;;;;;;
matchdav;1;16534;;;;;;;;;;;;
ShadowedMists;1;16536;;;;;;;;;;;;
sinrise;1;16569;;;;;;;;;;;;
gniquil;1;16577;;;;;;;;;;;;
jaswanthn;1;16596;;;;;;;;;;;;
zzl520;1;16600;;;;;;;;;;;;
tushariyer;1;16605;;;;;;;;;;;;
ChameleonRed;1;16617;;;;;;;;;;;;
clarkdemvher;1;16628;;;;;;;;;;;;
hughanderson4;2;17468;16648;;;;;;;;;;;
DorothyMayDay;1;16653;;;;;;;;;;;;
gnysek;1;16654;;;;;;;;;;;;
Alber70g;1;16659;;;;;;;;;;;;
raghothams;1;16661;;;;;;;;;;;;
ktamas77;1;16670;;;;;;;;;;;;
GlobalHelp;1;16682;;;;;;;;;;;;
dhilowitz;1;16690;;;;;;;;;;;;
rafaelb;1;16698;;;;;;;;;;;;
NogsMPLS;1;16707;;;;;;;;;;;;
culm;1;16714;;;;;;;;;;;;
mrtinkz;1;16721;;;;;;;;;;;;
archit;1;16722;;;;;;;;;;;;
fifth5;2;16726;16725;;;;;;;;;;;
dsusco;1;16727;;;;;;;;;;;;
phistuck;1;16735;;;;;;;;;;;;
KaduAmaral;1;16738;;;;;;;;;;;;
meftunc;1;16754;;;;;;;;;;;;
theSKa;2;16760;16759;;;;;;;;;;;
ruiramos;1;16761;;;;;;;;;;;;
marijaninjo;1;16763;;;;;;;;;;;;
josephfusco;1;16772;;;;;;;;;;;;
Stardog;1;16776;;;;;;;;;;;;
Henni;1;16781;;;;;;;;;;;;
jlapolla;1;16790;;;;;;;;;;;;
markbernard;1;16799;;;;;;;;;;;;
taeguk;1;16808;;;;;;;;;;;;
hadalin;1;16816;;;;;;;;;;;;
Serya05;2;16832;16831;;;;;;;;;;;
bbars;1;16835;;;;;;;;;;;;
mkrdip;1;16846;;;;;;;;;;;;
csmosx;1;16848;;;;;;;;;;;;
WojciechKo;1;16850;;;;;;;;;;;;
AlexErmer;1;16852;;;;;;;;;;;;
brodie7301;1;16857;;;;;;;;;;;;
fuzhong1990;1;16858;;;;;;;;;;;;
vokidas;1;16867;;;;;;;;;;;;
masamiohsaki;1;16868;;;;;;;;;;;;
bateller;1;16878;;;;;;;;;;;;
melkored;1;16879;;;;;;;;;;;;
brettle;1;16880;;;;;;;;;;;;
fsmingji;3;16885;16884;16883;;;;;;;;;;
assgod;1;16889;;;;;;;;;;;;
mothsART;1;16890;;;;;;;;;;;;
ehinter;1;16892;;;;;;;;;;;;
pixelastic;1;16901;;;;;;;;;;;;
nifl;1;16903;;;;;;;;;;;;
jonathanp;2;16919;16918;;;;;;;;;;;
sanusart;2;18270;16932;;;;;;;;;;;
harbichidian;1;16947;;;;;;;;;;;;
mtj8033;1;16950;;;;;;;;;;;;
iJokerZ;1;16967;;;;;;;;;;;;
evilebottnawi;1;16974;;;;;;;;;;;;
aDarkling;1;16982;;;;;;;;;;;;
cskilbeck;1;16983;;;;;;;;;;;;
zhansnjust;1;16989;;;;;;;;;;;;
wuhw;2;17014;17013;;;;;;;;;;;
zachgibb;1;17032;;;;;;;;;;;;
Zopieux;1;17037;;;;;;;;;;;;
nielk;1;17039;;;;;;;;;;;;
anthonyvalera;2;17074;17043;;;;;;;;;;;
gbuckingham89;1;17048;;;;;;;;;;;;
azmenak;2;17212;17051;;;;;;;;;;;
jatinhariani;1;17071;;;;;;;;;;;;
stevie-mayhew;1;17082;;;;;;;;;;;;
ManojAMK;1;17091;;;;;;;;;;;;
boriskaiser;1;17100;;;;;;;;;;;;
davidjrichardson;1;17114;;;;;;;;;;;;
anshulguleria;2;17215;17116;;;;;;;;;;;
kevdotbadger;6;20649;20641;20640;20639;20637;17136;;;;;;;
charlestruluck;1;17162;;;;;;;;;;;;
tabone;2;17230;17229;;;;;;;;;;;
vejersele;2;18313;17272;;;;;;;;;;;
chrisnicotera;1;17283;;;;;;;;;;;;
nonnyohiyo;1;17307;;;;;;;;;;;;
poulphunter;1;17388;;;;;;;;;;;;
jonnitto;1;17401;;;;;;;;;;;;
IceskYsl;1;17409;;;;;;;;;;;;
douglasgornimello;1;17414;;;;;;;;;;;;
luisfmsouza;1;17420;;;;;;;;;;;;
licatajustin;1;17430;;;;;;;;;;;;
anorborg;1;17440;;;;;;;;;;;;
ncksllvn;1;17446;;;;;;;;;;;;
rosscdh;1;17454;;;;;;;;;;;;
muzige2000;1;17457;;;;;;;;;;;;
allanim;1;17471;;;;;;;;;;;;
copasetickid;1;17479;;;;;;;;;;;;
dustinmoris;1;17483;;;;;;;;;;;;
13635696737;1;17487;;;;;;;;;;;;
jamespegg;2;17490;17489;;;;;;;;;;;
jfarthing84;2;17514;17513;;;;;;;;;;;
meetbryce;1;17523;;;;;;;;;;;;
claviska;1;17548;;;;;;;;;;;;
AuyaJackie;1;17566;;;;;;;;;;;;
Baskerville42;1;17572;;;;;;;;;;;;
tgolen;1;17577;;;;;;;;;;;;
initaldk;1;17587;;;;;;;;;;;;
assembledadam;1;17590;;;;;;;;;;;;
BeklievParviz;2;18394;17591;;;;;;;;;;;
garrettjohnson;1;17594;;;;;;;;;;;;
ablackrain;1;17600;;;;;;;;;;;;
quxian;1;17601;;;;;;;;;;;;
jamez14;1;17607;;;;;;;;;;;;
dotku;2;17619;17618;;;;;;;;;;;
romancieslik;1;17637;;;;;;;;;;;;
abibell;4;17697;17651;17650;17648;;;;;;;;;
IdanCo;1;17660;;;;;;;;;;;;
AsoStrife;1;17661;;;;;;;;;;;;
copynpaste;1;17675;;;;;;;;;;;;
bokorir;1;17683;;;;;;;;;;;;
kzima;1;17698;;;;;;;;;;;;
jehhynes;1;17702;;;;;;;;;;;;
villeristi;1;17728;;;;;;;;;;;;
chris-barry;1;17729;;;;;;;;;;;;
Pletron;5;18299;18280;17910;17735;17734;;;;;;;;
zhaoliangfeng;1;17745;;;;;;;;;;;;
shirohana;2;18078;17765;;;;;;;;;;;
andrey-v;1;17766;;;;;;;;;;;;
rkhmelichek;1;17770;;;;;;;;;;;;
rrgirish;1;17774;;;;;;;;;;;;
yasinkocak;2;17791;17790;;;;;;;;;;;
jacargentina;1;17794;;;;;;;;;;;;
udaykadaboina;1;17809;;;;;;;;;;;;
janhocevar;3;17815;17814;17813;;;;;;;;;;
srikanthedera;1;17891;;;;;;;;;;;;
gustavofulton;1;17917;;;;;;;;;;;;
markau;1;17921;;;;;;;;;;;;
daleparkerwinston;1;17933;;;;;;;;;;;;
mrinal013;1;17940;;;;;;;;;;;;
MALLOCkol;1;17941;;;;;;;;;;;;
teamcreed;2;17951;17950;;;;;;;;;;;
akalata;1;17957;;;;;;;;;;;;
luistelmocosta;1;17958;;;;;;;;;;;;
JuanitoFatas;1;18005;;;;;;;;;;;;
KOWLOR;1;18018;;;;;;;;;;;;
racheldomingo;2;18034;18030;;;;;;;;;;;
kunalkamble;1;18046;;;;;;;;;;;;
GPHofficial;2;18048;18047;;;;;;;;;;;
mendozagioo;2;18066;18063;;;;;;;;;;;
mackylu;2;18134;18072;;;;;;;;;;;
ilyador;1;18079;;;;;;;;;;;;
BlockWorld;1;18084;;;;;;;;;;;;
digibea;1;18085;;;;;;;;;;;;
Megabyteceer;1;18098;;;;;;;;;;;;
riichard;2;18141;18112;;;;;;;;;;;
michaseel;2;18189;18128;;;;;;;;;;;
andyseres;1;18133;;;;;;;;;;;;
SirCmpwn;1;18163;;;;;;;;;;;;
DDynamic;1;18172;;;;;;;;;;;;
18612705334;1;18174;;;;;;;;;;;;
askehansen;1;18186;;;;;;;;;;;;
FremyCompany;1;18191;;;;;;;;;;;;
defsdoor;1;18217;;;;;;;;;;;;
AndreasHeiberg;1;18221;;;;;;;;;;;;
LuoSpark;2;19539;18227;;;;;;;;;;;
joshreed;3;18274;18272;18271;;;;;;;;;;
fridays;2;18631;18278;;;;;;;;;;;
ablewhite;1;18279;;;;;;;;;;;;
callmeaatrey;1;18302;;;;;;;;;;;;
thebeebs;1;18303;;;;;;;;;;;;
smnedelko;3;18547;18324;18323;;;;;;;;;;
Marcos2015;1;18336;;;;;;;;;;;;
GiorgioPingendo;3;18361;18348;18343;;;;;;;;;;
meulta;1;18346;;;;;;;;;;;;
barnyp;1;18397;;;;;;;;;;;;
jt3k;1;18415;;;;;;;;;;;;
Caster;1;18417;;;;;;;;;;;;
alextarkhov;1;18440;;;;;;;;;;;;
jamarparris;1;18443;;;;;;;;;;;;
preaction;1;18458;;;;;;;;;;;;
NetworkBaby;1;18497;;;;;;;;;;;;
haobingwang;1;18519;;;;;;;;;;;;
andrewmnlv;1;18521;;;;;;;;;;;;
liaojianqi;1;18523;;;;;;;;;;;;
zlima;1;18542;;;;;;;;;;;;
whusnoopy;1;18576;;;;;;;;;;;;
gaga1227;1;18579;;;;;;;;;;;;
aelisecarey;1;18581;;;;;;;;;;;;
oliverviljamaa;1;18591;;;;;;;;;;;;
arechsteiner;1;18600;;;;;;;;;;;;
geobde;1;18608;;;;;;;;;;;;
guylepage3;3;21149;18625;18613;;;;;;;;;;
simonewebdesign;1;18621;;;;;;;;;;;;
slobdog;1;18643;;;;;;;;;;;;
georgevreilly;1;18698;;;;;;;;;;;;
tordans;3;19791;18706;18704;;;;;;;;;;
kuboon;1;18715;;;;;;;;;;;;
marvinmarnold;1;18720;;;;;;;;;;;;
aqnouch;1;18739;;;;;;;;;;;;
dintendocoltd;2;18745;18744;;;;;;;;;;;
CoolGoose;1;18750;;;;;;;;;;;;
justinedwards;1;18757;;;;;;;;;;;;
hydrone;1;18769;;;;;;;;;;;;
russbeye;1;18799;;;;;;;;;;;;
gurisko;1;18804;;;;;;;;;;;;
andresprogra;2;18811;18810;;;;;;;;;;;
krzysztof-grzybek;2;18830;18829;;;;;;;;;;;
jwkratz;1;18836;;;;;;;;;;;;
preethi147;2;18858;18856;;;;;;;;;;;
RobertDeRose;2;18865;18864;;;;;;;;;;;
draecko;1;18871;;;;;;;;;;;;
pradosh987;1;18894;;;;;;;;;;;;
disjfa;1;18902;;;;;;;;;;;;
clemens-tolboom;1;18910;;;;;;;;;;;;
simeon;1;18914;;;;;;;;;;;;
Baransu;1;18916;;;;;;;;;;;;
Metrakit;1;18919;;;;;;;;;;;;
DustinX;1;18942;;;;;;;;;;;;
danmartin;2;18980;18948;;;;;;;;;;;
wuxingfang;1;18988;;;;;;;;;;;;
WhoRain;3;18991;18990;18989;;;;;;;;;;
DaBs;1;19007;;;;;;;;;;;;
Mevrael;4;19030;19022;19021;19013;;;;;;;;;
vitaligent;6;19264;19153;19152;19042;19033;19032;;;;;;;
cndpzc;1;19049;;;;;;;;;;;;
jennabelle;1;19053;;;;;;;;;;;;
dsotingco;1;19054;;;;;;;;;;;;
Polatouche;1;19055;;;;;;;;;;;;
yanghui1103;1;19057;;;;;;;;;;;;
mishra-ankit;2;19069;19068;;;;;;;;;;;
shea256;1;19084;;;;;;;;;;;;
afeld;1;19122;;;;;;;;;;;;
wojtask9;1;19129;;;;;;;;;;;;
mattdothurley;1;19132;;;;;;;;;;;;
fabdouglas;1;19192;;;;;;;;;;;;
Mortiferr;1;19268;;;;;;;;;;;;
msourav;1;19272;;;;;;;;;;;;
Intsigstephon;1;19283;;;;;;;;;;;;
dtaniwaki;1;19288;;;;;;;;;;;;
CVarisco;1;19289;;;;;;;;;;;;
Awinny;1;19310;;;;;;;;;;;;
adrien-be;2;19316;19313;;;;;;;;;;;
ischerbakov;1;19319;;;;;;;;;;;;
pdohmen91;1;19327;;;;;;;;;;;;
donphelps;1;19335;;;;;;;;;;;;
wujing1714;1;19347;;;;;;;;;;;;
akaiworld;1;19354;;;;;;;;;;;;
justrossthings;2;19359;19358;;;;;;;;;;;
ZakariaRidouh;1;19376;;;;;;;;;;;;
digitaltsai;1;19394;;;;;;;;;;;;
majornista;1;19420;;;;;;;;;;;;
andreiduca;1;19432;;;;;;;;;;;;
bbcomplex;1;19448;;;;;;;;;;;;
xuej;3;20585;20583;19454;;;;;;;;;;
ghjdegithub;1;19477;;;;;;;;;;;;
hongbinc;2;19530;19526;;;;;;;;;;;
davidlormor;1;19532;;;;;;;;;;;;
traktor90;2;19534;19533;;;;;;;;;;;
shuishangtuweng;1;19543;;;;;;;;;;;;
safrazik;1;19548;;;;;;;;;;;;
braska;1;19550;;;;;;;;;;;;
adrienDog;1;19564;;;;;;;;;;;;
michael-hamilton;1;19566;;;;;;;;;;;;
craigmichaelmartin;1;19567;;;;;;;;;;;;
danieldram;1;19568;;;;;;;;;;;;
Arianhf;1;19574;;;;;;;;;;;;
cristiancota;4;19585;19584;19583;19581;;;;;;;;;
elisbyberi;1;19582;;;;;;;;;;;;
aruncre;1;19602;;;;;;;;;;;;
chief10;1;19610;;;;;;;;;;;;
dmison;1;19627;;;;;;;;;;;;
HeliumSquid;1;19631;;;;;;;;;;;;
yhtml5;1;19633;;;;;;;;;;;;
marktopper;1;19639;;;;;;;;;;;;
gregsheremeta;1;19659;;;;;;;;;;;;
teoucsb82;1;19665;;;;;;;;;;;;
meesta1990;2;19683;19680;;;;;;;;;;;
liangklfang;1;19687;;;;;;;;;;;;
nagytech;1;19718;;;;;;;;;;;;
HansiCollaku;1;19721;;;;;;;;;;;;
citrusui;3;19724;19723;19722;;;;;;;;;;
adius;1;19741;;;;;;;;;;;;
a-alrihawi;1;19769;;;;;;;;;;;;
vlki;1;19772;;;;;;;;;;;;
Xabis;1;19779;;;;;;;;;;;;
alexandramaster;1;19786;;;;;;;;;;;;
wesflo;1;19805;;;;;;;;;;;;
jonahallibone;3;19825;19824;19819;;;;;;;;;;
indymx;3;20779;20778;19828;;;;;;;;;;
olivierlemasle;1;19829;;;;;;;;;;;;
chenxiang198991;1;19868;;;;;;;;;;;;
pimartin;1;19902;;;;;;;;;;;;
KID-G;1;19913;;;;;;;;;;;;
tschmits;1;19934;;;;;;;;;;;;
Hightrack;3;20094;19941;19940;;;;;;;;;;
bo01ean;1;19950;;;;;;;;;;;;
rajikaimal;1;19952;;;;;;;;;;;;
happyXSY;1;19963;;;;;;;;;;;;
leetskills;1;19967;;;;;;;;;;;;
sendilkumarn;1;19988;;;;;;;;;;;;
jmboiton;1;20016;;;;;;;;;;;;
2r2;1;20023;;;;;;;;;;;;
Molkobain;1;20028;;;;;;;;;;;;
Manuellama;2;20039;20038;;;;;;;;;;;
mapRepo;1;20071;;;;;;;;;;;;
eveybody2;1;20091;;;;;;;;;;;;
arnetkachev;1;20097;;;;;;;;;;;;
DavidStrada;1;20099;;;;;;;;;;;;
ExFlo;1;20100;;;;;;;;;;;;
malthejorgensen;1;20109;;;;;;;;;;;;
FranDias;1;20112;;;;;;;;;;;;
zhouqiyuan;1;20113;;;;;;;;;;;;
TwinProduction;1;20121;;;;;;;;;;;;
theMarkupist;3;20126;20125;20122;;;;;;;;;;
alexuson;1;20137;;;;;;;;;;;;
depl0y;1;20149;;;;;;;;;;;;
curtgrimes;1;20165;;;;;;;;;;;;
nhydock;1;20169;;;;;;;;;;;;
broccolirob;2;20172;20171;;;;;;;;;;;
godlevel;1;20188;;;;;;;;;;;;
Lyricalz;1;20189;;;;;;;;;;;;
frostbitten;1;20194;;;;;;;;;;;;
aalaap;1;20215;;;;;;;;;;;;
seka19;1;20217;;;;;;;;;;;;
neochief;1;20235;;;;;;;;;;;;
vikaskyadav;1;20245;;;;;;;;;;;;
scop;1;20253;;;;;;;;;;;;
satcon;1;20270;;;;;;;;;;;;
Mathdrquinn;1;20272;;;;;;;;;;;;
chenzhenchen;1;20277;;;;;;;;;;;;
vszakats;1;20283;;;;;;;;;;;;
bm2u;1;20290;;;;;;;;;;;;
Borderliner;1;20308;;;;;;;;;;;;
LSmith130;1;20339;;;;;;;;;;;;
Dkap27;1;20353;;;;;;;;;;;;
mahp;1;20354;;;;;;;;;;;;
cervengoc;1;20367;;;;;;;;;;;;
PhilipJohnBasile;2;20380;20379;;;;;;;;;;;
jorrit;1;20391;;;;;;;;;;;;
os1r1s110;1;20393;;;;;;;;;;;;
tnga;2;20416;20415;;;;;;;;;;;
cwaffles;1;20419;;;;;;;;;;;;
voltel;1;20438;;;;;;;;;;;;
719media;1;20454;;;;;;;;;;;;
superSheng11;1;20459;;;;;;;;;;;;
citytown;1;20468;;;;;;;;;;;;
schoenburg;1;20472;;;;;;;;;;;;
owex;2;20494;20493;;;;;;;;;;;
gcbenjamin;3;20540;20539;20499;;;;;;;;;;
nschomberg;1;20501;;;;;;;;;;;;
hdygiggs;1;20502;;;;;;;;;;;;
yawnzhao;2;20526;20503;;;;;;;;;;;
richterdennis;1;20529;;;;;;;;;;;;
nanocom;1;20534;;;;;;;;;;;;
milkboss;1;20544;;;;;;;;;;;;
jamby;1;20570;;;;;;;;;;;;
vijaydemansol;1;20571;;;;;;;;;;;;
ARKKYN;1;20572;;;;;;;;;;;;
zohebainapore;1;20574;;;;;;;;;;;;
aaronshsieh;1;20577;;;;;;;;;;;;
nivanson;1;20580;;;;;;;;;;;;
wkurosawa;1;20587;;;;;;;;;;;;
JonathanWolfe;1;20596;;;;;;;;;;;;
waltonryan;1;20604;;;;;;;;;;;;
199911;1;20615;;;;;;;;;;;;
mwz1991;1;20638;;;;;;;;;;;;
nbraud;1;20647;;;;;;;;;;;;
kevenjesus;1;20648;;;;;;;;;;;;
raeef-refai;1;20668;;;;;;;;;;;;
mhedrick;1;20690;;;;;;;;;;;;
siluantahir;1;20706;;;;;;;;;;;;
andyexeter;1;20725;;;;;;;;;;;;
peebeebee;1;20731;;;;;;;;;;;;
zxlin25;1;20735;;;;;;;;;;;;
luojiao123;1;20742;;;;;;;;;;;;
karolyi;2;20745;20744;;;;;;;;;;;
craigstroman;1;20754;;;;;;;;;;;;
shishirui;1;20763;;;;;;;;;;;;
eccwiener;1;20769;;;;;;;;;;;;
lathomps;1;20774;;;;;;;;;;;;
vinpac;1;20775;;;;;;;;;;;;
yogeshmanegit;1;20785;;;;;;;;;;;;
funnyfunny;1;20796;;;;;;;;;;;;
bzd9;1;20802;;;;;;;;;;;;
mvdriel;1;20819;;;;;;;;;;;;
dherges;1;20851;;;;;;;;;;;;
branislavdelic;1;20852;;;;;;;;;;;;
RadicalLove;1;20854;;;;;;;;;;;;
erikgall;1;20863;;;;;;;;;;;;
mayank92;1;20889;;;;;;;;;;;;
plickoff;1;20891;;;;;;;;;;;;
DeepthyDenna;1;20900;;;;;;;;;;;;
kessanro;1;20901;;;;;;;;;;;;
SamuelMarks;1;20909;;;;;;;;;;;;
jilvin;2;20921;20916;;;;;;;;;;;
Bamieh;1;20930;;;;;;;;;;;;
timmyrs;1;20943;;;;;;;;;;;;
haowells;1;20954;;;;;;;;;;;;
browner12;1;20989;;;;;;;;;;;;
x09326;1;20996;;;;;;;;;;;;
mengmeng880610;1;21013;;;;;;;;;;;;
gztsoul;1;21015;;;;;;;;;;;;
lukasbesch;1;21016;;;;;;;;;;;;
dimartinofrancesco;1;21044;;;;;;;;;;;;
yoole5699;1;21063;;;;;;;;;;;;
CosmicFluke;1;21065;;;;;;;;;;;;
mrzhuangda;1;21088;;;;;;;;;;;;
MeestorHok;1;21097;;;;;;;;;;;;
ragesh-kr;1;21136;;;;;;;;;;;;
arthur801031;1;21143;;;;;;;;;;;;
ProChen;2;21148;21147;;;;;;;;;;;
jasoncdd;1;21157;;;;;;;;;;;;
FMCorz;1;21161;;;;;;;;;;;;
daxgguo;1;21162;;;;;;;;;;;;
pk-karthik;2;21178;21177;;;;;;;;;;;
renoirsousa;1;21196;;;;;;;;;;;;
mannyhenri;1;21243;;;;;;;;;;;;
joe-watkins;1;21268;;;;;;;;;;;;
hucaihua;1;21272;;;;;;;;;;;;
bantic;1;21307;;;;;;;;;;;;
omnibrain;1;21314;;;;;;;;;;;;
595849292;1;21321;;;;;;;;;;;;
gskyles;1;21340;;;;;;;;;;;;
n0nick;1;21341;;;;;;;;;;;;
eatonphil;1;21343;;;;;;;;;;;;
cskcsk;1;21347;;;;;;;;;;;;
shehi;1;21357;;;;;;;;;;;;
GodLesZ;1;21388;;;;;;;;;;;;
cisuminas;1;21418;;;;;;;;;;;;
silvermanj7;1;21453;;;;;;;;;;;;
jasonbaudendistel789;2;21513;21512;;;;;;;;;;;
pratu16x7;1;21537;;;;;;;;;;;;
n054;1;21538;;;;;;;;;;;;
matrixfox;1;21545;;;;;;;;;;;;
mynameislilei;1;21559;;;;;;;;;;;;
willyboy;1;21569;;;;;;;;;;;;
alauzon;1;21616;;;;;;;;;;;;
imanalijain;1;21684;;;;;;;;;;;;
Devictorinos;1;21693;;;;;;;;;;;;
flyingzd;1;21724;;;;;;;;;;;;
youkidding;1;21764;;;;;;;;;;;;
chenjianniu;1;21768;;;;;;;;;;;;
jgibson02;1;21801;;;;;;;;;;;;
hultberg;1;21811;;;;;;;;;;;;
awf0dz;1;21884;;;;;;;;;;;;
jleider;1;21890;;;;;;;;;;;;
fredmanre;1;21917;;;;;;;;;;;;
AlexanderMoskovkin;1;21921;;;;;;;;;;;;
hamad-almamari;1;21923;;;;;;;;;;;;
sethjeffery;1;21925;;;;;;;;;;;;
SamadRazzak;1;21931;;;;;;;;;;;;
bardiarastin;1;21935;;;;;;;;;;;;
MohitKS5;2;22035;21937;;;;;;;;;;;
coder4life;2;21958;21957;;;;;;;;;;;
JacobCWard;1;21987;;;;;;;;;;;;
xiangjianmeng;1;21990;;;;;;;;;;;;
andrewbelcher;2;22013;21994;;;;;;;;;;;
notomorow;1;22024;;;;;;;;;;;;
niwniw0551;1;22030;;;;;;;;;;;;
moso;1;22032;;;;;;;;;;;;
santiph;1;22033;;;;;;;;;;;;
valery1707;1;22043;;;;;;;;;;;;
hugmanrique;1;22070;;;;;;;;;;;;
futpib;1;22079;;;;;;;;;;;;
lfauts;1;22103;;;;;;;;;;;;
aprildh31;1;22119;;;;;;;;;;;;
ArcticCaribou;1;22122;;;;;;;;;;;;