jvc26;1;3;;;;;;;;;;;;;;;;;;;;;;;;;;;;;
niwinz;7;678;555;66;65;41;33;4;;;;;;;;;;;;;;;;;;;;;;;
remiprev;1;5;;;;;;;;;;;;;;;;;;;;;;;;;;;;;
yuvadm;1;6;;;;;;;;;;;;;;;;;;;;;;;;;;;;;
JCB-K;1;7;;;;;;;;;;;;;;;;;;;;;;;;;;;;;
davehughes;1;8;;;;;;;;;;;;;;;;;;;;;;;;;;;;;
tvaughan;1;12;;;;;;;;;;;;;;;;;;;;;;;;;;;;;
robgolding;1;36;;;;;;;;;;;;;;;;;;;;;;;;;;;;;
kennethreitz;1;40;;;;;;;;;;;;;;;;;;;;;;;;;;;;;
gerardo-orozco;1;42;;;;;;;;;;;;;;;;;;;;;;;;;;;;;
natebragg;1;46;;;;;;;;;;;;;;;;;;;;;;;;;;;;;
pzinovkin;4;2241;308;62;49;;;;;;;;;;;;;;;;;;;;;;;;;;
ei-grad;1;54;;;;;;;;;;;;;;;;;;;;;;;;;;;;;
tylerball;1;55;;;;;;;;;;;;;;;;;;;;;;;;;;;;;
pvanderlinden;1;56;;;;;;;;;;;;;;;;;;;;;;;;;;;;;
bradbeattie;2;59;58;;;;;;;;;;;;;;;;;;;;;;;;;;;;
programmerq;1;60;;;;;;;;;;;;;;;;;;;;;;;;;;;;;
httpdss;1;63;;;;;;;;;;;;;;;;;;;;;;;;;;;;;
stephenmuss;2;499;64;;;;;;;;;;;;;;;;;;;;;;;;;;;;
valhallasw;1;67;;;;;;;;;;;;;;;;;;;;;;;;;;;;;
newmaniese;4;74;73;72;71;;;;;;;;;;;;;;;;;;;;;;;;;;
eamonnfaherty;1;77;;;;;;;;;;;;;;;;;;;;;;;;;;;;;
crodjer;6;576;454;453;452;95;78;;;;;;;;;;;;;;;;;;;;;;;;
datajockey;1;83;;;;;;;;;;;;;;;;;;;;;;;;;;;;;
bmihelac;7;2246;1005;698;697;390;163;84;;;;;;;;;;;;;;;;;;;;;;;
rafaduran;3;96;91;85;;;;;;;;;;;;;;;;;;;;;;;;;;;
davedash;1;87;;;;;;;;;;;;;;;;;;;;;;;;;;;;;
jpic;15;8024;7785;7681;6368;6037;4824;4822;4821;4747;4684;795;763;761;732;88;;;;;;;;;;;;;;;
jacobh;2;3030;100;;;;;;;;;;;;;;;;;;;;;;;;;;;;
vsajip;1;102;;;;;;;;;;;;;;;;;;;;;;;;;;;;;
fabianbuechler;2;618;108;;;;;;;;;;;;;;;;;;;;;;;;;;;;
msabramo;1;110;;;;;;;;;;;;;;;;;;;;;;;;;;;;;
littke;1;111;;;;;;;;;;;;;;;;;;;;;;;;;;;;;
svartalf;1;113;;;;;;;;;;;;;;;;;;;;;;;;;;;;;
saschpe;6;1759;1718;1717;695;150;114;;;;;;;;;;;;;;;;;;;;;;;;
raulcd;4;3983;3443;118;115;;;;;;;;;;;;;;;;;;;;;;;;;;
westfeld;1;116;;;;;;;;;;;;;;;;;;;;;;;;;;;;;
pvl;3;135;131;120;;;;;;;;;;;;;;;;;;;;;;;;;;;
JannKleen;1;126;;;;;;;;;;;;;;;;;;;;;;;;;;;;;
audreyr;1;128;;;;;;;;;;;;;;;;;;;;;;;;;;;;;
nmfm;1;132;;;;;;;;;;;;;;;;;;;;;;;;;;;;;
chrisglass;1;133;;;;;;;;;;;;;;;;;;;;;;;;;;;;;
kennethlove;2;5033;145;;;;;;;;;;;;;;;;;;;;;;;;;;;;
fuu;1;147;;;;;;;;;;;;;;;;;;;;;;;;;;;;;
dgerzo;2;591;148;;;;;;;;;;;;;;;;;;;;;;;;;;;;
tsaylor;1;151;;;;;;;;;;;;;;;;;;;;;;;;;;;;;
cobalys;2;180;152;;;;;;;;;;;;;;;;;;;;;;;;;;;;
nagisa;2;170;154;;;;;;;;;;;;;;;;;;;;;;;;;;;;
Psycojoker;3;4466;4402;155;;;;;;;;;;;;;;;;;;;;;;;;;;;
ekkus93;1;158;;;;;;;;;;;;;;;;;;;;;;;;;;;;;
ChameleonRed;2;2648;160;;;;;;;;;;;;;;;;;;;;;;;;;;;;
errx;3;2454;939;161;;;;;;;;;;;;;;;;;;;;;;;;;;;
ximi;1;162;;;;;;;;;;;;;;;;;;;;;;;;;;;;;
tuxcanfly;7;1761;1748;1716;1687;660;165;164;;;;;;;;;;;;;;;;;;;;;;;
jairtrejo;1;166;;;;;;;;;;;;;;;;;;;;;;;;;;;;;
jnns;2;2473;167;;;;;;;;;;;;;;;;;;;;;;;;;;;;
tomkins;1;169;;;;;;;;;;;;;;;;;;;;;;;;;;;;;
gabrielgrant;1;171;;;;;;;;;;;;;;;;;;;;;;;;;;;;;
aashudwivedi;1;172;;;;;;;;;;;;;;;;;;;;;;;;;;;;;
bradleyayers;2;234;174;;;;;;;;;;;;;;;;;;;;;;;;;;;;
adw0rd;1;175;;;;;;;;;;;;;;;;;;;;;;;;;;;;;
bhuztez;2;178;177;;;;;;;;;;;;;;;;;;;;;;;;;;;;
dittaeva;2;205;179;;;;;;;;;;;;;;;;;;;;;;;;;;;;
deniscostadsc;1;181;;;;;;;;;;;;;;;;;;;;;;;;;;;;;
alrra;1;184;;;;;;;;;;;;;;;;;;;;;;;;;;;;;
babymastodon;1;189;;;;;;;;;;;;;;;;;;;;;;;;;;;;;
ulope;2;3545;190;;;;;;;;;;;;;;;;;;;;;;;;;;;;
aptwebapps;1;191;;;;;;;;;;;;;;;;;;;;;;;;;;;;;
kevinschaul;1;194;;;;;;;;;;;;;;;;;;;;;;;;;;;;;
doismellburning;2;3102;196;;;;;;;;;;;;;;;;;;;;;;;;;;;;
danielsokolowski;4;1423;1284;787;198;;;;;;;;;;;;;;;;;;;;;;;;;;
micolous;4;1222;1202;373;201;;;;;;;;;;;;;;;;;;;;;;;;;;
sjaensch;1;202;;;;;;;;;;;;;;;;;;;;;;;;;;;;;
mtigas;1;203;;;;;;;;;;;;;;;;;;;;;;;;;;;;;
mariocesar;3;465;461;206;;;;;;;;;;;;;;;;;;;;;;;;;;;
Miserlou;2;4596;211;;;;;;;;;;;;;;;;;;;;;;;;;;;;
goinnn;4;1936;1292;1291;217;;;;;;;;;;;;;;;;;;;;;;;;;;
nsb;1;219;;;;;;;;;;;;;;;;;;;;;;;;;;;;;
kylemacfarlane;1;222;;;;;;;;;;;;;;;;;;;;;;;;;;;;;
eduardocereto;2;227;226;;;;;;;;;;;;;;;;;;;;;;;;;;;;
davideklund;1;235;;;;;;;;;;;;;;;;;;;;;;;;;;;;;
lorin;7;1006;903;515;513;408;279;238;;;;;;;;;;;;;;;;;;;;;;;
cadusk;1;239;;;;;;;;;;;;;;;;;;;;;;;;;;;;;
cberner;2;241;240;;;;;;;;;;;;;;;;;;;;;;;;;;;;
lifeiscontent;1;242;;;;;;;;;;;;;;;;;;;;;;;;;;;;;
windwiny;1;243;;;;;;;;;;;;;;;;;;;;;;;;;;;;;
Agilemeister;1;247;;;;;;;;;;;;;;;;;;;;;;;;;;;;;
kamikaze;1;250;;;;;;;;;;;;;;;;;;;;;;;;;;;;;
bremac;1;251;;;;;;;;;;;;;;;;;;;;;;;;;;;;;
digi604;1;254;;;;;;;;;;;;;;;;;;;;;;;;;;;;;
andrewsmedina;4;264;263;259;257;;;;;;;;;;;;;;;;;;;;;;;;;;
dlemos;1;258;;;;;;;;;;;;;;;;;;;;;;;;;;;;;
GaretJax;1;260;;;;;;;;;;;;;;;;;;;;;;;;;;;;;
martijnvermaat;1;262;;;;;;;;;;;;;;;;;;;;;;;;;;;;;
chrislawlor;3;268;267;266;;;;;;;;;;;;;;;;;;;;;;;;;;;
danniel;1;275;;;;;;;;;;;;;;;;;;;;;;;;;;;;;
naktinis;3;278;277;276;;;;;;;;;;;;;;;;;;;;;;;;;;;
pelletier;1;280;;;;;;;;;;;;;;;;;;;;;;;;;;;;;
Natim;3;2066;866;281;;;;;;;;;;;;;;;;;;;;;;;;;;;
thaxter;1;290;;;;;;;;;;;;;;;;;;;;;;;;;;;;;
ryan-blunden;1;292;;;;;;;;;;;;;;;;;;;;;;;;;;;;;
dlamotte;3;893;304;302;;;;;;;;;;;;;;;;;;;;;;;;;;;
phill-tornroth;1;303;;;;;;;;;;;;;;;;;;;;;;;;;;;;;
d1ffuz0r;4;416;410;409;305;;;;;;;;;;;;;;;;;;;;;;;;;;
mrmagooey;1;306;;;;;;;;;;;;;;;;;;;;;;;;;;;;;
bnomis;1;307;;;;;;;;;;;;;;;;;;;;;;;;;;;;;
dmclain;1;314;;;;;;;;;;;;;;;;;;;;;;;;;;;;;
g1smd;2;324;316;;;;;;;;;;;;;;;;;;;;;;;;;;;;
anton-ryzhov;1;317;;;;;;;;;;;;;;;;;;;;;;;;;;;;;
myusuf3;2;859;319;;;;;;;;;;;;;;;;;;;;;;;;;;;;
idanz;1;321;;;;;;;;;;;;;;;;;;;;;;;;;;;;;
awsum;1;322;;;;;;;;;;;;;;;;;;;;;;;;;;;;;
lotheac;2;369;326;;;;;;;;;;;;;;;;;;;;;;;;;;;;
mcrute;1;328;;;;;;;;;;;;;;;;;;;;;;;;;;;;;
kix;1;329;;;;;;;;;;;;;;;;;;;;;;;;;;;;;
obeattie;2;1021;332;;;;;;;;;;;;;;;;;;;;;;;;;;;;
bumyong;1;344;;;;;;;;;;;;;;;;;;;;;;;;;;;;;
ashchristopher;1;346;;;;;;;;;;;;;;;;;;;;;;;;;;;;;
jwmayfield;1;347;;;;;;;;;;;;;;;;;;;;;;;;;;;;;
rvarshney;1;348;;;;;;;;;;;;;;;;;;;;;;;;;;;;;
peterlandry;2;2419;352;;;;;;;;;;;;;;;;;;;;;;;;;;;;
adamdeprince;2;1473;353;;;;;;;;;;;;;;;;;;;;;;;;;;;;
frgtn;2;7486;367;;;;;;;;;;;;;;;;;;;;;;;;;;;;
jgsogo;1;368;;;;;;;;;;;;;;;;;;;;;;;;;;;;;
bkg;2;395;374;;;;;;;;;;;;;;;;;;;;;;;;;;;;
meric;1;378;;;;;;;;;;;;;;;;;;;;;;;;;;;;;
jdunck;3;848;384;381;;;;;;;;;;;;;;;;;;;;;;;;;;;
paulswartz;1;382;;;;;;;;;;;;;;;;;;;;;;;;;;;;;
trbs;1;383;;;;;;;;;;;;;;;;;;;;;;;;;;;;;
jMyles;2;4066;387;;;;;;;;;;;;;;;;;;;;;;;;;;;;
viniciuscainelli;1;392;;;;;;;;;;;;;;;;;;;;;;;;;;;;;
dvelyk;1;397;;;;;;;;;;;;;;;;;;;;;;;;;;;;;
melinath;7;2655;2652;2638;2452;414;413;398;;;;;;;;;;;;;;;;;;;;;;;
jbuckner;1;406;;;;;;;;;;;;;;;;;;;;;;;;;;;;;
mhaligowski;3;429;424;412;;;;;;;;;;;;;;;;;;;;;;;;;;;
doda;1;415;;;;;;;;;;;;;;;;;;;;;;;;;;;;;
0x0badc0de;1;417;;;;;;;;;;;;;;;;;;;;;;;;;;;;;
Vienzzion;1;421;;;;;;;;;;;;;;;;;;;;;;;;;;;;;
vicould;2;449;423;;;;;;;;;;;;;;;;;;;;;;;;;;;;
arild-haugstad;1;432;;;;;;;;;;;;;;;;;;;;;;;;;;;;;
lqc;3;443;442;441;;;;;;;;;;;;;;;;;;;;;;;;;;;
signed0;2;446;445;;;;;;;;;;;;;;;;;;;;;;;;;;;;
erlenddalen;1;447;;;;;;;;;;;;;;;;;;;;;;;;;;;;;
santtu;1;448;;;;;;;;;;;;;;;;;;;;;;;;;;;;;
Kronuz;2;4095;451;;;;;;;;;;;;;;;;;;;;;;;;;;;;
L1NT;1;458;;;;;;;;;;;;;;;;;;;;;;;;;;;;;
fanatid;1;464;;;;;;;;;;;;;;;;;;;;;;;;;;;;;
pholmes-gsa;1;471;;;;;;;;;;;;;;;;;;;;;;;;;;;;;
ibustama;1;477;;;;;;;;;;;;;;;;;;;;;;;;;;;;;
fletom;1;478;;;;;;;;;;;;;;;;;;;;;;;;;;;;;
nosamanuel;1;482;;;;;;;;;;;;;;;;;;;;;;;;;;;;;
foxx;1;483;;;;;;;;;;;;;;;;;;;;;;;;;;;;;
khoomeister;2;491;487;;;;;;;;;;;;;;;;;;;;;;;;;;;;
keimlink;1;489;;;;;;;;;;;;;;;;;;;;;;;;;;;;;
kokardy;1;492;;;;;;;;;;;;;;;;;;;;;;;;;;;;;
harph;1;498;;;;;;;;;;;;;;;;;;;;;;;;;;;;;
beshrkayali;1;500;;;;;;;;;;;;;;;;;;;;;;;;;;;;;
pkolt;1;501;;;;;;;;;;;;;;;;;;;;;;;;;;;;;
benoitbryon;1;502;;;;;;;;;;;;;;;;;;;;;;;;;;;;;
woodlee;1;505;;;;;;;;;;;;;;;;;;;;;;;;;;;;;
seanbrant;1;508;;;;;;;;;;;;;;;;;;;;;;;;;;;;;
Glideh;1;510;;;;;;;;;;;;;;;;;;;;;;;;;;;;;
minrk;2;1403;512;;;;;;;;;;;;;;;;;;;;;;;;;;;;
EmilStenstrom;3;1106;525;522;;;;;;;;;;;;;;;;;;;;;;;;;;;
nicolaslara;1;526;;;;;;;;;;;;;;;;;;;;;;;;;;;;;
heyman;1;527;;;;;;;;;;;;;;;;;;;;;;;;;;;;;
per42;2;542;528;;;;;;;;;;;;;;;;;;;;;;;;;;;;
thiderman;2;535;529;;;;;;;;;;;;;;;;;;;;;;;;;;;;
cvitan;3;1109;1105;530;;;;;;;;;;;;;;;;;;;;;;;;;;;
shepdl;1;531;;;;;;;;;;;;;;;;;;;;;;;;;;;;;
ghickman;1;532;;;;;;;;;;;;;;;;;;;;;;;;;;;;;
edwtjo;1;533;;;;;;;;;;;;;;;;;;;;;;;;;;;;;
Rizach;1;534;;;;;;;;;;;;;;;;;;;;;;;;;;;;;
sebasmagri;3;540;539;538;;;;;;;;;;;;;;;;;;;;;;;;;;;
alexhayes;1;541;;;;;;;;;;;;;;;;;;;;;;;;;;;;;
azza-bazoo;1;547;;;;;;;;;;;;;;;;;;;;;;;;;;;;;
raffael-sfm;2;551;550;;;;;;;;;;;;;;;;;;;;;;;;;;;;
max-arnold;1;552;;;;;;;;;;;;;;;;;;;;;;;;;;;;;
inocuo;1;553;;;;;;;;;;;;;;;;;;;;;;;;;;;;;
ebertti;2;1686;557;;;;;;;;;;;;;;;;;;;;;;;;;;;;
teferi;2;562;561;;;;;;;;;;;;;;;;;;;;;;;;;;;;
bak1an;12;5612;5343;5244;3553;2272;2259;1305;1017;978;786;586;565;;;;;;;;;;;;;;;;;;
gw0;2;567;566;;;;;;;;;;;;;;;;;;;;;;;;;;;;
ludwigkraatz;1;568;;;;;;;;;;;;;;;;;;;;;;;;;;;;;
tcsorrel;2;2388;575;;;;;;;;;;;;;;;;;;;;;;;;;;;;
ak3n;1;577;;;;;;;;;;;;;;;;;;;;;;;;;;;;;
eire1130;1;578;;;;;;;;;;;;;;;;;;;;;;;;;;;;;
emulbreh;2;6638;580;;;;;;;;;;;;;;;;;;;;;;;;;;;;
BHold;2;599;581;;;;;;;;;;;;;;;;;;;;;;;;;;;;
robert-j-engdahl;1;584;;;;;;;;;;;;;;;;;;;;;;;;;;;;;
chmarr;5;5900;5892;5890;592;588;;;;;;;;;;;;;;;;;;;;;;;;;
rtnpro;2;653;590;;;;;;;;;;;;;;;;;;;;;;;;;;;;
piotrmaslanka;1;593;;;;;;;;;;;;;;;;;;;;;;;;;;;;;
nicolasleger;1;594;;;;;;;;;;;;;;;;;;;;;;;;;;;;;
mcardillo55;1;600;;;;;;;;;;;;;;;;;;;;;;;;;;;;;
patrys;13;5692;5649;4797;4780;4451;4450;3634;3546;1177;1139;1133;1108;601;;;;;;;;;;;;;;;;;
Y3K;4;5210;5205;5204;604;;;;;;;;;;;;;;;;;;;;;;;;;;
tbartelmess;2;607;606;;;;;;;;;;;;;;;;;;;;;;;;;;;;
LucasMagnum;1;608;;;;;;;;;;;;;;;;;;;;;;;;;;;;;
ELLIOTTCABLE;1;610;;;;;;;;;;;;;;;;;;;;;;;;;;;;;
lborgav;1;611;;;;;;;;;;;;;;;;;;;;;;;;;;;;;
mpaolini;1;614;;;;;;;;;;;;;;;;;;;;;;;;;;;;;
ostcar;1;621;;;;;;;;;;;;;;;;;;;;;;;;;;;;;
mengzhuo;1;623;;;;;;;;;;;;;;;;;;;;;;;;;;;;;
rosslaird;1;625;;;;;;;;;;;;;;;;;;;;;;;;;;;;;
lraucy;1;626;;;;;;;;;;;;;;;;;;;;;;;;;;;;;
nijel;6;3816;3815;3298;2398;628;627;;;;;;;;;;;;;;;;;;;;;;;;
berinhard;1;634;;;;;;;;;;;;;;;;;;;;;;;;;;;;;
vkurup;1;635;;;;;;;;;;;;;;;;;;;;;;;;;;;;;
JensRantil;1;638;;;;;;;;;;;;;;;;;;;;;;;;;;;;;
jorabra;1;647;;;;;;;;;;;;;;;;;;;;;;;;;;;;;
MartinLindsay;1;648;;;;;;;;;;;;;;;;;;;;;;;;;;;;;
jtiai;6;7225;7221;5684;5319;5160;650;;;;;;;;;;;;;;;;;;;;;;;;
chroto;1;651;;;;;;;;;;;;;;;;;;;;;;;;;;;;;
vaal-;1;654;;;;;;;;;;;;;;;;;;;;;;;;;;;;;
jtillman;2;680;656;;;;;;;;;;;;;;;;;;;;;;;;;;;;
jordanmessina;1;658;;;;;;;;;;;;;;;;;;;;;;;;;;;;;
federicobond;1;664;;;;;;;;;;;;;;;;;;;;;;;;;;;;;
manelclos;1;667;;;;;;;;;;;;;;;;;;;;;;;;;;;;;
cag;1;668;;;;;;;;;;;;;;;;;;;;;;;;;;;;;
johnraz;2;671;670;;;;;;;;;;;;;;;;;;;;;;;;;;;;
dbravender;1;672;;;;;;;;;;;;;;;;;;;;;;;;;;;;;
bruth;1;674;;;;;;;;;;;;;;;;;;;;;;;;;;;;;
twig;1;681;;;;;;;;;;;;;;;;;;;;;;;;;;;;;
cvrebert;1;683;;;;;;;;;;;;;;;;;;;;;;;;;;;;;
tiberiuana;2;833;685;;;;;;;;;;;;;;;;;;;;;;;;;;;;
mateuszf;1;687;;;;;;;;;;;;;;;;;;;;;;;;;;;;;
zmsmith;2;694;693;;;;;;;;;;;;;;;;;;;;;;;;;;;;
aalexgabi;1;699;;;;;;;;;;;;;;;;;;;;;;;;;;;;;
pricco;2;1813;701;;;;;;;;;;;;;;;;;;;;;;;;;;;;
kennknowles;1;703;;;;;;;;;;;;;;;;;;;;;;;;;;;;;
jtinfors;1;705;;;;;;;;;;;;;;;;;;;;;;;;;;;;;
robvdl;1;707;;;;;;;;;;;;;;;;;;;;;;;;;;;;;
fernandogrd;1;720;;;;;;;;;;;;;;;;;;;;;;;;;;;;;
mvantellingen;2;723;721;;;;;;;;;;;;;;;;;;;;;;;;;;;;
cato-;1;724;;;;;;;;;;;;;;;;;;;;;;;;;;;;;
jbcurtin;2;2413;725;;;;;;;;;;;;;;;;;;;;;;;;;;;;
itsallvoodoo;2;874;727;;;;;;;;;;;;;;;;;;;;;;;;;;;;
regebro;1;729;;;;;;;;;;;;;;;;;;;;;;;;;;;;;
lucmult;1;736;;;;;;;;;;;;;;;;;;;;;;;;;;;;;
dahool;3;742;741;740;;;;;;;;;;;;;;;;;;;;;;;;;;;
reversefold;2;1055;744;;;;;;;;;;;;;;;;;;;;;;;;;;;;
yueyoum;1;745;;;;;;;;;;;;;;;;;;;;;;;;;;;;;
ziima;10;6973;5228;4977;4947;3145;2687;1963;1807;957;747;;;;;;;;;;;;;;;;;;;;
josven;3;2351;794;753;;;;;;;;;;;;;;;;;;;;;;;;;;;
mehmetakyuz;2;767;755;;;;;;;;;;;;;;;;;;;;;;;;;;;;
gkmngrgn;1;760;;;;;;;;;;;;;;;;;;;;;;;;;;;;;
VladimirFilonov;1;766;;;;;;;;;;;;;;;;;;;;;;;;;;;;;
dwightgunning;2;5597;768;;;;;;;;;;;;;;;;;;;;;;;;;;;;
nvandijk;1;771;;;;;;;;;;;;;;;;;;;;;;;;;;;;;
dokterbob;4;838;837;805;773;;;;;;;;;;;;;;;;;;;;;;;;;;
stefan8;1;774;;;;;;;;;;;;;;;;;;;;;;;;;;;;;
jjmurre;1;776;;;;;;;;;;;;;;;;;;;;;;;;;;;;;
michi88;1;779;;;;;;;;;;;;;;;;;;;;;;;;;;;;;
datagrok;2;782;780;;;;;;;;;;;;;;;;;;;;;;;;;;;;
tback;2;802;784;;;;;;;;;;;;;;;;;;;;;;;;;;;;
hernantz;1;785;;;;;;;;;;;;;;;;;;;;;;;;;;;;;
marw;1;788;;;;;;;;;;;;;;;;;;;;;;;;;;;;;
pmourelle;2;845;790;;;;;;;;;;;;;;;;;;;;;;;;;;;;
ezequielsz;1;792;;;;;;;;;;;;;;;;;;;;;;;;;;;;;
slhodson969;1;793;;;;;;;;;;;;;;;;;;;;;;;;;;;;;
jmansilla;2;853;797;;;;;;;;;;;;;;;;;;;;;;;;;;;;
haxoza;3;5658;822;799;;;;;;;;;;;;;;;;;;;;;;;;;;;
reinout;1;801;;;;;;;;;;;;;;;;;;;;;;;;;;;;;
mpessas;4;3292;2149;842;803;;;;;;;;;;;;;;;;;;;;;;;;;;
fisadev;1;806;;;;;;;;;;;;;;;;;;;;;;;;;;;;;
adamduren;2;2202;810;;;;;;;;;;;;;;;;;;;;;;;;;;;;
bpeschier;10;4360;4353;4321;4275;4272;4259;2343;2340;2274;821;;;;;;;;;;;;;;;;;;;;
joeribekker;3;4274;1095;823;;;;;;;;;;;;;;;;;;;;;;;;;;;
benkonrath;2;4277;827;;;;;;;;;;;;;;;;;;;;;;;;;;;;
estebistec;1;840;;;;;;;;;;;;;;;;;;;;;;;;;;;;;
jose-lpa;2;2693;843;;;;;;;;;;;;;;;;;;;;;;;;;;;;
rodrigopmatias;2;880;844;;;;;;;;;;;;;;;;;;;;;;;;;;;;
reecelong;1;846;;;;;;;;;;;;;;;;;;;;;;;;;;;;;
kux;6;4244;3915;3801;2664;1206;852;;;;;;;;;;;;;;;;;;;;;;;;
KristianOellegaard;1;860;;;;;;;;;;;;;;;;;;;;;;;;;;;;;
romanalexander;1;862;;;;;;;;;;;;;;;;;;;;;;;;;;;;;
atodorov;1;863;;;;;;;;;;;;;;;;;;;;;;;;;;;;;
ikks;2;1623;868;;;;;;;;;;;;;;;;;;;;;;;;;;;;
kmike;1;869;;;;;;;;;;;;;;;;;;;;;;;;;;;;;
crackcomm;1;872;;;;;;;;;;;;;;;;;;;;;;;;;;;;;
SonOfLilit;1;875;;;;;;;;;;;;;;;;;;;;;;;;;;;;;
nvie;1;878;;;;;;;;;;;;;;;;;;;;;;;;;;;;;
joshdrake;1;879;;;;;;;;;;;;;;;;;;;;;;;;;;;;;
acdha;1;881;;;;;;;;;;;;;;;;;;;;;;;;;;;;;
akshar-raaj;1;883;;;;;;;;;;;;;;;;;;;;;;;;;;;;;
chsigi;1;887;;;;;;;;;;;;;;;;;;;;;;;;;;;;;
naftulikay;2;2002;898;;;;;;;;;;;;;;;;;;;;;;;;;;;;
thedrow;2;5004;899;;;;;;;;;;;;;;;;;;;;;;;;;;;;
woodm1979;3;921;916;915;;;;;;;;;;;;;;;;;;;;;;;;;;;
carny;1;918;;;;;;;;;;;;;;;;;;;;;;;;;;;;;
andrewjesaitis;3;989;948;919;;;;;;;;;;;;;;;;;;;;;;;;;;;
paulcollinsiii;2;1597;922;;;;;;;;;;;;;;;;;;;;;;;;;;;;
konarkmodi;2;930;923;;;;;;;;;;;;;;;;;;;;;;;;;;;;
dericcrago;1;924;;;;;;;;;;;;;;;;;;;;;;;;;;;;;
czpython;3;6804;6704;925;;;;;;;;;;;;;;;;;;;;;;;;;;;
jgmize;2;1606;928;;;;;;;;;;;;;;;;;;;;;;;;;;;;
zalew;1;932;;;;;;;;;;;;;;;;;;;;;;;;;;;;;
andrewsg;3;2575;2329;934;;;;;;;;;;;;;;;;;;;;;;;;;;;
yceruto;3;2015;937;936;;;;;;;;;;;;;;;;;;;;;;;;;;;
nossila;1;940;;;;;;;;;;;;;;;;;;;;;;;;;;;;;
floppya;1;949;;;;;;;;;;;;;;;;;;;;;;;;;;;;;
smishlayev;2;3379;955;;;;;;;;;;;;;;;;;;;;;;;;;;;;
robin-jarry;2;2311;959;;;;;;;;;;;;;;;;;;;;;;;;;;;;
jonashaag;3;5408;5194;960;;;;;;;;;;;;;;;;;;;;;;;;;;;
julyzergcn;1;965;;;;;;;;;;;;;;;;;;;;;;;;;;;;;
ferhatelmas;1;969;;;;;;;;;;;;;;;;;;;;;;;;;;;;;
askoretskiy;1;970;;;;;;;;;;;;;;;;;;;;;;;;;;;;;
ArcTanSusan;21;6401;6398;6390;1989;1758;1746;1501;1469;1445;1412;1376;1341;1340;1339;1337;1319;1318;1314;1297;1012;974;;;;;;;;;
grampajoe;1;979;;;;;;;;;;;;;;;;;;;;;;;;;;;;;
glic3rinu;1;981;;;;;;;;;;;;;;;;;;;;;;;;;;;;;
benjiec;2;986;982;;;;;;;;;;;;;;;;;;;;;;;;;;;;
avelino;1;983;;;;;;;;;;;;;;;;;;;;;;;;;;;;;
rikatee;1;988;;;;;;;;;;;;;;;;;;;;;;;;;;;;;
willhardy;2;6651;996;;;;;;;;;;;;;;;;;;;;;;;;;;;;
noobiept;1;1001;;;;;;;;;;;;;;;;;;;;;;;;;;;;;
gnarea;1;1004;;;;;;;;;;;;;;;;;;;;;;;;;;;;;
gsavix;1;1009;;;;;;;;;;;;;;;;;;;;;;;;;;;;;
arthur-debert;1;1013;;;;;;;;;;;;;;;;;;;;;;;;;;;;;
cool-RR;1;1014;;;;;;;;;;;;;;;;;;;;;;;;;;;;;
mitzaM;1;1015;;;;;;;;;;;;;;;;;;;;;;;;;;;;;
unho;1;1020;;;;;;;;;;;;;;;;;;;;;;;;;;;;;
krisys;4;6497;6467;6418;1023;;;;;;;;;;;;;;;;;;;;;;;;;;
jstafford-rte;1;1030;;;;;;;;;;;;;;;;;;;;;;;;;;;;;
rainytooo;1;1031;;;;;;;;;;;;;;;;;;;;;;;;;;;;;
anler;1;1032;;;;;;;;;;;;;;;;;;;;;;;;;;;;;
mindsocket;2;1342;1037;;;;;;;;;;;;;;;;;;;;;;;;;;;;
rfleschenberg;3;5608;4876;1038;;;;;;;;;;;;;;;;;;;;;;;;;;;
cwallenpoole;1;1042;;;;;;;;;;;;;;;;;;;;;;;;;;;;;
noirbizarre;1;1043;;;;;;;;;;;;;;;;;;;;;;;;;;;;;
zhenghao1;1;1046;;;;;;;;;;;;;;;;;;;;;;;;;;;;;
toastdriven;3;4509;1061;1059;;;;;;;;;;;;;;;;;;;;;;;;;;;
kriestof;1;1063;;;;;;;;;;;;;;;;;;;;;;;;;;;;;
qris;9;2391;2001;1517;1223;1219;1175;1169;1156;1065;;;;;;;;;;;;;;;;;;;;;
areski;30;5685;3103;3097;3095;3082;3074;3073;3071;3069;3068;3063;3058;3056;3055;3053;3052;3040;3036;3018;3015;3011;2998;2990;2989;2973;2968;2122;1155;1124;1067
tomleo;2;2633;1068;;;;;;;;;;;;;;;;;;;;;;;;;;;;
etoccalino;1;1077;;;;;;;;;;;;;;;;;;;;;;;;;;;;;
aptiko;2;7313;1078;;;;;;;;;;;;;;;;;;;;;;;;;;;;
jorgebastida;3;1137;1103;1092;;;;;;;;;;;;;;;;;;;;;;;;;;;
djangsters;3;1140;1115;1096;;;;;;;;;;;;;;;;;;;;;;;;;;;
shezadkhan137;1;1099;;;;;;;;;;;;;;;;;;;;;;;;;;;;;
boromil;1;1102;;;;;;;;;;;;;;;;;;;;;;;;;;;;;
jgeskens;3;5584;1123;1107;;;;;;;;;;;;;;;;;;;;;;;;;;;
oliviersels;1;1110;;;;;;;;;;;;;;;;;;;;;;;;;;;;;
jgasteiz;1;1111;;;;;;;;;;;;;;;;;;;;;;;;;;;;;
kvsn;1;1117;;;;;;;;;;;;;;;;;;;;;;;;;;;;;
niconoe;4;7576;6587;6476;1120;;;;;;;;;;;;;;;;;;;;;;;;;;
ClaesBas;1;1121;;;;;;;;;;;;;;;;;;;;;;;;;;;;;
martmatwarne;1;1126;;;;;;;;;;;;;;;;;;;;;;;;;;;;;
gajimenezmaggiora;1;1131;;;;;;;;;;;;;;;;;;;;;;;;;;;;;
lechup;1;1144;;;;;;;;;;;;;;;;;;;;;;;;;;;;;
bbjay;2;1174;1146;;;;;;;;;;;;;;;;;;;;;;;;;;;;
tadeck;3;1171;1153;1148;;;;;;;;;;;;;;;;;;;;;;;;;;;
sergeykolosov;8;6380;5586;5187;4808;4754;2667;1179;1150;;;;;;;;;;;;;;;;;;;;;;
KevinBrolly;1;1151;;;;;;;;;;;;;;;;;;;;;;;;;;;;;
lukaszb;3;1183;1182;1163;;;;;;;;;;;;;;;;;;;;;;;;;;;
nott;3;2666;1168;1165;;;;;;;;;;;;;;;;;;;;;;;;;;;
crainbf;1;1173;;;;;;;;;;;;;;;;;;;;;;;;;;;;;
tejinderss;1;1180;;;;;;;;;;;;;;;;;;;;;;;;;;;;;
wckd;1;1186;;;;;;;;;;;;;;;;;;;;;;;;;;;;;
rach;1;1199;;;;;;;;;;;;;;;;;;;;;;;;;;;;;
iapain;1;1215;;;;;;;;;;;;;;;;;;;;;;;;;;;;;
mliu7;1;1220;;;;;;;;;;;;;;;;;;;;;;;;;;;;;
JeffSWhite;1;1221;;;;;;;;;;;;;;;;;;;;;;;;;;;;;
romlok;1;1225;;;;;;;;;;;;;;;;;;;;;;;;;;;;;
wndfly;2;2536;1229;;;;;;;;;;;;;;;;;;;;;;;;;;;;
jaap3;20;5736;5726;5701;5699;5668;5655;5642;5640;5024;4941;3338;3337;3336;3041;3034;1514;1360;1332;1274;1238;;;;;;;;;;
aburgel;1;1243;;;;;;;;;;;;;;;;;;;;;;;;;;;;;
mdj2;2;5036;1244;;;;;;;;;;;;;;;;;;;;;;;;;;;;
kidsil;1;1263;;;;;;;;;;;;;;;;;;;;;;;;;;;;;
jrief;5;7526;7477;7425;1865;1268;;;;;;;;;;;;;;;;;;;;;;;;;
kulewski;1;1283;;;;;;;;;;;;;;;;;;;;;;;;;;;;;
shanx;1;1286;;;;;;;;;;;;;;;;;;;;;;;;;;;;;
Urth;5;1436;1435;1419;1418;1288;;;;;;;;;;;;;;;;;;;;;;;;;
izquierdo;1;1302;;;;;;;;;;;;;;;;;;;;;;;;;;;;;
amclark;1;1306;;;;;;;;;;;;;;;;;;;;;;;;;;;;;
Cyb0org;1;1313;;;;;;;;;;;;;;;;;;;;;;;;;;;;;
alexcouper;2;1383;1315;;;;;;;;;;;;;;;;;;;;;;;;;;;;
akhayyat;1;1322;;;;;;;;;;;;;;;;;;;;;;;;;;;;;
koddsson;1;1325;;;;;;;;;;;;;;;;;;;;;;;;;;;;;
nsadovskiy;2;1336;1333;;;;;;;;;;;;;;;;;;;;;;;;;;;;
mathiasuk;2;4230;1343;;;;;;;;;;;;;;;;;;;;;;;;;;;;
rickjohnston;1;1344;;;;;;;;;;;;;;;;;;;;;;;;;;;;;
seppo0010;1;1363;;;;;;;;;;;;;;;;;;;;;;;;;;;;;
jarus;3;2975;2969;1367;;;;;;;;;;;;;;;;;;;;;;;;;;;
martync;1;1379;;;;;;;;;;;;;;;;;;;;;;;;;;;;;
mekza;1;1386;;;;;;;;;;;;;;;;;;;;;;;;;;;;;
fengsi;2;2243;1387;;;;;;;;;;;;;;;;;;;;;;;;;;;;
dellis23;1;1393;;;;;;;;;;;;;;;;;;;;;;;;;;;;;
femesq;1;1397;;;;;;;;;;;;;;;;;;;;;;;;;;;;;
sesh;1;1398;;;;;;;;;;;;;;;;;;;;;;;;;;;;;
markhellewell;1;1399;;;;;;;;;;;;;;;;;;;;;;;;;;;;;
cordery;1;1402;;;;;;;;;;;;;;;;;;;;;;;;;;;;;
minusf;3;4038;4037;1405;;;;;;;;;;;;;;;;;;;;;;;;;;;
jmichalicek;3;1433;1426;1408;;;;;;;;;;;;;;;;;;;;;;;;;;;
glarrain;2;1595;1415;;;;;;;;;;;;;;;;;;;;;;;;;;;;
PetrDlouhy;4;5297;5296;5108;1420;;;;;;;;;;;;;;;;;;;;;;;;;;
jimmysong-work;2;1434;1428;;;;;;;;;;;;;;;;;;;;;;;;;;;;
delongw;1;1446;;;;;;;;;;;;;;;;;;;;;;;;;;;;;
bkvirendra;3;1864;1451;1450;;;;;;;;;;;;;;;;;;;;;;;;;;;
andreaugusto;1;1462;;;;;;;;;;;;;;;;;;;;;;;;;;;;;
Glank;1;1465;;;;;;;;;;;;;;;;;;;;;;;;;;;;;
mattr555;1;1467;;;;;;;;;;;;;;;;;;;;;;;;;;;;;
DerRechner;1;1468;;;;;;;;;;;;;;;;;;;;;;;;;;;;;
jonathanslenders;1;1472;;;;;;;;;;;;;;;;;;;;;;;;;;;;;
adambrenecki;3;5088;4859;1477;;;;;;;;;;;;;;;;;;;;;;;;;;;
shao362;1;1482;;;;;;;;;;;;;;;;;;;;;;;;;;;;;
debanshuk;2;1510;1484;;;;;;;;;;;;;;;;;;;;;;;;;;;;
koirikivi;3;1499;1495;1485;;;;;;;;;;;;;;;;;;;;;;;;;;;
denisenkom;3;5667;2839;1486;;;;;;;;;;;;;;;;;;;;;;;;;;;
Paul-C-Anagnostopoulos;1;1500;;;;;;;;;;;;;;;;;;;;;;;;;;;;;
koorgoo;1;1504;;;;;;;;;;;;;;;;;;;;;;;;;;;;;
whardier;1;1506;;;;;;;;;;;;;;;;;;;;;;;;;;;;;
mgorny;1;1509;;;;;;;;;;;;;;;;;;;;;;;;;;;;;
iorlas;1;1519;;;;;;;;;;;;;;;;;;;;;;;;;;;;;
maraujop;1;1521;;;;;;;;;;;;;;;;;;;;;;;;;;;;;
r3m0t;1;1529;;;;;;;;;;;;;;;;;;;;;;;;;;;;;
drtyrsa;2;2658;1543;;;;;;;;;;;;;;;;;;;;;;;;;;;;
ericbuehl;1;1546;;;;;;;;;;;;;;;;;;;;;;;;;;;;;
homm;1;1548;;;;;;;;;;;;;;;;;;;;;;;;;;;;;
micahhausler;2;1552;1551;;;;;;;;;;;;;;;;;;;;;;;;;;;;
EricBoersma;3;1568;1556;1553;;;;;;;;;;;;;;;;;;;;;;;;;;;
fsw;1;1555;;;;;;;;;;;;;;;;;;;;;;;;;;;;;
animan1;2;1573;1558;;;;;;;;;;;;;;;;;;;;;;;;;;;;
dlanger;1;1559;;;;;;;;;;;;;;;;;;;;;;;;;;;;;
beck;3;4549;2237;1562;;;;;;;;;;;;;;;;;;;;;;;;;;;
alexisbellido;1;1563;;;;;;;;;;;;;;;;;;;;;;;;;;;;;
Cheekio;1;1569;;;;;;;;;;;;;;;;;;;;;;;;;;;;;
danrjohnson;2;1695;1570;;;;;;;;;;;;;;;;;;;;;;;;;;;;
cabincode;2;2712;1571;;;;;;;;;;;;;;;;;;;;;;;;;;;;
fluffbeast;1;1572;;;;;;;;;;;;;;;;;;;;;;;;;;;;;
rodolfo2488;1;1574;;;;;;;;;;;;;;;;;;;;;;;;;;;;;
kedmiston;2;1591;1577;;;;;;;;;;;;;;;;;;;;;;;;;;;;
sheats;1;1585;;;;;;;;;;;;;;;;;;;;;;;;;;;;;
kezabelle;7;5067;5059;4993;4585;3907;1589;1588;;;;;;;;;;;;;;;;;;;;;;;
kamni;2;1960;1590;;;;;;;;;;;;;;;;;;;;;;;;;;;;
ethurgood;1;1593;;;;;;;;;;;;;;;;;;;;;;;;;;;;;
e0ne;5;1628;1626;1610;1605;1603;;;;;;;;;;;;;;;;;;;;;;;;;
oz123;1;1609;;;;;;;;;;;;;;;;;;;;;;;;;;;;;
schuyler1d;3;1615;1614;1613;;;;;;;;;;;;;;;;;;;;;;;;;;;
mattaustin;1;1620;;;;;;;;;;;;;;;;;;;;;;;;;;;;;
goetzb;1;1629;;;;;;;;;;;;;;;;;;;;;;;;;;;;;
luyikei;1;1633;;;;;;;;;;;;;;;;;;;;;;;;;;;;;
Sc00bz;1;1638;;;;;;;;;;;;;;;;;;;;;;;;;;;;;
fifieldt;1;1643;;;;;;;;;;;;;;;;;;;;;;;;;;;;;
zbenjamin;1;1648;;;;;;;;;;;;;;;;;;;;;;;;;;;;;
ianare;1;1650;;;;;;;;;;;;;;;;;;;;;;;;;;;;;
amney;1;1660;;;;;;;;;;;;;;;;;;;;;;;;;;;;;
nsmgr8;2;1672;1661;;;;;;;;;;;;;;;;;;;;;;;;;;;;
augeas;1;1662;;;;;;;;;;;;;;;;;;;;;;;;;;;;;
benhuckvale;1;1663;;;;;;;;;;;;;;;;;;;;;;;;;;;;;
helenst;4;7127;3787;3638;1664;;;;;;;;;;;;;;;;;;;;;;;;;;
forslund;1;1665;;;;;;;;;;;;;;;;;;;;;;;;;;;;;
dchetwynd;1;1666;;;;;;;;;;;;;;;;;;;;;;;;;;;;;
velis74;2;3258;1667;;;;;;;;;;;;;;;;;;;;;;;;;;;;
rootxnet;1;1669;;;;;;;;;;;;;;;;;;;;;;;;;;;;;
acatton;6;5419;5396;5363;4681;1825;1670;;;;;;;;;;;;;;;;;;;;;;;;
mnowotka;1;1682;;;;;;;;;;;;;;;;;;;;;;;;;;;;;
famousfilm;2;1916;1683;;;;;;;;;;;;;;;;;;;;;;;;;;;;
saturn597;1;1689;;;;;;;;;;;;;;;;;;;;;;;;;;;;;
albertyw;1;1690;;;;;;;;;;;;;;;;;;;;;;;;;;;;;
GregMeno;1;1691;;;;;;;;;;;;;;;;;;;;;;;;;;;;;
bigkevmcd;1;1700;;;;;;;;;;;;;;;;;;;;;;;;;;;;;
chmodas;1;1703;;;;;;;;;;;;;;;;;;;;;;;;;;;;;
ryangallen;10;7165;5272;5269;1715;1714;1713;1712;1711;1710;1707;;;;;;;;;;;;;;;;;;;;
carymrobbins;1;1709;;;;;;;;;;;;;;;;;;;;;;;;;;;;;
Siecje;6;3506;2236;1957;1863;1725;1723;;;;;;;;;;;;;;;;;;;;;;;;
flibbertigibbet;1;1726;;;;;;;;;;;;;;;;;;;;;;;;;;;;;
buremba;1;1728;;;;;;;;;;;;;;;;;;;;;;;;;;;;;
MaximusV;1;1734;;;;;;;;;;;;;;;;;;;;;;;;;;;;;
larryone;1;1741;;;;;;;;;;;;;;;;;;;;;;;;;;;;;
saoili;1;1742;;;;;;;;;;;;;;;;;;;;;;;;;;;;;
casavantesj;1;1754;;;;;;;;;;;;;;;;;;;;;;;;;;;;;
gmcquillan;2;1765;1757;;;;;;;;;;;;;;;;;;;;;;;;;;;;
ijl;1;1760;;;;;;;;;;;;;;;;;;;;;;;;;;;;;
schacki;2;1778;1774;;;;;;;;;;;;;;;;;;;;;;;;;;;;
manonthemat;1;1789;;;;;;;;;;;;;;;;;;;;;;;;;;;;;
pelson;1;1790;;;;;;;;;;;;;;;;;;;;;;;;;;;;;
davidfischer-ch;3;5247;1797;1794;;;;;;;;;;;;;;;;;;;;;;;;;;;
renatooliveira;3;5270;1846;1800;;;;;;;;;;;;;;;;;;;;;;;;;;;
daftshady;1;1808;;;;;;;;;;;;;;;;;;;;;;;;;;;;;
jellonek;1;1809;;;;;;;;;;;;;;;;;;;;;;;;;;;;;
olevinsky;2;1811;1810;;;;;;;;;;;;;;;;;;;;;;;;;;;;
remram44;1;1812;;;;;;;;;;;;;;;;;;;;;;;;;;;;;
renskiy;6;7247;7236;7220;1817;1816;1815;;;;;;;;;;;;;;;;;;;;;;;;
richardxia;1;1819;;;;;;;;;;;;;;;;;;;;;;;;;;;;;
OleLaursen;1;1833;;;;;;;;;;;;;;;;;;;;;;;;;;;;;
dgym;2;2277;1840;;;;;;;;;;;;;;;;;;;;;;;;;;;;
awilfox;1;1843;;;;;;;;;;;;;;;;;;;;;;;;;;;;;
coagulant;2;3424;1851;;;;;;;;;;;;;;;;;;;;;;;;;;;;
AvaniLodaya;1;1869;;;;;;;;;;;;;;;;;;;;;;;;;;;;;
rodzevich;2;1881;1880;;;;;;;;;;;;;;;;;;;;;;;;;;;;
nofeet;1;1882;;;;;;;;;;;;;;;;;;;;;;;;;;;;;
electrolusty;1;1888;;;;;;;;;;;;;;;;;;;;;;;;;;;;;
Sjord;1;1891;;;;;;;;;;;;;;;;;;;;;;;;;;;;;
dustyneuron;1;1893;;;;;;;;;;;;;;;;;;;;;;;;;;;;;
bernardopires;1;1900;;;;;;;;;;;;;;;;;;;;;;;;;;;;;
metakermit;3;1925;1917;1904;;;;;;;;;;;;;;;;;;;;;;;;;;;
iknite;1;1908;;;;;;;;;;;;;;;;;;;;;;;;;;;;;
zhangcheng;1;1910;;;;;;;;;;;;;;;;;;;;;;;;;;;;;
stephenmcd;2;7312;1913;;;;;;;;;;;;;;;;;;;;;;;;;;;;
erikvanzijst;3;2408;2401;1918;;;;;;;;;;;;;;;;;;;;;;;;;;;
parsch;1;1922;;;;;;;;;;;;;;;;;;;;;;;;;;;;;
troygrosfield;1;1941;;;;;;;;;;;;;;;;;;;;;;;;;;;;;
dlutxx;1;1944;;;;;;;;;;;;;;;;;;;;;;;;;;;;;
mumino;1;1945;;;;;;;;;;;;;;;;;;;;;;;;;;;;;
j00bar;1;1951;;;;;;;;;;;;;;;;;;;;;;;;;;;;;
wesalvaro;2;1995;1958;;;;;;;;;;;;;;;;;;;;;;;;;;;;
rhettg;2;3642;1966;;;;;;;;;;;;;;;;;;;;;;;;;;;;
jbohman;1;1967;;;;;;;;;;;;;;;;;;;;;;;;;;;;;
syphar;5;6393;4804;2662;1983;1977;;;;;;;;;;;;;;;;;;;;;;;;;
MRigal;2;5046;1986;;;;;;;;;;;;;;;;;;;;;;;;;;;;
ludwiktrammer;2;1991;1990;;;;;;;;;;;;;;;;;;;;;;;;;;;;
bnekolny;3;2172;2169;1998;;;;;;;;;;;;;;;;;;;;;;;;;;;
hugorodgerbrown;3;2027;2026;2004;;;;;;;;;;;;;;;;;;;;;;;;;;;
dmyerscough;2;2007;2006;;;;;;;;;;;;;;;;;;;;;;;;;;;;
AlexHill;24;7195;7020;7011;6968;6933;6678;6629;6628;6359;6355;6259;5099;5092;5091;4978;4426;4423;4130;4122;3984;3975;2096;2069;2010;;;;;;
boylea;1;2013;;;;;;;;;;;;;;;;;;;;;;;;;;;;;
theospears;1;2017;;;;;;;;;;;;;;;;;;;;;;;;;;;;;
denya;1;2020;;;;;;;;;;;;;;;;;;;;;;;;;;;;;
mpasternak;1;2025;;;;;;;;;;;;;;;;;;;;;;;;;;;;;
pegler;2;4200;2034;;;;;;;;;;;;;;;;;;;;;;;;;;;;
adepue;4;3472;3471;3470;2035;;;;;;;;;;;;;;;;;;;;;;;;;;
rogerhu;4;2387;2265;2264;2038;;;;;;;;;;;;;;;;;;;;;;;;;;
bartsanchez;1;2051;;;;;;;;;;;;;;;;;;;;;;;;;;;;;
johannes-gehrs;1;2053;;;;;;;;;;;;;;;;;;;;;;;;;;;;;
mitchellrj;1;2059;;;;;;;;;;;;;;;;;;;;;;;;;;;;;
kkaehler;1;2060;;;;;;;;;;;;;;;;;;;;;;;;;;;;;
Melevir;1;2064;;;;;;;;;;;;;;;;;;;;;;;;;;;;;
jgoclawski;2;5207;2072;;;;;;;;;;;;;;;;;;;;;;;;;;;;
pjrharley;3;2097;2093;2077;;;;;;;;;;;;;;;;;;;;;;;;;;;
AnneTheAgile;1;2078;;;;;;;;;;;;;;;;;;;;;;;;;;;;;
chrisspen;1;2080;;;;;;;;;;;;;;;;;;;;;;;;;;;;;
prasoon2211;1;2082;;;;;;;;;;;;;;;;;;;;;;;;;;;;;
barseghyanartur;1;2084;;;;;;;;;;;;;;;;;;;;;;;;;;;;;
mij;1;2095;;;;;;;;;;;;;;;;;;;;;;;;;;;;;
aliismayilov;1;2109;;;;;;;;;;;;;;;;;;;;;;;;;;;;;
yarikoptic;1;2112;;;;;;;;;;;;;;;;;;;;;;;;;;;;;
rizumu;2;2456;2130;;;;;;;;;;;;;;;;;;;;;;;;;;;;
petkostas;1;2140;;;;;;;;;;;;;;;;;;;;;;;;;;;;;
ntucker;1;2144;;;;;;;;;;;;;;;;;;;;;;;;;;;;;
pouete;2;2529;2152;;;;;;;;;;;;;;;;;;;;;;;;;;;;
exonian;3;4620;4377;2155;;;;;;;;;;;;;;;;;;;;;;;;;;;
sibson;1;2157;;;;;;;;;;;;;;;;;;;;;;;;;;;;;
testxub;1;2158;;;;;;;;;;;;;;;;;;;;;;;;;;;;;
ruurdadema;1;2160;;;;;;;;;;;;;;;;;;;;;;;;;;;;;
taldcroft;1;2165;;;;;;;;;;;;;;;;;;;;;;;;;;;;;
ramuta;1;2167;;;;;;;;;;;;;;;;;;;;;;;;;;;;;
jezdez;2;3385;2177;;;;;;;;;;;;;;;;;;;;;;;;;;;;
freakboy3742;1;2181;;;;;;;;;;;;;;;;;;;;;;;;;;;;;
Paaskehare;1;2185;;;;;;;;;;;;;;;;;;;;;;;;;;;;;
olivergeorge;1;2195;;;;;;;;;;;;;;;;;;;;;;;;;;;;;
boekkooi;1;2196;;;;;;;;;;;;;;;;;;;;;;;;;;;;;
fetzig;1;2201;;;;;;;;;;;;;;;;;;;;;;;;;;;;;
elbaschid;1;2204;;;;;;;;;;;;;;;;;;;;;;;;;;;;;
keybits;1;2206;;;;;;;;;;;;;;;;;;;;;;;;;;;;;
fizista;1;2208;;;;;;;;;;;;;;;;;;;;;;;;;;;;;
arneb;1;2209;;;;;;;;;;;;;;;;;;;;;;;;;;;;;
aaronvanderlip;1;2219;;;;;;;;;;;;;;;;;;;;;;;;;;;;;
taigh;1;2220;;;;;;;;;;;;;;;;;;;;;;;;;;;;;
picomancer;1;2231;;;;;;;;;;;;;;;;;;;;;;;;;;;;;
egasimus;3;2256;2255;2250;;;;;;;;;;;;;;;;;;;;;;;;;;;
bbaja42;1;2252;;;;;;;;;;;;;;;;;;;;;;;;;;;;;
rkstap;1;2253;;;;;;;;;;;;;;;;;;;;;;;;;;;;;
chrispbailey;1;2254;;;;;;;;;;;;;;;;;;;;;;;;;;;;;
julianwachholz;1;2257;;;;;;;;;;;;;;;;;;;;;;;;;;;;;
thoas;1;2260;;;;;;;;;;;;;;;;;;;;;;;;;;;;;
sperrygrove;1;2261;;;;;;;;;;;;;;;;;;;;;;;;;;;;;
eliben;1;2262;;;;;;;;;;;;;;;;;;;;;;;;;;;;;
Motiejus;2;2571;2263;;;;;;;;;;;;;;;;;;;;;;;;;;;;
hjwp;6;6855;6060;4564;4563;3180;2267;;;;;;;;;;;;;;;;;;;;;;;;
ramn;1;2268;;;;;;;;;;;;;;;;;;;;;;;;;;;;;
YDS19872712;3;2337;2317;2271;;;;;;;;;;;;;;;;;;;;;;;;;;;
wreckage;1;2275;;;;;;;;;;;;;;;;;;;;;;;;;;;;;
AeroNotix;5;2309;2304;2296;2291;2278;;;;;;;;;;;;;;;;;;;;;;;;;
lovasb;1;2279;;;;;;;;;;;;;;;;;;;;;;;;;;;;;
MPrusek;1;2280;;;;;;;;;;;;;;;;;;;;;;;;;;;;;
onjin;4;2307;2301;2286;2284;;;;;;;;;;;;;;;;;;;;;;;;;;
xando;1;2292;;;;;;;;;;;;;;;;;;;;;;;;;;;;;
budzinski;2;2300;2299;;;;;;;;;;;;;;;;;;;;;;;;;;;;
wiget;3;2438;2303;2302;;;;;;;;;;;;;;;;;;;;;;;;;;;
Xaerxess;1;2306;;;;;;;;;;;;;;;;;;;;;;;;;;;;;
tyrion;1;2313;;;;;;;;;;;;;;;;;;;;;;;;;;;;;
akshay1994;1;2314;;;;;;;;;;;;;;;;;;;;;;;;;;;;;
lynnkitch;3;2334;2328;2318;;;;;;;;;;;;;;;;;;;;;;;;;;;
vvojvoda;1;2320;;;;;;;;;;;;;;;;;;;;;;;;;;;;;
yakky;8;6405;6383;6372;6300;5602;5581;4368;2321;;;;;;;;;;;;;;;;;;;;;;
pjrobertson;1;2325;;;;;;;;;;;;;;;;;;;;;;;;;;;;;
dfunckt;5;5020;3399;3137;2402;2327;;;;;;;;;;;;;;;;;;;;;;;;;
esauro;1;2335;;;;;;;;;;;;;;;;;;;;;;;;;;;;;
ilya-pirogov;1;2336;;;;;;;;;;;;;;;;;;;;;;;;;;;;;
gitaarik;7;5333;4290;4280;4278;4264;3541;2341;;;;;;;;;;;;;;;;;;;;;;;
kobuz;2;2355;2347;;;;;;;;;;;;;;;;;;;;;;;;;;;;
jochem;1;2349;;;;;;;;;;;;;;;;;;;;;;;;;;;;;
henkvos;1;2350;;;;;;;;;;;;;;;;;;;;;;;;;;;;;
beregond;2;2354;2353;;;;;;;;;;;;;;;;;;;;;;;;;;;;
adamkal;1;2356;;;;;;;;;;;;;;;;;;;;;;;;;;;;;
alextreme;3;2361;2360;2359;;;;;;;;;;;;;;;;;;;;;;;;;;;
bigsassy;3;2884;2444;2366;;;;;;;;;;;;;;;;;;;;;;;;;;;
navneet35371;1;2367;;;;;;;;;;;;;;;;;;;;;;;;;;;;;
Keats;1;2368;;;;;;;;;;;;;;;;;;;;;;;;;;;;;
paolodina;1;2371;;;;;;;;;;;;;;;;;;;;;;;;;;;;;
afuna;1;2375;;;;;;;;;;;;;;;;;;;;;;;;;;;;;
fallenflint;1;2377;;;;;;;;;;;;;;;;;;;;;;;;;;;;;
dankram;1;2380;;;;;;;;;;;;;;;;;;;;;;;;;;;;;
fle;1;2392;;;;;;;;;;;;;;;;;;;;;;;;;;;;;
ramast;2;4284;2395;;;;;;;;;;;;;;;;;;;;;;;;;;;;
PirosB3;17;4053;3827;3670;3666;3114;3031;2894;2893;2891;2879;2874;2858;2823;2741;2434;2428;2404;;;;;;;;;;;;;
JJinx;1;2405;;;;;;;;;;;;;;;;;;;;;;;;;;;;;
dzhibas;1;2410;;;;;;;;;;;;;;;;;;;;;;;;;;;;;
lanzz;1;2412;;;;;;;;;;;;;;;;;;;;;;;;;;;;;
beckastar;3;6154;6125;2414;;;;;;;;;;;;;;;;;;;;;;;;;;;
wesleykendall;1;2417;;;;;;;;;;;;;;;;;;;;;;;;;;;;;
vegitron;3;2422;2421;2420;;;;;;;;;;;;;;;;;;;;;;;;;;;
blueyed;20;7613;7182;7181;7180;7056;5445;5325;5287;5284;5253;4950;4628;2906;2887;2886;2448;2446;2440;2426;2425;;;;;;;;;;
dekomote;4;3257;3255;2429;2427;;;;;;;;;;;;;;;;;;;;;;;;;;
kcphysics;1;2432;;;;;;;;;;;;;;;;;;;;;;;;;;;;;
smallcode;1;2436;;;;;;;;;;;;;;;;;;;;;;;;;;;;;
leonardocsantoss;1;2437;;;;;;;;;;;;;;;;;;;;;;;;;;;;;
vlastv;1;2441;;;;;;;;;;;;;;;;;;;;;;;;;;;;;
AmiZya;2;3790;2449;;;;;;;;;;;;;;;;;;;;;;;;;;;;
bryanhelmig;1;2450;;;;;;;;;;;;;;;;;;;;;;;;;;;;;
anttihirvonen;1;2453;;;;;;;;;;;;;;;;;;;;;;;;;;;;;
hlawrenz;1;2455;;;;;;;;;;;;;;;;;;;;;;;;;;;;;
damianmoore;1;2460;;;;;;;;;;;;;;;;;;;;;;;;;;;;;
DasIch;1;2467;;;;;;;;;;;;;;;;;;;;;;;;;;;;;
SaeX;2;4403;2469;;;;;;;;;;;;;;;;;;;;;;;;;;;;
Xowap;1;2476;;;;;;;;;;;;;;;;;;;;;;;;;;;;;
poligarcia;1;2491;;;;;;;;;;;;;;;;;;;;;;;;;;;;;
maxocub;8;2832;2826;2793;2792;2730;2725;2560;2492;;;;;;;;;;;;;;;;;;;;;;
johnpaulett;1;2503;;;;;;;;;;;;;;;;;;;;;;;;;;;;;
narimangharib;1;2513;;;;;;;;;;;;;;;;;;;;;;;;;;;;;
dialelo;1;2518;;;;;;;;;;;;;;;;;;;;;;;;;;;;;
flisky;2;2523;2521;;;;;;;;;;;;;;;;;;;;;;;;;;;;
serialx;1;2522;;;;;;;;;;;;;;;;;;;;;;;;;;;;;
imorrison;1;2524;;;;;;;;;;;;;;;;;;;;;;;;;;;;;
jlegs;1;2531;;;;;;;;;;;;;;;;;;;;;;;;;;;;;
valtron;2;3214;2538;;;;;;;;;;;;;;;;;;;;;;;;;;;;
jfilipe;3;2570;2546;2542;;;;;;;;;;;;;;;;;;;;;;;;;;;
bobsilverberg;1;2543;;;;;;;;;;;;;;;;;;;;;;;;;;;;;
chriscauley;1;2547;;;;;;;;;;;;;;;;;;;;;;;;;;;;;
jakebuhler;2;2565;2549;;;;;;;;;;;;;;;;;;;;;;;;;;;;
justhamade;2;2572;2550;;;;;;;;;;;;;;;;;;;;;;;;;;;;
cpsimpson;3;3942;2585;2552;;;;;;;;;;;;;;;;;;;;;;;;;;;
Edan-Purple;1;2554;;;;;;;;;;;;;;;;;;;;;;;;;;;;;
jmbowman;1;2557;;;;;;;;;;;;;;;;;;;;;;;;;;;;;
nickpresta;1;2558;;;;;;;;;;;;;;;;;;;;;;;;;;;;;
Ofir-Purple;1;2559;;;;;;;;;;;;;;;;;;;;;;;;;;;;;
mrezk;2;2576;2561;;;;;;;;;;;;;;;;;;;;;;;;;;;;
gabrielbrasil;1;2563;;;;;;;;;;;;;;;;;;;;;;;;;;;;;
g-div;1;2566;;;;;;;;;;;;;;;;;;;;;;;;;;;;;
jordiyeh;1;2568;;;;;;;;;;;;;;;;;;;;;;;;;;;;;
ttanner;5;3764;3762;3652;3617;2573;;;;;;;;;;;;;;;;;;;;;;;;;
visu;1;2574;;;;;;;;;;;;;;;;;;;;;;;;;;;;;
amatellanes;3;3725;2610;2579;;;;;;;;;;;;;;;;;;;;;;;;;;;
jonasvp;1;2581;;;;;;;;;;;;;;;;;;;;;;;;;;;;;
superemily;1;2588;;;;;;;;;;;;;;;;;;;;;;;;;;;;;
MorePower;1;2589;;;;;;;;;;;;;;;;;;;;;;;;;;;;;
mklauber;1;2595;;;;;;;;;;;;;;;;;;;;;;;;;;;;;
jkbrzt;2;2598;2597;;;;;;;;;;;;;;;;;;;;;;;;;;;;
mbox;4;5256;2644;2605;2603;;;;;;;;;;;;;;;;;;;;;;;;;;
loop0;1;2606;;;;;;;;;;;;;;;;;;;;;;;;;;;;;
Gumnos;1;2611;;;;;;;;;;;;;;;;;;;;;;;;;;;;;
julen;1;2616;;;;;;;;;;;;;;;;;;;;;;;;;;;;;
sipp11;1;2617;;;;;;;;;;;;;;;;;;;;;;;;;;;;;
ydaniv;2;5750;2622;;;;;;;;;;;;;;;;;;;;;;;;;;;;
nyilwin;2;2624;2623;;;;;;;;;;;;;;;;;;;;;;;;;;;;
tedtieken;1;2627;;;;;;;;;;;;;;;;;;;;;;;;;;;;;
daonb;1;2630;;;;;;;;;;;;;;;;;;;;;;;;;;;;;
adminq80;3;5954;4515;2632;;;;;;;;;;;;;;;;;;;;;;;;;;;
elinaldosoft;1;2650;;;;;;;;;;;;;;;;;;;;;;;;;;;;;
harisibrahimkv;2;4640;2651;;;;;;;;;;;;;;;;;;;;;;;;;;;;
mbacho;1;2656;;;;;;;;;;;;;;;;;;;;;;;;;;;;;
m2w;1;2665;;;;;;;;;;;;;;;;;;;;;;;;;;;;;
hakanw;1;2669;;;;;;;;;;;;;;;;;;;;;;;;;;;;;
rbarrois;1;2670;;;;;;;;;;;;;;;;;;;;;;;;;;;;;
zsoldosp;2;2674;2671;;;;;;;;;;;;;;;;;;;;;;;;;;;;
gtvblame;1;2672;;;;;;;;;;;;;;;;;;;;;;;;;;;;;
merll;1;2677;;;;;;;;;;;;;;;;;;;;;;;;;;;;;
albertoalcolea;1;2689;;;;;;;;;;;;;;;;;;;;;;;;;;;;;
Starou;2;3485;2695;;;;;;;;;;;;;;;;;;;;;;;;;;;;
phpdude;1;2701;;;;;;;;;;;;;;;;;;;;;;;;;;;;;
gyx1000;4;2761;2737;2735;2704;;;;;;;;;;;;;;;;;;;;;;;;;;
chris-morgan;1;2705;;;;;;;;;;;;;;;;;;;;;;;;;;;;;
andialbrecht;1;2709;;;;;;;;;;;;;;;;;;;;;;;;;;;;;
JoLinden;2;3196;2710;;;;;;;;;;;;;;;;;;;;;;;;;;;;
cclauss;1;2713;;;;;;;;;;;;;;;;;;;;;;;;;;;;;
aj-may;1;2714;;;;;;;;;;;;;;;;;;;;;;;;;;;;;
SirCmpwn;1;2719;;;;;;;;;;;;;;;;;;;;;;;;;;;;;
Meira;1;2720;;;;;;;;;;;;;;;;;;;;;;;;;;;;;
XANi;1;2721;;;;;;;;;;;;;;;;;;;;;;;;;;;;;
a1tus;5;3398;3201;2817;2816;2723;;;;;;;;;;;;;;;;;;;;;;;;;
concernedfeminist;1;2727;;;;;;;;;;;;;;;;;;;;;;;;;;;;;
Codeusa;1;2729;;;;;;;;;;;;;;;;;;;;;;;;;;;;;
craigds;1;2733;;;;;;;;;;;;;;;;;;;;;;;;;;;;;
victorgama;2;2740;2739;;;;;;;;;;;;;;;;;;;;;;;;;;;;
CodeOtter;1;2745;;;;;;;;;;;;;;;;;;;;;;;;;;;;;
mrkafk;1;2746;;;;;;;;;;;;;;;;;;;;;;;;;;;;;
amalek215;1;2749;;;;;;;;;;;;;;;;;;;;;;;;;;;;;
avances123;1;2750;;;;;;;;;;;;;;;;;;;;;;;;;;;;;
kkoroviev;1;2751;;;;;;;;;;;;;;;;;;;;;;;;;;;;;
brycenesbitt;1;2753;;;;;;;;;;;;;;;;;;;;;;;;;;;;;
yES;1;2755;;;;;;;;;;;;;;;;;;;;;;;;;;;;;
methane;1;2758;;;;;;;;;;;;;;;;;;;;;;;;;;;;;
LuanP;1;2767;;;;;;;;;;;;;;;;;;;;;;;;;;;;;
xavfernandez;1;2769;;;;;;;;;;;;;;;;;;;;;;;;;;;;;
jianli;1;2771;;;;;;;;;;;;;;;;;;;;;;;;;;;;;
duncanparkes;6;3304;3126;3125;3124;3123;2778;;;;;;;;;;;;;;;;;;;;;;;;
misli;1;2779;;;;;;;;;;;;;;;;;;;;;;;;;;;;;
wolever;1;2784;;;;;;;;;;;;;;;;;;;;;;;;;;;;;
rparent;1;2785;;;;;;;;;;;;;;;;;;;;;;;;;;;;;
gdub;1;2791;;;;;;;;;;;;;;;;;;;;;;;;;;;;;
josh-parris;1;2800;;;;;;;;;;;;;;;;;;;;;;;;;;;;;
huang119112;1;2808;;;;;;;;;;;;;;;;;;;;;;;;;;;;;
thnee;1;2813;;;;;;;;;;;;;;;;;;;;;;;;;;;;;
jooyous;2;3345;2822;;;;;;;;;;;;;;;;;;;;;;;;;;;;
Suor;2;2853;2829;;;;;;;;;;;;;;;;;;;;;;;;;;;;
jimeh;2;2831;2830;;;;;;;;;;;;;;;;;;;;;;;;;;;;
yorkie;2;2860;2835;;;;;;;;;;;;;;;;;;;;;;;;;;;;
korfuri;1;2840;;;;;;;;;;;;;;;;;;;;;;;;;;;;;
vin-sha;1;2843;;;;;;;;;;;;;;;;;;;;;;;;;;;;;
slix;1;2848;;;;;;;;;;;;;;;;;;;;;;;;;;;;;
debnet;1;2855;;;;;;;;;;;;;;;;;;;;;;;;;;;;;
gvangool;1;2856;;;;;;;;;;;;;;;;;;;;;;;;;;;;;
msoedov;1;2863;;;;;;;;;;;;;;;;;;;;;;;;;;;;;
cwood;1;2871;;;;;;;;;;;;;;;;;;;;;;;;;;;;;
camfulton;2;2877;2875;;;;;;;;;;;;;;;;;;;;;;;;;;;;
radiosilence;1;2876;;;;;;;;;;;;;;;;;;;;;;;;;;;;;
knaperek;1;2888;;;;;;;;;;;;;;;;;;;;;;;;;;;;;
aehlke;1;2895;;;;;;;;;;;;;;;;;;;;;;;;;;;;;
Jyrno42;1;2901;;;;;;;;;;;;;;;;;;;;;;;;;;;;;
keelung;3;4475;2927;2911;;;;;;;;;;;;;;;;;;;;;;;;;;;
dnozay;3;3862;2921;2920;;;;;;;;;;;;;;;;;;;;;;;;;;;
djds23;1;2926;;;;;;;;;;;;;;;;;;;;;;;;;;;;;
bartek;1;2929;;;;;;;;;;;;;;;;;;;;;;;;;;;;;
elvinmakhmudov;1;2930;;;;;;;;;;;;;;;;;;;;;;;;;;;;;
anentropic;1;2931;;;;;;;;;;;;;;;;;;;;;;;;;;;;;
qingfeng;3;2984;2976;2933;;;;;;;;;;;;;;;;;;;;;;;;;;;
dgreisen-cfpb;1;2936;;;;;;;;;;;;;;;;;;;;;;;;;;;;;
rikkiprince;1;2937;;;;;;;;;;;;;;;;;;;;;;;;;;;;;
mr-africa;2;3148;2939;;;;;;;;;;;;;;;;;;;;;;;;;;;;
tomdyson;2;3352;2953;;;;;;;;;;;;;;;;;;;;;;;;;;;;
tb123;2;3025;2961;;;;;;;;;;;;;;;;;;;;;;;;;;;;
petraszd;3;3198;2972;2963;;;;;;;;;;;;;;;;;;;;;;;;;;;
nip3o;4;6699;2986;2970;2964;;;;;;;;;;;;;;;;;;;;;;;;;;
synasius;2;5603;2965;;;;;;;;;;;;;;;;;;;;;;;;;;;;
navi7;1;2966;;;;;;;;;;;;;;;;;;;;;;;;;;;;;
beachmachine;2;3035;2983;;;;;;;;;;;;;;;;;;;;;;;;;;;;
christopherdcunha;1;2987;;;;;;;;;;;;;;;;;;;;;;;;;;;;;
gmunumel;9;4191;4146;3029;3028;3024;3022;3021;2994;2988;;;;;;;;;;;;;;;;;;;;;
DZPM;1;2999;;;;;;;;;;;;;;;;;;;;;;;;;;;;;
wlonk;1;3000;;;;;;;;;;;;;;;;;;;;;;;;;;;;;
mhohai;2;3119;3001;;;;;;;;;;;;;;;;;;;;;;;;;;;;
dw;1;3008;;;;;;;;;;;;;;;;;;;;;;;;;;;;;
seamr;1;3014;;;;;;;;;;;;;;;;;;;;;;;;;;;;;
SITZ;1;3016;;;;;;;;;;;;;;;;;;;;;;;;;;;;;
bessl;1;3017;;;;;;;;;;;;;;;;;;;;;;;;;;;;;
pavel-shpilev;2;3369;3026;;;;;;;;;;;;;;;;;;;;;;;;;;;;
skeuomorf;1;3027;;;;;;;;;;;;;;;;;;;;;;;;;;;;;
rajivm;1;3033;;;;;;;;;;;;;;;;;;;;;;;;;;;;;
mbertheau;3;4565;3211;3042;;;;;;;;;;;;;;;;;;;;;;;;;;;
olasitarska;11;5215;5214;4909;3660;3250;3249;3248;3062;3061;3044;3043;;;;;;;;;;;;;;;;;;;
wdoekes;1;3054;;;;;;;;;;;;;;;;;;;;;;;;;;;;;
vladimiroff;1;3067;;;;;;;;;;;;;;;;;;;;;;;;;;;;;
drewwalk4;1;3077;;;;;;;;;;;;;;;;;;;;;;;;;;;;;
movEAX;1;3078;;;;;;;;;;;;;;;;;;;;;;;;;;;;;
shlee322;1;3084;;;;;;;;;;;;;;;;;;;;;;;;;;;;;
bluec0re;1;3087;;;;;;;;;;;;;;;;;;;;;;;;;;;;;
doctormo;1;3094;;;;;;;;;;;;;;;;;;;;;;;;;;;;;
CapnKernel;1;3112;;;;;;;;;;;;;;;;;;;;;;;;;;;;;
fatiherikli;1;3113;;;;;;;;;;;;;;;;;;;;;;;;;;;;;
halitalptekin;1;3115;;;;;;;;;;;;;;;;;;;;;;;;;;;;;
danielsamuels;1;3122;;;;;;;;;;;;;;;;;;;;;;;;;;;;;
bayalievu;2;3132;3131;;;;;;;;;;;;;;;;;;;;;;;;;;;;
logston;1;3142;;;;;;;;;;;;;;;;;;;;;;;;;;;;;
olivergs;2;3949;3147;;;;;;;;;;;;;;;;;;;;;;;;;;;;
jhobbs;1;3151;;;;;;;;;;;;;;;;;;;;;;;;;;;;;
twz915;2;3156;3155;;;;;;;;;;;;;;;;;;;;;;;;;;;;
patrickbeeson;1;3166;;;;;;;;;;;;;;;;;;;;;;;;;;;;;
baylee;2;6705;3173;;;;;;;;;;;;;;;;;;;;;;;;;;;;
x110dc;1;3176;;;;;;;;;;;;;;;;;;;;;;;;;;;;;
jambonrose;4;4497;4491;4227;3177;;;;;;;;;;;;;;;;;;;;;;;;;;
oromero;2;3184;3178;;;;;;;;;;;;;;;;;;;;;;;;;;;;
masterfung;1;3181;;;;;;;;;;;;;;;;;;;;;;;;;;;;;
vstoykov;1;3183;;;;;;;;;;;;;;;;;;;;;;;;;;;;;
vsanasc;1;3186;;;;;;;;;;;;;;;;;;;;;;;;;;;;;
Octowl;1;3187;;;;;;;;;;;;;;;;;;;;;;;;;;;;;
brycecaine;1;3189;;;;;;;;;;;;;;;;;;;;;;;;;;;;;
yrik;1;3192;;;;;;;;;;;;;;;;;;;;;;;;;;;;;
jaegerpicker;1;3195;;;;;;;;;;;;;;;;;;;;;;;;;;;;;
danxshap;1;3200;;;;;;;;;;;;;;;;;;;;;;;;;;;;;
szilveszter;2;4985;3215;;;;;;;;;;;;;;;;;;;;;;;;;;;;
jpadilla;3;4599;3268;3217;;;;;;;;;;;;;;;;;;;;;;;;;;;
maltebeckmann;1;3218;;;;;;;;;;;;;;;;;;;;;;;;;;;;;
lane128;1;3224;;;;;;;;;;;;;;;;;;;;;;;;;;;;;
amosson;1;3227;;;;;;;;;;;;;;;;;;;;;;;;;;;;;
JDougherty;1;3228;;;;;;;;;;;;;;;;;;;;;;;;;;;;;
dgbc;1;3234;;;;;;;;;;;;;;;;;;;;;;;;;;;;;
dbaty;1;3235;;;;;;;;;;;;;;;;;;;;;;;;;;;;;
marco-buttu;2;3272;3246;;;;;;;;;;;;;;;;;;;;;;;;;;;;
diegoguimaraes;4;3977;3726;3679;3262;;;;;;;;;;;;;;;;;;;;;;;;;;
bigjust;1;3263;;;;;;;;;;;;;;;;;;;;;;;;;;;;;
davide-ceretti;2;3341;3273;;;;;;;;;;;;;;;;;;;;;;;;;;;;
artemrizhov;2;3277;3274;;;;;;;;;;;;;;;;;;;;;;;;;;;;
testgmail;1;3279;;;;;;;;;;;;;;;;;;;;;;;;;;;;;
duane9;3;6296;6281;3285;;;;;;;;;;;;;;;;;;;;;;;;;;;
sethrh;1;3288;;;;;;;;;;;;;;;;;;;;;;;;;;;;;
Owner-;1;3294;;;;;;;;;;;;;;;;;;;;;;;;;;;;;
jnothman;1;3296;;;;;;;;;;;;;;;;;;;;;;;;;;;;;
ticalcster;1;3299;;;;;;;;;;;;;;;;;;;;;;;;;;;;;
jelenak;1;3302;;;;;;;;;;;;;;;;;;;;;;;;;;;;;
browniebroke;2;5791;3306;;;;;;;;;;;;;;;;;;;;;;;;;;;;
isbadawi;1;3309;;;;;;;;;;;;;;;;;;;;;;;;;;;;;
pashinin;1;3310;;;;;;;;;;;;;;;;;;;;;;;;;;;;;
nanuxbe;1;3311;;;;;;;;;;;;;;;;;;;;;;;;;;;;;
Alerion;2;4418;3313;;;;;;;;;;;;;;;;;;;;;;;;;;;;
ChangeSomeCode;1;3314;;;;;;;;;;;;;;;;;;;;;;;;;;;;;
abhillman;1;3319;;;;;;;;;;;;;;;;;;;;;;;;;;;;;
alsoicode;1;3324;;;;;;;;;;;;;;;;;;;;;;;;;;;;;
chosak;1;3326;;;;;;;;;;;;;;;;;;;;;;;;;;;;;
kswiat;8;5055;5016;5008;5001;3447;3359;3343;3327;;;;;;;;;;;;;;;;;;;;;;
batiste;1;3335;;;;;;;;;;;;;;;;;;;;;;;;;;;;;
averybigant;2;3473;3342;;;;;;;;;;;;;;;;;;;;;;;;;;;;
doriczapari;1;3346;;;;;;;;;;;;;;;;;;;;;;;;;;;;;
machineperson;2;3355;3354;;;;;;;;;;;;;;;;;;;;;;;;;;;;
mcgeeco;1;3360;;;;;;;;;;;;;;;;;;;;;;;;;;;;;
utter-step;1;3364;;;;;;;;;;;;;;;;;;;;;;;;;;;;;
daidoji;1;3375;;;;;;;;;;;;;;;;;;;;;;;;;;;;;
duanhongyi;1;3382;;;;;;;;;;;;;;;;;;;;;;;;;;;;;
steffann;1;3387;;;;;;;;;;;;;;;;;;;;;;;;;;;;;
nicholasserra;1;3389;;;;;;;;;;;;;;;;;;;;;;;;;;;;;
Forever-Young;1;3396;;;;;;;;;;;;;;;;;;;;;;;;;;;;;
prathik;4;3435;3434;3408;3400;;;;;;;;;;;;;;;;;;;;;;;;;;
ralphje;1;3401;;;;;;;;;;;;;;;;;;;;;;;;;;;;;
tony-zhu;2;3419;3404;;;;;;;;;;;;;;;;;;;;;;;;;;;;
chancez;1;3405;;;;;;;;;;;;;;;;;;;;;;;;;;;;;
jamesdoherty;1;3416;;;;;;;;;;;;;;;;;;;;;;;;;;;;;
cardoe;1;3423;;;;;;;;;;;;;;;;;;;;;;;;;;;;;
omeinusch;1;3429;;;;;;;;;;;;;;;;;;;;;;;;;;;;;
slollo;1;3437;;;;;;;;;;;;;;;;;;;;;;;;;;;;;
sdenel;1;3438;;;;;;;;;;;;;;;;;;;;;;;;;;;;;
paschembri;1;3440;;;;;;;;;;;;;;;;;;;;;;;;;;;;;
timheap;3;4415;3590;3441;;;;;;;;;;;;;;;;;;;;;;;;;;;
twidi;4;5703;3556;3551;3446;;;;;;;;;;;;;;;;;;;;;;;;;;
zanderle;3;4939;3457;3448;;;;;;;;;;;;;;;;;;;;;;;;;;;
vlajos;1;3463;;;;;;;;;;;;;;;;;;;;;;;;;;;;;
azman0101;1;3465;;;;;;;;;;;;;;;;;;;;;;;;;;;;;
knight008848;1;3474;;;;;;;;;;;;;;;;;;;;;;;;;;;;;
artscoop;3;4401;4398;3497;;;;;;;;;;;;;;;;;;;;;;;;;;;
bradmwalker;1;3498;;;;;;;;;;;;;;;;;;;;;;;;;;;;;
Tilka;2;3540;3500;;;;;;;;;;;;;;;;;;;;;;;;;;;;
sww;3;4287;4168;3504;;;;;;;;;;;;;;;;;;;;;;;;;;;
gulfpearl;1;3508;;;;;;;;;;;;;;;;;;;;;;;;;;;;;
dabidan;1;3509;;;;;;;;;;;;;;;;;;;;;;;;;;;;;
mrbox;2;5585;3514;;;;;;;;;;;;;;;;;;;;;;;;;;;;
mfa;1;3515;;;;;;;;;;;;;;;;;;;;;;;;;;;;;
yamila-moreno;3;4792;4791;3521;;;;;;;;;;;;;;;;;;;;;;;;;;;
fabionatali;3;4378;4376;3523;;;;;;;;;;;;;;;;;;;;;;;;;;;
burhan;5;7519;6388;6375;3547;3528;;;;;;;;;;;;;;;;;;;;;;;;;
wadevries;1;3529;;;;;;;;;;;;;;;;;;;;;;;;;;;;;
jsmits;1;3532;;;;;;;;;;;;;;;;;;;;;;;;;;;;;
szopu;1;3533;;;;;;;;;;;;;;;;;;;;;;;;;;;;;
yigitguler;2;3539;3534;;;;;;;;;;;;;;;;;;;;;;;;;;;;
rudolphfroger;1;3550;;;;;;;;;;;;;;;;;;;;;;;;;;;;;
piotrpawlaczek;1;3557;;;;;;;;;;;;;;;;;;;;;;;;;;;;;
iljamaas;1;3559;;;;;;;;;;;;;;;;;;;;;;;;;;;;;
scrummyin;1;3586;;;;;;;;;;;;;;;;;;;;;;;;;;;;;
jayachandp;1;3591;;;;;;;;;;;;;;;;;;;;;;;;;;;;;
sayseesea;1;3593;;;;;;;;;;;;;;;;;;;;;;;;;;;;;
cherepski;1;3600;;;;;;;;;;;;;;;;;;;;;;;;;;;;;
redouane;1;3607;;;;;;;;;;;;;;;;;;;;;;;;;;;;;
kevgathuku;1;3608;;;;;;;;;;;;;;;;;;;;;;;;;;;;;
martinblech;3;3630;3624;3613;;;;;;;;;;;;;;;;;;;;;;;;;;;
kenial;5;3698;3695;3625;3615;3614;;;;;;;;;;;;;;;;;;;;;;;;;
richardolsson;1;3616;;;;;;;;;;;;;;;;;;;;;;;;;;;;;
adamalton;2;6291;3618;;;;;;;;;;;;;;;;;;;;;;;;;;;;
ericpeterson-l;1;3627;;;;;;;;;;;;;;;;;;;;;;;;;;;;;
sdeprez;1;3633;;;;;;;;;;;;;;;;;;;;;;;;;;;;;
sitsofe;1;3635;;;;;;;;;;;;;;;;;;;;;;;;;;;;;
kbr-;1;3637;;;;;;;;;;;;;;;;;;;;;;;;;;;;;
RichardKnop;1;3640;;;;;;;;;;;;;;;;;;;;;;;;;;;;;
xblitz;3;4513;4492;3651;;;;;;;;;;;;;;;;;;;;;;;;;;;
benjaoming;3;5878;3678;3654;;;;;;;;;;;;;;;;;;;;;;;;;;;
alexanderad;2;3658;3657;;;;;;;;;;;;;;;;;;;;;;;;;;;;
jerry-dumblauskas;1;3661;;;;;;;;;;;;;;;;;;;;;;;;;;;;;
thikonom;2;3676;3675;;;;;;;;;;;;;;;;;;;;;;;;;;;;
you-n-g;5;3692;3691;3690;3689;3688;;;;;;;;;;;;;;;;;;;;;;;;;
spapas;2;3875;3696;;;;;;;;;;;;;;;;;;;;;;;;;;;;
pquentin;1;3704;;;;;;;;;;;;;;;;;;;;;;;;;;;;;
rynomster;4;6253;6252;5980;3705;;;;;;;;;;;;;;;;;;;;;;;;;;
proitm;2;3857;3713;;;;;;;;;;;;;;;;;;;;;;;;;;;;
roebuk;1;3721;;;;;;;;;;;;;;;;;;;;;;;;;;;;;
devunt;1;3722;;;;;;;;;;;;;;;;;;;;;;;;;;;;;
xzased;1;3731;;;;;;;;;;;;;;;;;;;;;;;;;;;;;
fangpeng;3;3742;3741;3738;;;;;;;;;;;;;;;;;;;;;;;;;;;
tuxskar;1;3739;;;;;;;;;;;;;;;;;;;;;;;;;;;;;
jschneier;5;5974;4048;3976;3901;3750;;;;;;;;;;;;;;;;;;;;;;;;;
ryanhiebert;2;4588;3752;;;;;;;;;;;;;;;;;;;;;;;;;;;;
gbdlin;1;3760;;;;;;;;;;;;;;;;;;;;;;;;;;;;;
aktech;1;3761;;;;;;;;;;;;;;;;;;;;;;;;;;;;;
GreyZmeem;3;3781;3769;3768;;;;;;;;;;;;;;;;;;;;;;;;;;;
alexanderschulze;1;3772;;;;;;;;;;;;;;;;;;;;;;;;;;;;;
dustinfarris;1;3773;;;;;;;;;;;;;;;;;;;;;;;;;;;;;
lucaswiman;1;3776;;;;;;;;;;;;;;;;;;;;;;;;;;;;;
frankier;1;3780;;;;;;;;;;;;;;;;;;;;;;;;;;;;;
wearp;1;3783;;;;;;;;;;;;;;;;;;;;;;;;;;;;;
brianjscoles;1;3788;;;;;;;;;;;;;;;;;;;;;;;;;;;;;
douglasjreynolds;1;3796;;;;;;;;;;;;;;;;;;;;;;;;;;;;;
EnTeQuAk;3;6010;4434;3803;;;;;;;;;;;;;;;;;;;;;;;;;;;
splbio;1;3822;;;;;;;;;;;;;;;;;;;;;;;;;;;;;
michalmo;2;3926;3825;;;;;;;;;;;;;;;;;;;;;;;;;;;;
nicwest;1;3831;;;;;;;;;;;;;;;;;;;;;;;;;;;;;
iambibhas;2;5251;3835;;;;;;;;;;;;;;;;;;;;;;;;;;;;
raully7;1;3847;;;;;;;;;;;;;;;;;;;;;;;;;;;;;
holdenweb;1;3861;;;;;;;;;;;;;;;;;;;;;;;;;;;;;
sephii;3;4805;4796;3864;;;;;;;;;;;;;;;;;;;;;;;;;;;
hellysmile;2;3873;3871;;;;;;;;;;;;;;;;;;;;;;;;;;;;
rafalp;1;3872;;;;;;;;;;;;;;;;;;;;;;;;;;;;;
arcturusannamalai;1;3876;;;;;;;;;;;;;;;;;;;;;;;;;;;;;
torre76;1;3886;;;;;;;;;;;;;;;;;;;;;;;;;;;;;
seanwestfall;2;3993;3888;;;;;;;;;;;;;;;;;;;;;;;;;;;;
davidfstr;1;3893;;;;;;;;;;;;;;;;;;;;;;;;;;;;;
gormster;1;3906;;;;;;;;;;;;;;;;;;;;;;;;;;;;;
samuelcolvin;1;3908;;;;;;;;;;;;;;;;;;;;;;;;;;;;;
rickhutcheson;1;3933;;;;;;;;;;;;;;;;;;;;;;;;;;;;;
davidrobles;1;3936;;;;;;;;;;;;;;;;;;;;;;;;;;;;;
darkryder;9;5525;5475;5298;5127;4973;4070;4064;3973;3938;;;;;;;;;;;;;;;;;;;;;
remohammadi;1;3940;;;;;;;;;;;;;;;;;;;;;;;;;;;;;
luzfcb;1;3946;;;;;;;;;;;;;;;;;;;;;;;;;;;;;
ataylor32;2;4942;3956;;;;;;;;;;;;;;;;;;;;;;;;;;;;
syndbg;2;4174;3959;;;;;;;;;;;;;;;;;;;;;;;;;;;;
ar45;4;6885;5122;4018;3968;;;;;;;;;;;;;;;;;;;;;;;;;;
bmwiedemann;1;3970;;;;;;;;;;;;;;;;;;;;;;;;;;;;;
peterlauri;1;3972;;;;;;;;;;;;;;;;;;;;;;;;;;;;;
jaywink;1;3978;;;;;;;;;;;;;;;;;;;;;;;;;;;;;
mdiener21;1;3979;;;;;;;;;;;;;;;;;;;;;;;;;;;;;
kilrogg;1;3987;;;;;;;;;;;;;;;;;;;;;;;;;;;;;
matt-leach;1;4001;;;;;;;;;;;;;;;;;;;;;;;;;;;;;
akulakov;12;4674;4595;4526;4512;4420;4308;4286;4073;4020;4017;4013;4007;;;;;;;;;;;;;;;;;;
monokrome;1;4016;;;;;;;;;;;;;;;;;;;;;;;;;;;;;
MarkAWard;1;4023;;;;;;;;;;;;;;;;;;;;;;;;;;;;;
gasman;2;4129;4024;;;;;;;;;;;;;;;;;;;;;;;;;;;;
vamsi;1;4028;;;;;;;;;;;;;;;;;;;;;;;;;;;;;
MattHardcastle;1;4035;;;;;;;;;;;;;;;;;;;;;;;;;;;;;
plumdog;2;5802;4041;;;;;;;;;;;;;;;;;;;;;;;;;;;;
yairchu;1;4060;;;;;;;;;;;;;;;;;;;;;;;;;;;;;
varunsharma;6;5951;5874;5871;5865;4363;4081;;;;;;;;;;;;;;;;;;;;;;;;
amyodov;1;4083;;;;;;;;;;;;;;;;;;;;;;;;;;;;;
mvasilkov;1;4092;;;;;;;;;;;;;;;;;;;;;;;;;;;;;
jart;1;4094;;;;;;;;;;;;;;;;;;;;;;;;;;;;;
lukasklein;1;4108;;;;;;;;;;;;;;;;;;;;;;;;;;;;;
kennydude;1;4109;;;;;;;;;;;;;;;;;;;;;;;;;;;;;
guettli;7;7409;6069;5978;5788;5184;4422;4110;;;;;;;;;;;;;;;;;;;;;;;
ovangle;3;4562;4553;4131;;;;;;;;;;;;;;;;;;;;;;;;;;;
BertrandBordage;1;4133;;;;;;;;;;;;;;;;;;;;;;;;;;;;;
pzrq;4;5100;5089;4626;4143;;;;;;;;;;;;;;;;;;;;;;;;;;
atmb4u;4;4511;4506;4273;4149;;;;;;;;;;;;;;;;;;;;;;;;;;
MatthewWilkes;3;6216;4155;4154;;;;;;;;;;;;;;;;;;;;;;;;;;;
avidal;1;4166;;;;;;;;;;;;;;;;;;;;;;;;;;;;;
foresmac;1;4169;;;;;;;;;;;;;;;;;;;;;;;;;;;;;
donkirkby;3;5929;5346;4177;;;;;;;;;;;;;;;;;;;;;;;;;;;
kenkam;1;4188;;;;;;;;;;;;;;;;;;;;;;;;;;;;;
ifedapoolarewaju;2;4309;4197;;;;;;;;;;;;;;;;;;;;;;;;;;;;
rjagerman;1;4205;;;;;;;;;;;;;;;;;;;;;;;;;;;;;
karolyi;1;4209;;;;;;;;;;;;;;;;;;;;;;;;;;;;;
RossBrunton;1;4210;;;;;;;;;;;;;;;;;;;;;;;;;;;;;
medmunds;2;7430;4211;;;;;;;;;;;;;;;;;;;;;;;;;;;;
gam-phon;1;4212;;;;;;;;;;;;;;;;;;;;;;;;;;;;;
ashaindlin;1;4219;;;;;;;;;;;;;;;;;;;;;;;;;;;;;
adnam;2;4325;4223;;;;;;;;;;;;;;;;;;;;;;;;;;;;
commadelimited;1;4228;;;;;;;;;;;;;;;;;;;;;;;;;;;;;
eliyahen1;1;4231;;;;;;;;;;;;;;;;;;;;;;;;;;;;;
ganwell;1;4235;;;;;;;;;;;;;;;;;;;;;;;;;;;;;
piquadrat;3;5345;5292;4238;;;;;;;;;;;;;;;;;;;;;;;;;;;
atleta;2;4246;4245;;;;;;;;;;;;;;;;;;;;;;;;;;;;
richardroyal;1;4248;;;;;;;;;;;;;;;;;;;;;;;;;;;;;
saschalalala;1;4251;;;;;;;;;;;;;;;;;;;;;;;;;;;;;
johngian;1;4252;;;;;;;;;;;;;;;;;;;;;;;;;;;;;
dakrauth;1;4257;;;;;;;;;;;;;;;;;;;;;;;;;;;;;
alesasnouski;4;5917;5645;4970;4258;;;;;;;;;;;;;;;;;;;;;;;;;;
sztrovacsek;1;4262;;;;;;;;;;;;;;;;;;;;;;;;;;;;;
gannetson;8;4769;4764;4470;4351;4331;4307;4306;4263;;;;;;;;;;;;;;;;;;;;;;
tino;1;4265;;;;;;;;;;;;;;;;;;;;;;;;;;;;;
florisdenhengst;2;6886;4267;;;;;;;;;;;;;;;;;;;;;;;;;;;;
nschagen;1;4268;;;;;;;;;;;;;;;;;;;;;;;;;;;;;
Remco47;1;4282;;;;;;;;;;;;;;;;;;;;;;;;;;;;;
calvin;1;4288;;;;;;;;;;;;;;;;;;;;;;;;;;;;;
spadarian;1;4294;;;;;;;;;;;;;;;;;;;;;;;;;;;;;
chaseey;1;4295;;;;;;;;;;;;;;;;;;;;;;;;;;;;;
eupharis;1;4301;;;;;;;;;;;;;;;;;;;;;;;;;;;;;
ldrumm;1;4302;;;;;;;;;;;;;;;;;;;;;;;;;;;;;
aethemba;4;4394;4324;4305;4304;;;;;;;;;;;;;;;;;;;;;;;;;;
DasAllFolks;2;4330;4310;;;;;;;;;;;;;;;;;;;;;;;;;;;;
saevarom;1;4314;;;;;;;;;;;;;;;;;;;;;;;;;;;;;
adrianandreias;1;4320;;;;;;;;;;;;;;;;;;;;;;;;;;;;;
HerHde;1;4323;;;;;;;;;;;;;;;;;;;;;;;;;;;;;
dhilipsiva;1;4332;;;;;;;;;;;;;;;;;;;;;;;;;;;;;
kaedroho;4;8010;4379;4335;4334;;;;;;;;;;;;;;;;;;;;;;;;;;
mmartincevic;4;4344;4342;4341;4340;;;;;;;;;;;;;;;;;;;;;;;;;;
code-tree;1;4350;;;;;;;;;;;;;;;;;;;;;;;;;;;;;
wetneb;2;6670;4355;;;;;;;;;;;;;;;;;;;;;;;;;;;;
jthi3rry;1;4358;;;;;;;;;;;;;;;;;;;;;;;;;;;;;
chrisjluc;3;4455;4407;4366;;;;;;;;;;;;;;;;;;;;;;;;;;;
alainivars;1;4367;;;;;;;;;;;;;;;;;;;;;;;;;;;;;
mattseymour;3;7947;4396;4369;;;;;;;;;;;;;;;;;;;;;;;;;;;
pkatseas;1;4370;;;;;;;;;;;;;;;;;;;;;;;;;;;;;
AnSavvides;1;4371;;;;;;;;;;;;;;;;;;;;;;;;;;;;;
r4vi;1;4372;;;;;;;;;;;;;;;;;;;;;;;;;;;;;
wdmgsm;2;4467;4373;;;;;;;;;;;;;;;;;;;;;;;;;;;;
staeff;1;4380;;;;;;;;;;;;;;;;;;;;;;;;;;;;;
alexallah;1;4381;;;;;;;;;;;;;;;;;;;;;;;;;;;;;
marcofucci;1;4382;;;;;;;;;;;;;;;;;;;;;;;;;;;;;
aleksandra-tarkowska;2;5375;4386;;;;;;;;;;;;;;;;;;;;;;;;;;;;
camillobruni;1;4388;;;;;;;;;;;;;;;;;;;;;;;;;;;;;
wakaryry;1;4390;;;;;;;;;;;;;;;;;;;;;;;;;;;;;
nirgal;1;4392;;;;;;;;;;;;;;;;;;;;;;;;;;;;;
jorgebg;1;4406;;;;;;;;;;;;;;;;;;;;;;;;;;;;;
ssssam;1;4409;;;;;;;;;;;;;;;;;;;;;;;;;;;;;
joostrijneveld;1;4417;;;;;;;;;;;;;;;;;;;;;;;;;;;;;
ryanahall;2;4428;4419;;;;;;;;;;;;;;;;;;;;;;;;;;;;
RidleyLarsen;1;4433;;;;;;;;;;;;;;;;;;;;;;;;;;;;;
Hooksie;1;4439;;;;;;;;;;;;;;;;;;;;;;;;;;;;;
Parkayun;1;4442;;;;;;;;;;;;;;;;;;;;;;;;;;;;;
visualtecnologicc;1;4448;;;;;;;;;;;;;;;;;;;;;;;;;;;;;
bkonkle;1;4449;;;;;;;;;;;;;;;;;;;;;;;;;;;;;
eest;1;4456;;;;;;;;;;;;;;;;;;;;;;;;;;;;;
pkascheev;1;4457;;;;;;;;;;;;;;;;;;;;;;;;;;;;;
marios-zindilis;1;4461;;;;;;;;;;;;;;;;;;;;;;;;;;;;;
lampslave;1;4463;;;;;;;;;;;;;;;;;;;;;;;;;;;;;
frifri;1;4464;;;;;;;;;;;;;;;;;;;;;;;;;;;;;
andredelorme;1;4472;;;;;;;;;;;;;;;;;;;;;;;;;;;;;
denys-duchier;2;4477;4473;;;;;;;;;;;;;;;;;;;;;;;;;;;;
jwineinger;2;4487;4474;;;;;;;;;;;;;;;;;;;;;;;;;;;;
rosscdh;1;4476;;;;;;;;;;;;;;;;;;;;;;;;;;;;;
afriza;1;4485;;;;;;;;;;;;;;;;;;;;;;;;;;;;;
ronkonigsberg;1;4486;;;;;;;;;;;;;;;;;;;;;;;;;;;;;
tbeadle;4;6709;4510;4508;4488;;;;;;;;;;;;;;;;;;;;;;;;;;
craigls;2;4501;4490;;;;;;;;;;;;;;;;;;;;;;;;;;;;
davidstockwell;1;4493;;;;;;;;;;;;;;;;;;;;;;;;;;;;;
peterfarrell;1;4494;;;;;;;;;;;;;;;;;;;;;;;;;;;;;
agamdua;1;4496;;;;;;;;;;;;;;;;;;;;;;;;;;;;;
yitzc;1;4498;;;;;;;;;;;;;;;;;;;;;;;;;;;;;
vaskalas;1;4499;;;;;;;;;;;;;;;;;;;;;;;;;;;;;
alexandrinaw;1;4500;;;;;;;;;;;;;;;;;;;;;;;;;;;;;
sampaccoud;1;4504;;;;;;;;;;;;;;;;;;;;;;;;;;;;;
joedborg;1;4505;;;;;;;;;;;;;;;;;;;;;;;;;;;;;
kutenai;3;6695;4518;4507;;;;;;;;;;;;;;;;;;;;;;;;;;;
iuliachiriac;1;4514;;;;;;;;;;;;;;;;;;;;;;;;;;;;;
ewhitmire;1;4523;;;;;;;;;;;;;;;;;;;;;;;;;;;;;
patpatpatpatpat;1;4524;;;;;;;;;;;;;;;;;;;;;;;;;;;;;
rosarior;1;4528;;;;;;;;;;;;;;;;;;;;;;;;;;;;;
feroda;2;4568;4530;;;;;;;;;;;;;;;;;;;;;;;;;;;;
daphshez;1;4532;;;;;;;;;;;;;;;;;;;;;;;;;;;;;
nealtodd;3;5631;5590;4535;;;;;;;;;;;;;;;;;;;;;;;;;;;
yoongkang;16;6725;6067;6059;6056;6051;6050;6049;6048;6045;6032;6026;6022;5462;4966;4728;4536;;;;;;;;;;;;;;
manevant;1;4537;;;;;;;;;;;;;;;;;;;;;;;;;;;;;
ssjunior;1;4538;;;;;;;;;;;;;;;;;;;;;;;;;;;;;
honya121;1;4540;;;;;;;;;;;;;;;;;;;;;;;;;;;;;
Code0x58;1;4541;;;;;;;;;;;;;;;;;;;;;;;;;;;;;
speg;1;4542;;;;;;;;;;;;;;;;;;;;;;;;;;;;;
wonderfan;1;4543;;;;;;;;;;;;;;;;;;;;;;;;;;;;;
collinmsn;1;4545;;;;;;;;;;;;;;;;;;;;;;;;;;;;;
artisavotins;1;4546;;;;;;;;;;;;;;;;;;;;;;;;;;;;;
electricjay;2;4574;4550;;;;;;;;;;;;;;;;;;;;;;;;;;;;
living180;1;4552;;;;;;;;;;;;;;;;;;;;;;;;;;;;;
delgiudices;3;4645;4597;4566;;;;;;;;;;;;;;;;;;;;;;;;;;;
johnrtipton;1;4567;;;;;;;;;;;;;;;;;;;;;;;;;;;;;
Pradeek;1;4571;;;;;;;;;;;;;;;;;;;;;;;;;;;;;
coady;3;5219;4582;4572;;;;;;;;;;;;;;;;;;;;;;;;;;;
MounirMesselmeni;5;6435;5643;4856;4591;4575;;;;;;;;;;;;;;;;;;;;;;;;;
bluezio;1;4579;;;;;;;;;;;;;;;;;;;;;;;;;;;;;
fdemmer;2;5587;4581;;;;;;;;;;;;;;;;;;;;;;;;;;;;
rbrtmrtn;1;4583;;;;;;;;;;;;;;;;;;;;;;;;;;;;;
bobkarreman;1;4586;;;;;;;;;;;;;;;;;;;;;;;;;;;;;
dhodder;1;4589;;;;;;;;;;;;;;;;;;;;;;;;;;;;;
zatan;1;4600;;;;;;;;;;;;;;;;;;;;;;;;;;;;;
abhaga;3;4644;4608;4603;;;;;;;;;;;;;;;;;;;;;;;;;;;
omidraha;2;4605;4604;;;;;;;;;;;;;;;;;;;;;;;;;;;;
midlis;1;4606;;;;;;;;;;;;;;;;;;;;;;;;;;;;;
sbaechler;2;4615;4610;;;;;;;;;;;;;;;;;;;;;;;;;;;;
mdentremont;1;4613;;;;;;;;;;;;;;;;;;;;;;;;;;;;;
slafs;1;4618;;;;;;;;;;;;;;;;;;;;;;;;;;;;;
garwoodpr;14;4710;4709;4704;4702;4696;4690;4686;4680;4673;4668;4667;4639;4629;4619;;;;;;;;;;;;;;;;
davidkrisch;1;4624;;;;;;;;;;;;;;;;;;;;;;;;;;;;;
andymckay;1;4630;;;;;;;;;;;;;;;;;;;;;;;;;;;;;
sjberry;1;4633;;;;;;;;;;;;;;;;;;;;;;;;;;;;;
cdrice;1;4647;;;;;;;;;;;;;;;;;;;;;;;;;;;;;
blopker;1;4658;;;;;;;;;;;;;;;;;;;;;;;;;;;;;
KamranMackey;1;4663;;;;;;;;;;;;;;;;;;;;;;;;;;;;;
dirtycoder;1;4665;;;;;;;;;;;;;;;;;;;;;;;;;;;;;
ly0;1;4683;;;;;;;;;;;;;;;;;;;;;;;;;;;;;
ngnpope;5;5321;5320;5246;4853;4688;;;;;;;;;;;;;;;;;;;;;;;;;
MikeAmy;3;5908;5907;4689;;;;;;;;;;;;;;;;;;;;;;;;;;;
cschur;1;4692;;;;;;;;;;;;;;;;;;;;;;;;;;;;;
wsot;2;4734;4693;;;;;;;;;;;;;;;;;;;;;;;;;;;;
unklphil;1;4695;;;;;;;;;;;;;;;;;;;;;;;;;;;;;
khoobks;1;4700;;;;;;;;;;;;;;;;;;;;;;;;;;;;;
andreagrandi;1;4705;;;;;;;;;;;;;;;;;;;;;;;;;;;;;
Gagaro;4;5719;4898;4783;4723;;;;;;;;;;;;;;;;;;;;;;;;;;
mxlian;1;4727;;;;;;;;;;;;;;;;;;;;;;;;;;;;;
zauddelig;5;5136;5135;5134;4849;4735;;;;;;;;;;;;;;;;;;;;;;;;;
ktosiek;1;4742;;;;;;;;;;;;;;;;;;;;;;;;;;;;;
317070;1;4745;;;;;;;;;;;;;;;;;;;;;;;;;;;;;
the-real-ed;1;4746;;;;;;;;;;;;;;;;;;;;;;;;;;;;;
kairichard;2;4934;4750;;;;;;;;;;;;;;;;;;;;;;;;;;;;
rolo;2;4867;4751;;;;;;;;;;;;;;;;;;;;;;;;;;;;
iamsteadman;2;4759;4752;;;;;;;;;;;;;;;;;;;;;;;;;;;;
cole;1;4758;;;;;;;;;;;;;;;;;;;;;;;;;;;;;
danielward;3;5323;4774;4772;;;;;;;;;;;;;;;;;;;;;;;;;;;
mcbhenwood;1;4775;;;;;;;;;;;;;;;;;;;;;;;;;;;;;
brki;2;4799;4782;;;;;;;;;;;;;;;;;;;;;;;;;;;;
girishkumarkh;1;4798;;;;;;;;;;;;;;;;;;;;;;;;;;;;;
marissazhou;3;4814;4806;4802;;;;;;;;;;;;;;;;;;;;;;;;;;;
marcaurele;2;6893;4803;;;;;;;;;;;;;;;;;;;;;;;;;;;;
sp1ky;1;4807;;;;;;;;;;;;;;;;;;;;;;;;;;;;;
lukawoj;1;4813;;;;;;;;;;;;;;;;;;;;;;;;;;;;;
funrollloops;1;4816;;;;;;;;;;;;;;;;;;;;;;;;;;;;;
karyon;3;6126;5873;4817;;;;;;;;;;;;;;;;;;;;;;;;;;;
NEOatNHNG;1;4828;;;;;;;;;;;;;;;;;;;;;;;;;;;;;
jhoos;1;4834;;;;;;;;;;;;;;;;;;;;;;;;;;;;;
argaen;1;4839;;;;;;;;;;;;;;;;;;;;;;;;;;;;;
carsongee;1;4842;;;;;;;;;;;;;;;;;;;;;;;;;;;;;
kangfend;1;4847;;;;;;;;;;;;;;;;;;;;;;;;;;;;;
GravyHands;1;4850;;;;;;;;;;;;;;;;;;;;;;;;;;;;;
lericson;1;4866;;;;;;;;;;;;;;;;;;;;;;;;;;;;;
raiderrobert;3;7417;4872;4868;;;;;;;;;;;;;;;;;;;;;;;;;;;
jedie;3;4875;4874;4873;;;;;;;;;;;;;;;;;;;;;;;;;;;
Protosac;1;4878;;;;;;;;;;;;;;;;;;;;;;;;;;;;;
SujaySKumar;5;5190;5094;4915;4914;4880;;;;;;;;;;;;;;;;;;;;;;;;;
EikeDehling;1;4881;;;;;;;;;;;;;;;;;;;;;;;;;;;;;
RamezIssac;2;5169;4883;;;;;;;;;;;;;;;;;;;;;;;;;;;;
wkschwartz;1;4886;;;;;;;;;;;;;;;;;;;;;;;;;;;;;
pahko;1;4892;;;;;;;;;;;;;;;;;;;;;;;;;;;;;
nedbat;1;4894;;;;;;;;;;;;;;;;;;;;;;;;;;;;;
bipsandbytes;2;4930;4903;;;;;;;;;;;;;;;;;;;;;;;;;;;;
wimfeijen;2;5022;4904;;;;;;;;;;;;;;;;;;;;;;;;;;;;
sih4sing5hong5;2;5469;4911;;;;;;;;;;;;;;;;;;;;;;;;;;;;
lukas-hetzenecker;1;4913;;;;;;;;;;;;;;;;;;;;;;;;;;;;;
noamkush;1;4917;;;;;;;;;;;;;;;;;;;;;;;;;;;;;
adelton;6;6625;6616;5007;4927;4925;4924;;;;;;;;;;;;;;;;;;;;;;;;
aksinghdce;1;4932;;;;;;;;;;;;;;;;;;;;;;;;;;;;;
isedwards;1;4935;;;;;;;;;;;;;;;;;;;;;;;;;;;;;
zzzeid;1;4940;;;;;;;;;;;;;;;;;;;;;;;;;;;;;
cecedille1;1;4943;;;;;;;;;;;;;;;;;;;;;;;;;;;;;
lunoho;1;4945;;;;;;;;;;;;;;;;;;;;;;;;;;;;;
alexey-sveshnikov;1;4949;;;;;;;;;;;;;;;;;;;;;;;;;;;;;
lucianmarin;1;4952;;;;;;;;;;;;;;;;;;;;;;;;;;;;;
mrfuxi;1;4954;;;;;;;;;;;;;;;;;;;;;;;;;;;;;
djbaldey;3;4967;4957;4956;;;;;;;;;;;;;;;;;;;;;;;;;;;
kosz85;3;5183;4968;4960;;;;;;;;;;;;;;;;;;;;;;;;;;;
vaultah;1;4962;;;;;;;;;;;;;;;;;;;;;;;;;;;;;
pirate;2;4964;4963;;;;;;;;;;;;;;;;;;;;;;;;;;;;
ericfc;2;5025;4965;;;;;;;;;;;;;;;;;;;;;;;;;;;;
alexbecker;1;4969;;;;;;;;;;;;;;;;;;;;;;;;;;;;;
akegalj;1;4972;;;;;;;;;;;;;;;;;;;;;;;;;;;;;
litchfield;2;5076;4976;;;;;;;;;;;;;;;;;;;;;;;;;;;;
dursk;3;5893;5463;4979;;;;;;;;;;;;;;;;;;;;;;;;;;;
kevbo;1;4981;;;;;;;;;;;;;;;;;;;;;;;;;;;;;
double-y;1;4983;;;;;;;;;;;;;;;;;;;;;;;;;;;;;
tschuy;1;4984;;;;;;;;;;;;;;;;;;;;;;;;;;;;;
vallarfax;1;4987;;;;;;;;;;;;;;;;;;;;;;;;;;;;;
ionescu77;1;4990;;;;;;;;;;;;;;;;;;;;;;;;;;;;;
canassa;1;4996;;;;;;;;;;;;;;;;;;;;;;;;;;;;;
georgebrock;2;5019;4998;;;;;;;;;;;;;;;;;;;;;;;;;;;;
mitchelljkotler;1;5002;;;;;;;;;;;;;;;;;;;;;;;;;;;;;
seler;1;5005;;;;;;;;;;;;;;;;;;;;;;;;;;;;;
earthling-shruti;1;5011;;;;;;;;;;;;;;;;;;;;;;;;;;;;;
aliva;1;5017;;;;;;;;;;;;;;;;;;;;;;;;;;;;;
hacknaked;1;5035;;;;;;;;;;;;;;;;;;;;;;;;;;;;;
rwillmer;1;5037;;;;;;;;;;;;;;;;;;;;;;;;;;;;;
keniq;1;5038;;;;;;;;;;;;;;;;;;;;;;;;;;;;;
bashu;1;5042;;;;;;;;;;;;;;;;;;;;;;;;;;;;;
madjar;1;5043;;;;;;;;;;;;;;;;;;;;;;;;;;;;;
lvisintini;1;5044;;;;;;;;;;;;;;;;;;;;;;;;;;;;;
megaumi;1;5045;;;;;;;;;;;;;;;;;;;;;;;;;;;;;
pharyngeals;1;5047;;;;;;;;;;;;;;;;;;;;;;;;;;;;;
mishunika;1;5049;;;;;;;;;;;;;;;;;;;;;;;;;;;;;
JMGordon;1;5050;;;;;;;;;;;;;;;;;;;;;;;;;;;;;
quamilek;1;5052;;;;;;;;;;;;;;;;;;;;;;;;;;;;;
LiquidPL;1;5053;;;;;;;;;;;;;;;;;;;;;;;;;;;;;
risicle;1;5058;;;;;;;;;;;;;;;;;;;;;;;;;;;;;
pipermerriam;2;5063;5061;;;;;;;;;;;;;;;;;;;;;;;;;;;;
ChowTheProgrammer;1;5064;;;;;;;;;;;;;;;;;;;;;;;;;;;;;
donggi;1;5066;;;;;;;;;;;;;;;;;;;;;;;;;;;;;
vitaly4uk;1;5071;;;;;;;;;;;;;;;;;;;;;;;;;;;;;
seungjin;1;5074;;;;;;;;;;;;;;;;;;;;;;;;;;;;;
obichima10;1;5077;;;;;;;;;;;;;;;;;;;;;;;;;;;;;
caioariede;7;5182;5128;5118;5107;5086;5085;5082;;;;;;;;;;;;;;;;;;;;;;;
aroche;1;5083;;;;;;;;;;;;;;;;;;;;;;;;;;;;;
delinhabit;2;5104;5084;;;;;;;;;;;;;;;;;;;;;;;;;;;;
mjlock;1;5098;;;;;;;;;;;;;;;;;;;;;;;;;;;;;
BMJHayward;1;5101;;;;;;;;;;;;;;;;;;;;;;;;;;;;;
candeira;1;5105;;;;;;;;;;;;;;;;;;;;;;;;;;;;;
pscottdevos;1;5116;;;;;;;;;;;;;;;;;;;;;;;;;;;;;
tysonclugg;1;5129;;;;;;;;;;;;;;;;;;;;;;;;;;;;;
techdragon;1;5131;;;;;;;;;;;;;;;;;;;;;;;;;;;;;
strogonoff;2;5152;5141;;;;;;;;;;;;;;;;;;;;;;;;;;;;
msaelices;2;5144;5142;;;;;;;;;;;;;;;;;;;;;;;;;;;;
acrefoot;3;5166;5157;5145;;;;;;;;;;;;;;;;;;;;;;;;;;;
davgibbs;3;5290;5231;5146;;;;;;;;;;;;;;;;;;;;;;;;;;;
zoe-stockholm;1;5147;;;;;;;;;;;;;;;;;;;;;;;;;;;;;
name-no;3;6188;6132;5148;;;;;;;;;;;;;;;;;;;;;;;;;;;
mronoffon;1;5150;;;;;;;;;;;;;;;;;;;;;;;;;;;;;
pedromaltez;1;5151;;;;;;;;;;;;;;;;;;;;;;;;;;;;;
marctc;1;5159;;;;;;;;;;;;;;;;;;;;;;;;;;;;;
sarthakmeh03;6;5216;5198;5195;5180;5179;5175;;;;;;;;;;;;;;;;;;;;;;;;
rapilabs;7;5372;5371;5234;5232;5227;5201;5188;;;;;;;;;;;;;;;;;;;;;;;
jsatt;1;5189;;;;;;;;;;;;;;;;;;;;;;;;;;;;;
jeanbjauvin;1;5191;;;;;;;;;;;;;;;;;;;;;;;;;;;;;
hobarrera;3;6658;6054;5193;;;;;;;;;;;;;;;;;;;;;;;;;;;
alephmelo;1;5196;;;;;;;;;;;;;;;;;;;;;;;;;;;;;
apocquet;1;5203;;;;;;;;;;;;;;;;;;;;;;;;;;;;;
dodobas;2;5224;5206;;;;;;;;;;;;;;;;;;;;;;;;;;;;
joshkehn;1;5218;;;;;;;;;;;;;;;;;;;;;;;;;;;;;
NullSoldier;1;5223;;;;;;;;;;;;;;;;;;;;;;;;;;;;;
blaze33;1;5225;;;;;;;;;;;;;;;;;;;;;;;;;;;;;
mzaanen;1;5235;;;;;;;;;;;;;;;;;;;;;;;;;;;;;
zii;2;7536;5250;;;;;;;;;;;;;;;;;;;;;;;;;;;;
cacoze;1;5263;;;;;;;;;;;;;;;;;;;;;;;;;;;;;
buddylindsey;3;6073;6072;5264;;;;;;;;;;;;;;;;;;;;;;;;;;;
djsmith42;1;5268;;;;;;;;;;;;;;;;;;;;;;;;;;;;;
paulrentschler;1;5271;;;;;;;;;;;;;;;;;;;;;;;;;;;;;
dhanus;1;5273;;;;;;;;;;;;;;;;;;;;;;;;;;;;;
benjaminjkraft;2;6030;5276;;;;;;;;;;;;;;;;;;;;;;;;;;;;
kholidfu;1;5283;;;;;;;;;;;;;;;;;;;;;;;;;;;;;
limnick;1;5285;;;;;;;;;;;;;;;;;;;;;;;;;;;;;
mcrowson;3;5348;5329;5295;;;;;;;;;;;;;;;;;;;;;;;;;;;
hynekcer;1;5305;;;;;;;;;;;;;;;;;;;;;;;;;;;;;
atul-bhouraskar;1;5309;;;;;;;;;;;;;;;;;;;;;;;;;;;;;
SoftwareMaven;1;5313;;;;;;;;;;;;;;;;;;;;;;;;;;;;;
suffrage;1;5327;;;;;;;;;;;;;;;;;;;;;;;;;;;;;
knifenomad;3;5337;5336;5335;;;;;;;;;;;;;;;;;;;;;;;;;;;
pygeek;1;5338;;;;;;;;;;;;;;;;;;;;;;;;;;;;;
henryfjordan;1;5339;;;;;;;;;;;;;;;;;;;;;;;;;;;;;
uranusjr;2;6322;5352;;;;;;;;;;;;;;;;;;;;;;;;;;;;
ddesign84;1;5355;;;;;;;;;;;;;;;;;;;;;;;;;;;;;
ecederstrand;1;5356;;;;;;;;;;;;;;;;;;;;;;;;;;;;;
GhostThrone;1;5359;;;;;;;;;;;;;;;;;;;;;;;;;;;;;
alilotfi;1;5361;;;;;;;;;;;;;;;;;;;;;;;;;;;;;
robhudson;1;5364;;;;;;;;;;;;;;;;;;;;;;;;;;;;;
poiati;1;5370;;;;;;;;;;;;;;;;;;;;;;;;;;;;;
belak;1;5379;;;;;;;;;;;;;;;;;;;;;;;;;;;;;
jonaldomo;2;5383;5381;;;;;;;;;;;;;;;;;;;;;;;;;;;;
nickwilliams-eventbrite;1;5384;;;;;;;;;;;;;;;;;;;;;;;;;;;;;
dudepare;2;5416;5387;;;;;;;;;;;;;;;;;;;;;;;;;;;;
snsn;1;5390;;;;;;;;;;;;;;;;;;;;;;;;;;;;;
pindia;1;5392;;;;;;;;;;;;;;;;;;;;;;;;;;;;;
jmurty;2;5404;5399;;;;;;;;;;;;;;;;;;;;;;;;;;;;
finalight;1;5405;;;;;;;;;;;;;;;;;;;;;;;;;;;;;
DheerendraRathor;4;5504;5498;5426;5406;;;;;;;;;;;;;;;;;;;;;;;;;;
sevenhe1205;1;5411;;;;;;;;;;;;;;;;;;;;;;;;;;;;;
mdsrosa;1;5420;;;;;;;;;;;;;;;;;;;;;;;;;;;;;
darjeeling;1;5424;;;;;;;;;;;;;;;;;;;;;;;;;;;;;
ymyzk;2;5454;5425;;;;;;;;;;;;;;;;;;;;;;;;;;;;
ryuusenshi;3;5683;5548;5431;;;;;;;;;;;;;;;;;;;;;;;;;;;
dulaccc;1;5432;;;;;;;;;;;;;;;;;;;;;;;;;;;;;
bgianfo;1;5434;;;;;;;;;;;;;;;;;;;;;;;;;;;;;
xiaotangyuan;1;5436;;;;;;;;;;;;;;;;;;;;;;;;;;;;;
ByronMost;1;5439;;;;;;;;;;;;;;;;;;;;;;;;;;;;;
jayvdb;2;5449;5442;;;;;;;;;;;;;;;;;;;;;;;;;;;;
Nepherhotep;1;5443;;;;;;;;;;;;;;;;;;;;;;;;;;;;;
jbzdak;5;5562;5559;5456;5451;5450;;;;;;;;;;;;;;;;;;;;;;;;;
jack-cvr;2;5479;5467;;;;;;;;;;;;;;;;;;;;;;;;;;;;
aidanlister;1;5476;;;;;;;;;;;;;;;;;;;;;;;;;;;;;
darvelo;1;5491;;;;;;;;;;;;;;;;;;;;;;;;;;;;;
bxm156;4;5522;5515;5514;5492;;;;;;;;;;;;;;;;;;;;;;;;;;
shellfly;1;5513;;;;;;;;;;;;;;;;;;;;;;;;;;;;;
fabiocaccamo;1;5517;;;;;;;;;;;;;;;;;;;;;;;;;;;;;
bee-keeper;1;5520;;;;;;;;;;;;;;;;;;;;;;;;;;;;;
t-3-k;2;6211;5526;;;;;;;;;;;;;;;;;;;;;;;;;;;;
JoseTomasTocino;1;5530;;;;;;;;;;;;;;;;;;;;;;;;;;;;;
amikrop;1;5531;;;;;;;;;;;;;;;;;;;;;;;;;;;;;
alexmorozov;7;5734;5704;5700;5628;5620;5534;5533;;;;;;;;;;;;;;;;;;;;;;;
blag;1;5535;;;;;;;;;;;;;;;;;;;;;;;;;;;;;
japrogramer;1;5540;;;;;;;;;;;;;;;;;;;;;;;;;;;;;
hramezani;8;7237;6087;5995;5912;5563;5552;5546;5543;;;;;;;;;;;;;;;;;;;;;;
laurafeier;1;5545;;;;;;;;;;;;;;;;;;;;;;;;;;;;;
soon;3;6033;5920;5551;;;;;;;;;;;;;;;;;;;;;;;;;;;
sjoerdjob;4;7172;7033;6155;5553;;;;;;;;;;;;;;;;;;;;;;;;;;
jcugat;3;5561;5557;5556;;;;;;;;;;;;;;;;;;;;;;;;;;;
j0hnsmith;1;5564;;;;;;;;;;;;;;;;;;;;;;;;;;;;;
nielsvanoch;2;5582;5570;;;;;;;;;;;;;;;;;;;;;;;;;;;;
codingjoe;4;5982;5635;5607;5571;;;;;;;;;;;;;;;;;;;;;;;;;;
kristofclaes;1;5574;;;;;;;;;;;;;;;;;;;;;;;;;;;;;
nostalgiaz;1;5580;;;;;;;;;;;;;;;;;;;;;;;;;;;;;
avojnovicDk;1;5588;;;;;;;;;;;;;;;;;;;;;;;;;;;;;
tmilan81;1;5589;;;;;;;;;;;;;;;;;;;;;;;;;;;;;
thijsvandien;1;5593;;;;;;;;;;;;;;;;;;;;;;;;;;;;;
arthurdejong;1;5594;;;;;;;;;;;;;;;;;;;;;;;;;;;;;
jvzammit;2;6046;5595;;;;;;;;;;;;;;;;;;;;;;;;;;;;
lobziik;1;5599;;;;;;;;;;;;;;;;;;;;;;;;;;;;;
olethanh;1;5604;;;;;;;;;;;;;;;;;;;;;;;;;;;;;
andreif;3;5672;5671;5606;;;;;;;;;;;;;;;;;;;;;;;;;;;
elenaoat;1;5611;;;;;;;;;;;;;;;;;;;;;;;;;;;;;
jimgraham;1;5616;;;;;;;;;;;;;;;;;;;;;;;;;;;;;
nonZero;1;5619;;;;;;;;;;;;;;;;;;;;;;;;;;;;;
arniu;3;5653;5647;5629;;;;;;;;;;;;;;;;;;;;;;;;;;;
ticosax;3;5646;5639;5630;;;;;;;;;;;;;;;;;;;;;;;;;;;
razzius;1;5636;;;;;;;;;;;;;;;;;;;;;;;;;;;;;
ITsvetkoFF;1;5638;;;;;;;;;;;;;;;;;;;;;;;;;;;;;
RubyTheRedhead;1;5661;;;;;;;;;;;;;;;;;;;;;;;;;;;;;
thatdocslady;1;5663;;;;;;;;;;;;;;;;;;;;;;;;;;;;;
AliLozano;1;5665;;;;;;;;;;;;;;;;;;;;;;;;;;;;;
georgemarshall;2;6249;5674;;;;;;;;;;;;;;;;;;;;;;;;;;;;
benred42;4;5739;5729;5728;5686;;;;;;;;;;;;;;;;;;;;;;;;;;
ibaguio;1;5689;;;;;;;;;;;;;;;;;;;;;;;;;;;;;
awwester;2;5697;5696;;;;;;;;;;;;;;;;;;;;;;;;;;;;
jammon;1;5707;;;;;;;;;;;;;;;;;;;;;;;;;;;;;
Qlio;2;5715;5712;;;;;;;;;;;;;;;;;;;;;;;;;;;;
gunchleoc;2;5733;5723;;;;;;;;;;;;;;;;;;;;;;;;;;;;
shostelet;1;5727;;;;;;;;;;;;;;;;;;;;;;;;;;;;;
CrazyPython;1;5731;;;;;;;;;;;;;;;;;;;;;;;;;;;;;
ebar0n;1;5732;;;;;;;;;;;;;;;;;;;;;;;;;;;;;
jamesbeith;1;5738;;;;;;;;;;;;;;;;;;;;;;;;;;;;;
Pankrat;1;5745;;;;;;;;;;;;;;;;;;;;;;;;;;;;;
oleksiyivanenko;1;5751;;;;;;;;;;;;;;;;;;;;;;;;;;;;;
sublime1809;1;5752;;;;;;;;;;;;;;;;;;;;;;;;;;;;;
eykanal;1;5754;;;;;;;;;;;;;;;;;;;;;;;;;;;;;
jsoref;1;5755;;;;;;;;;;;;;;;;;;;;;;;;;;;;;
emre;3;5769;5765;5756;;;;;;;;;;;;;;;;;;;;;;;;;;;
JieweiWei;1;5762;;;;;;;;;;;;;;;;;;;;;;;;;;;;;
AroundTheLines;2;5781;5764;;;;;;;;;;;;;;;;;;;;;;;;;;;;
coopci;1;5774;;;;;;;;;;;;;;;;;;;;;;;;;;;;;
Strayer;1;5782;;;;;;;;;;;;;;;;;;;;;;;;;;;;;
ivanvenosdel;1;5784;;;;;;;;;;;;;;;;;;;;;;;;;;;;;
hpanago;1;5786;;;;;;;;;;;;;;;;;;;;;;;;;;;;;
amosonn;5;5805;5800;5799;5792;5789;;;;;;;;;;;;;;;;;;;;;;;;;
bartosh;2;5804;5790;;;;;;;;;;;;;;;;;;;;;;;;;;;;
stewartpark;1;5794;;;;;;;;;;;;;;;;;;;;;;;;;;;;;
poleha;1;5797;;;;;;;;;;;;;;;;;;;;;;;;;;;;;
kuuling;1;5798;;;;;;;;;;;;;;;;;;;;;;;;;;;;;
derekjamescurtis;1;5803;;;;;;;;;;;;;;;;;;;;;;;;;;;;;
mdamien;1;5806;;;;;;;;;;;;;;;;;;;;;;;;;;;;;
gorvelyfab;1;5807;;;;;;;;;;;;;;;;;;;;;;;;;;;;;
gen1us2k;2;5829;5809;;;;;;;;;;;;;;;;;;;;;;;;;;;;
agmond;1;5810;;;;;;;;;;;;;;;;;;;;;;;;;;;;;
mgd020;1;5814;;;;;;;;;;;;;;;;;;;;;;;;;;;;;
anabelensc;4;7053;5983;5959;5815;;;;;;;;;;;;;;;;;;;;;;;;;;
vincepandolfo;4;6451;6308;6293;5816;;;;;;;;;;;;;;;;;;;;;;;;;;
nchammas;1;5817;;;;;;;;;;;;;;;;;;;;;;;;;;;;;
urbaniak;5;7483;7162;6264;6222;5823;;;;;;;;;;;;;;;;;;;;;;;;;
iSimar;1;5831;;;;;;;;;;;;;;;;;;;;;;;;;;;;;
FarmCodeGary;1;5832;;;;;;;;;;;;;;;;;;;;;;;;;;;;;
dongjieh;1;5836;;;;;;;;;;;;;;;;;;;;;;;;;;;;;
ank123goyal;1;5844;;;;;;;;;;;;;;;;;;;;;;;;;;;;;
varunnaganathan;2;6085;5852;;;;;;;;;;;;;;;;;;;;;;;;;;;;
tomo-otsuka;2;5858;5857;;;;;;;;;;;;;;;;;;;;;;;;;;;;
stylesen;1;5861;;;;;;;;;;;;;;;;;;;;;;;;;;;;;
lsanpablo;1;5869;;;;;;;;;;;;;;;;;;;;;;;;;;;;;
sasha0;14;6201;6124;6090;6077;6064;6031;6013;5962;5953;5945;5921;5902;5881;5875;;;;;;;;;;;;;;;;
bwesterb;3;6655;6489;5876;;;;;;;;;;;;;;;;;;;;;;;;;;;
allixx;1;5877;;;;;;;;;;;;;;;;;;;;;;;;;;;;;
dashmug;1;5883;;;;;;;;;;;;;;;;;;;;;;;;;;;;;
jpulec;1;5886;;;;;;;;;;;;;;;;;;;;;;;;;;;;;
owais;1;5904;;;;;;;;;;;;;;;;;;;;;;;;;;;;;
snkhokh;1;5906;;;;;;;;;;;;;;;;;;;;;;;;;;;;;
anurag-ks;1;5911;;;;;;;;;;;;;;;;;;;;;;;;;;;;;
userimack;3;6106;6028;5914;;;;;;;;;;;;;;;;;;;;;;;;;;;
samifahed;1;5919;;;;;;;;;;;;;;;;;;;;;;;;;;;;;
elifkus;2;5924;5923;;;;;;;;;;;;;;;;;;;;;;;;;;;;
jarekwg;7;7013;6335;6261;6254;5970;5939;5925;;;;;;;;;;;;;;;;;;;;;;;
IuryAlves;1;5926;;;;;;;;;;;;;;;;;;;;;;;;;;;;;
bykof;1;5927;;;;;;;;;;;;;;;;;;;;;;;;;;;;;
scottpashley;1;5933;;;;;;;;;;;;;;;;;;;;;;;;;;;;;
blablacio;1;5936;;;;;;;;;;;;;;;;;;;;;;;;;;;;;
gst;1;5937;;;;;;;;;;;;;;;;;;;;;;;;;;;;;
tltx;2;6240;5950;;;;;;;;;;;;;;;;;;;;;;;;;;;;
bmsleight;1;5961;;;;;;;;;;;;;;;;;;;;;;;;;;;;;
pp;1;5965;;;;;;;;;;;;;;;;;;;;;;;;;;;;;
albertein;1;5967;;;;;;;;;;;;;;;;;;;;;;;;;;;;;
alexmadjar;1;5972;;;;;;;;;;;;;;;;;;;;;;;;;;;;;
psykrsna;1;5976;;;;;;;;;;;;;;;;;;;;;;;;;;;;;
madduck;1;5985;;;;;;;;;;;;;;;;;;;;;;;;;;;;;
jibaku;1;5986;;;;;;;;;;;;;;;;;;;;;;;;;;;;;
edelbluth;1;5987;;;;;;;;;;;;;;;;;;;;;;;;;;;;;
petterreinholdtsen;1;5988;;;;;;;;;;;;;;;;;;;;;;;;;;;;;
pra85;1;5989;;;;;;;;;;;;;;;;;;;;;;;;;;;;;
roks0n;1;5990;;;;;;;;;;;;;;;;;;;;;;;;;;;;;
chemary;1;5993;;;;;;;;;;;;;;;;;;;;;;;;;;;;;
kbr;1;5994;;;;;;;;;;;;;;;;;;;;;;;;;;;;;
slavama;1;5998;;;;;;;;;;;;;;;;;;;;;;;;;;;;;
cooperjbrandon;1;6000;;;;;;;;;;;;;;;;;;;;;;;;;;;;;
wavezhang;1;6001;;;;;;;;;;;;;;;;;;;;;;;;;;;;;
ahmohamed;1;6003;;;;;;;;;;;;;;;;;;;;;;;;;;;;;
kai3n;5;6027;6025;6017;6016;6006;;;;;;;;;;;;;;;;;;;;;;;;;
harikrishnakanchi;1;6008;;;;;;;;;;;;;;;;;;;;;;;;;;;;;
xlq;2;6533;6011;;;;;;;;;;;;;;;;;;;;;;;;;;;;
jieter;1;6014;;;;;;;;;;;;;;;;;;;;;;;;;;;;;
dobestan;1;6019;;;;;;;;;;;;;;;;;;;;;;;;;;;;;
yevgnenll;1;6021;;;;;;;;;;;;;;;;;;;;;;;;;;;;;
rowanv;1;6035;;;;;;;;;;;;;;;;;;;;;;;;;;;;;
scottsexton;1;6036;;;;;;;;;;;;;;;;;;;;;;;;;;;;;
fmalina;2;6149;6038;;;;;;;;;;;;;;;;;;;;;;;;;;;;
Mortal;1;6053;;;;;;;;;;;;;;;;;;;;;;;;;;;;;
GammaSQ;1;6062;;;;;;;;;;;;;;;;;;;;;;;;;;;;;
KimberleyLawrence;1;6070;;;;;;;;;;;;;;;;;;;;;;;;;;;;;
vyscond;2;7086;6074;;;;;;;;;;;;;;;;;;;;;;;;;;;;
adamcheasley;1;6075;;;;;;;;;;;;;;;;;;;;;;;;;;;;;
juntatalor;1;6076;;;;;;;;;;;;;;;;;;;;;;;;;;;;;
cowlicks;2;8124;6079;;;;;;;;;;;;;;;;;;;;;;;;;;;;
mmarksnippety;1;6080;;;;;;;;;;;;;;;;;;;;;;;;;;;;;
manish001in;1;6084;;;;;;;;;;;;;;;;;;;;;;;;;;;;;
akx;1;6088;;;;;;;;;;;;;;;;;;;;;;;;;;;;;
lqez;1;6089;;;;;;;;;;;;;;;;;;;;;;;;;;;;;
Brobin;1;6101;;;;;;;;;;;;;;;;;;;;;;;;;;;;;
SableWalnut;1;6105;;;;;;;;;;;;;;;;;;;;;;;;;;;;;
goodtune;1;6112;;;;;;;;;;;;;;;;;;;;;;;;;;;;;
dakusan;2;6119;6113;;;;;;;;;;;;;;;;;;;;;;;;;;;;
ZachLiuGIS;1;6115;;;;;;;;;;;;;;;;;;;;;;;;;;;;;
haos616;1;6127;;;;;;;;;;;;;;;;;;;;;;;;;;;;;
koterpillar;3;7810;6325;6128;;;;;;;;;;;;;;;;;;;;;;;;;;;
karanlyons;1;6131;;;;;;;;;;;;;;;;;;;;;;;;;;;;;
vorujack;1;6141;;;;;;;;;;;;;;;;;;;;;;;;;;;;;
kaifeldhoff;1;6147;;;;;;;;;;;;;;;;;;;;;;;;;;;;;
jjconti;2;6152;6151;;;;;;;;;;;;;;;;;;;;;;;;;;;;
kramarz;1;6163;;;;;;;;;;;;;;;;;;;;;;;;;;;;;
LeonidasEsteban;1;6166;;;;;;;;;;;;;;;;;;;;;;;;;;;;;
un-def;1;6169;;;;;;;;;;;;;;;;;;;;;;;;;;;;;
sgallen;1;6174;;;;;;;;;;;;;;;;;;;;;;;;;;;;;
Haikson;1;6180;;;;;;;;;;;;;;;;;;;;;;;;;;;;;
insomniac12;1;6181;;;;;;;;;;;;;;;;;;;;;;;;;;;;;
shiblisaleheen;1;6186;;;;;;;;;;;;;;;;;;;;;;;;;;;;;
chenesan;1;6187;;;;;;;;;;;;;;;;;;;;;;;;;;;;;
tsouvarev;2;6456;6198;;;;;;;;;;;;;;;;;;;;;;;;;;;;
tedmx;2;6209;6199;;;;;;;;;;;;;;;;;;;;;;;;;;;;
zshimanchik;1;6200;;;;;;;;;;;;;;;;;;;;;;;;;;;;;
saghul;1;6214;;;;;;;;;;;;;;;;;;;;;;;;;;;;;
vvkuznetsov;1;6225;;;;;;;;;;;;;;;;;;;;;;;;;;;;;
TroJan;1;6226;;;;;;;;;;;;;;;;;;;;;;;;;;;;;
the-kid89;2;6301;6227;;;;;;;;;;;;;;;;;;;;;;;;;;;;
Fiedzia;2;6233;6229;;;;;;;;;;;;;;;;;;;;;;;;;;;;
jmb202;1;6251;;;;;;;;;;;;;;;;;;;;;;;;;;;;;
girishramnani;1;6255;;;;;;;;;;;;;;;;;;;;;;;;;;;;;
jameshiew;1;6258;;;;;;;;;;;;;;;;;;;;;;;;;;;;;
ptim;1;6260;;;;;;;;;;;;;;;;;;;;;;;;;;;;;
newportt;1;6266;;;;;;;;;;;;;;;;;;;;;;;;;;;;;
aiudirog;1;6268;;;;;;;;;;;;;;;;;;;;;;;;;;;;;
begincalendar;1;6278;;;;;;;;;;;;;;;;;;;;;;;;;;;;;
ieatkittens;2;6312;6280;;;;;;;;;;;;;;;;;;;;;;;;;;;;
quaspas;1;6283;;;;;;;;;;;;;;;;;;;;;;;;;;;;;
simonw;1;6295;;;;;;;;;;;;;;;;;;;;;;;;;;;;;
akabraham;1;6299;;;;;;;;;;;;;;;;;;;;;;;;;;;;;
Moncader;1;6304;;;;;;;;;;;;;;;;;;;;;;;;;;;;;
nim65s;1;6311;;;;;;;;;;;;;;;;;;;;;;;;;;;;;
AmineYaiche;2;6316;6313;;;;;;;;;;;;;;;;;;;;;;;;;;;;
palewire;1;6314;;;;;;;;;;;;;;;;;;;;;;;;;;;;;
vb64;2;6330;6318;;;;;;;;;;;;;;;;;;;;;;;;;;;;
codyc4321;1;6319;;;;;;;;;;;;;;;;;;;;;;;;;;;;;
sim1234;1;6320;;;;;;;;;;;;;;;;;;;;;;;;;;;;;
cristianocca;1;6321;;;;;;;;;;;;;;;;;;;;;;;;;;;;;
shenjinti;1;6331;;;;;;;;;;;;;;;;;;;;;;;;;;;;;
timster;1;6337;;;;;;;;;;;;;;;;;;;;;;;;;;;;;
fjcapdevila;1;6344;;;;;;;;;;;;;;;;;;;;;;;;;;;;;
jtpereyda;2;6357;6354;;;;;;;;;;;;;;;;;;;;;;;;;;;;
bgaechter;1;6358;;;;;;;;;;;;;;;;;;;;;;;;;;;;;
Opa-;1;6362;;;;;;;;;;;;;;;;;;;;;;;;;;;;;
khanbaba;1;6363;;;;;;;;;;;;;;;;;;;;;;;;;;;;;
Norna;1;6366;;;;;;;;;;;;;;;;;;;;;;;;;;;;;
arnaudlimbourg;1;6373;;;;;;;;;;;;;;;;;;;;;;;;;;;;;
jlaine;1;6376;;;;;;;;;;;;;;;;;;;;;;;;;;;;;
winsmith;2;6422;6378;;;;;;;;;;;;;;;;;;;;;;;;;;;;
asser;1;6381;;;;;;;;;;;;;;;;;;;;;;;;;;;;;
EmadMokhtar;2;6740;6384;;;;;;;;;;;;;;;;;;;;;;;;;;;;
amureki;1;6386;;;;;;;;;;;;;;;;;;;;;;;;;;;;;
piersstorey;1;6387;;;;;;;;;;;;;;;;;;;;;;;;;;;;;
vehrlich;1;6391;;;;;;;;;;;;;;;;;;;;;;;;;;;;;
bellisk;1;6394;;;;;;;;;;;;;;;;;;;;;;;;;;;;;
aschn;1;6397;;;;;;;;;;;;;;;;;;;;;;;;;;;;;
veranika-sab;1;6404;;;;;;;;;;;;;;;;;;;;;;;;;;;;;
akoskaaa;1;6406;;;;;;;;;;;;;;;;;;;;;;;;;;;;;
benxy;1;6407;;;;;;;;;;;;;;;;;;;;;;;;;;;;;
yasondinalt;1;6410;;;;;;;;;;;;;;;;;;;;;;;;;;;;;
Kayvlim;1;6417;;;;;;;;;;;;;;;;;;;;;;;;;;;;;
miikkas;1;6423;;;;;;;;;;;;;;;;;;;;;;;;;;;;;
Chronial;2;6428;6426;;;;;;;;;;;;;;;;;;;;;;;;;;;;
daniponi;1;6427;;;;;;;;;;;;;;;;;;;;;;;;;;;;;
steveire;3;6442;6430;6429;;;;;;;;;;;;;;;;;;;;;;;;;;;
Horstage;1;6432;;;;;;;;;;;;;;;;;;;;;;;;;;;;;
kchmiela;1;6443;;;;;;;;;;;;;;;;;;;;;;;;;;;;;
m-novikov;1;6448;;;;;;;;;;;;;;;;;;;;;;;;;;;;;
lwiecek;1;6450;;;;;;;;;;;;;;;;;;;;;;;;;;;;;
cworth-gh;1;6453;;;;;;;;;;;;;;;;;;;;;;;;;;;;;
Brightcells;2;7122;6455;;;;;;;;;;;;;;;;;;;;;;;;;;;;
mnach;2;7062;6457;;;;;;;;;;;;;;;;;;;;;;;;;;;;
glasnt;1;6463;;;;;;;;;;;;;;;;;;;;;;;;;;;;;
oneTimePad;2;6465;6464;;;;;;;;;;;;;;;;;;;;;;;;;;;;
bimusiek;1;6472;;;;;;;;;;;;;;;;;;;;;;;;;;;;;
ornoone;1;6473;;;;;;;;;;;;;;;;;;;;;;;;;;;;;
tuky;1;6480;;;;;;;;;;;;;;;;;;;;;;;;;;;;;
michaelmota;1;6492;;;;;;;;;;;;;;;;;;;;;;;;;;;;;
tpaljor;1;6500;;;;;;;;;;;;;;;;;;;;;;;;;;;;;
LikeABird-CX;1;6506;;;;;;;;;;;;;;;;;;;;;;;;;;;;;
jekka-ua;1;6512;;;;;;;;;;;;;;;;;;;;;;;;;;;;;
emontellese;1;6535;;;;;;;;;;;;;;;;;;;;;;;;;;;;;
boaz85;1;6536;;;;;;;;;;;;;;;;;;;;;;;;;;;;;
arthru;1;6539;;;;;;;;;;;;;;;;;;;;;;;;;;;;;
vfaronov;3;6561;6556;6542;;;;;;;;;;;;;;;;;;;;;;;;;;;
alvra;1;6543;;;;;;;;;;;;;;;;;;;;;;;;;;;;;
hbf0803;1;6549;;;;;;;;;;;;;;;;;;;;;;;;;;;;;
MarysiaLowas;1;6553;;;;;;;;;;;;;;;;;;;;;;;;;;;;;
etos;1;6555;;;;;;;;;;;;;;;;;;;;;;;;;;;;;
PabloVallejo;1;6557;;;;;;;;;;;;;;;;;;;;;;;;;;;;;
abriemme;1;6560;;;;;;;;;;;;;;;;;;;;;;;;;;;;;
lagelalegal;1;6577;;;;;;;;;;;;;;;;;;;;;;;;;;;;;
betojulio;1;6583;;;;;;;;;;;;;;;;;;;;;;;;;;;;;
rkashapov;3;6606;6605;6604;;;;;;;;;;;;;;;;;;;;;;;;;;;
SilasX;3;6621;6620;6608;;;;;;;;;;;;;;;;;;;;;;;;;;;
philipliberato;1;6613;;;;;;;;;;;;;;;;;;;;;;;;;;;;;
bartdag;1;6617;;;;;;;;;;;;;;;;;;;;;;;;;;;;;
Strategos-Sama;1;6619;;;;;;;;;;;;;;;;;;;;;;;;;;;;;
tuomas2;1;6634;;;;;;;;;;;;;;;;;;;;;;;;;;;;;
cybojenix;1;6635;;;;;;;;;;;;;;;;;;;;;;;;;;;;;
ketanbhatt;3;6677;6660;6648;;;;;;;;;;;;;;;;;;;;;;;;;;;
MariKiev;1;6649;;;;;;;;;;;;;;;;;;;;;;;;;;;;;
ddsnowboard;1;6650;;;;;;;;;;;;;;;;;;;;;;;;;;;;;
bradmerlin;2;8086;6668;;;;;;;;;;;;;;;;;;;;;;;;;;;;
linux-wang;1;6673;;;;;;;;;;;;;;;;;;;;;;;;;;;;;
Xof;1;6674;;;;;;;;;;;;;;;;;;;;;;;;;;;;;
ds-249;2;6685;6680;;;;;;;;;;;;;;;;;;;;;;;;;;;;
Manoj-nathwani;1;6686;;;;;;;;;;;;;;;;;;;;;;;;;;;;;
g3rd;1;6689;;;;;;;;;;;;;;;;;;;;;;;;;;;;;
phildini;2;6692;6690;;;;;;;;;;;;;;;;;;;;;;;;;;;;
bjcubsfan;1;6691;;;;;;;;;;;;;;;;;;;;;;;;;;;;;
jasisz;1;6693;;;;;;;;;;;;;;;;;;;;;;;;;;;;;
Hwesta;2;6707;6694;;;;;;;;;;;;;;;;;;;;;;;;;;;;
mieciu;1;6697;;;;;;;;;;;;;;;;;;;;;;;;;;;;;
jrabbit;1;6698;;;;;;;;;;;;;;;;;;;;;;;;;;;;;
shaunagm;1;6700;;;;;;;;;;;;;;;;;;;;;;;;;;;;;
svvitale;1;6706;;;;;;;;;;;;;;;;;;;;;;;;;;;;;
palmerev;1;6708;;;;;;;;;;;;;;;;;;;;;;;;;;;;;
theju;1;6717;;;;;;;;;;;;;;;;;;;;;;;;;;;;;
elfsternberg;1;6719;;;;;;;;;;;;;;;;;;;;;;;;;;;;;
knightrix;1;6724;;;;;;;;;;;;;;;;;;;;;;;;;;;;;
bretth;1;6736;;;;;;;;;;;;;;;;;;;;;;;;;;;;;
oxplot;2;6738;6737;;;;;;;;;;;;;;;;;;;;;;;;;;;;
tsepty;1;6742;;;;;;;;;;;;;;;;;;;;;;;;;;;;;
sliverc;1;6745;;;;;;;;;;;;;;;;;;;;;;;;;;;;;
hellerve;1;6746;;;;;;;;;;;;;;;;;;;;;;;;;;;;;
stefanw;1;6748;;;;;;;;;;;;;;;;;;;;;;;;;;;;;
lig;1;6749;;;;;;;;;;;;;;;;;;;;;;;;;;;;;
saintbyte;2;7041;6758;;;;;;;;;;;;;;;;;;;;;;;;;;;;
yotamofek;1;6762;;;;;;;;;;;;;;;;;;;;;;;;;;;;;
homberger;1;6776;;;;;;;;;;;;;;;;;;;;;;;;;;;;;
black3r;2;6837;6778;;;;;;;;;;;;;;;;;;;;;;;;;;;;
satchamo;1;6779;;;;;;;;;;;;;;;;;;;;;;;;;;;;;
begor;2;6782;6781;;;;;;;;;;;;;;;;;;;;;;;;;;;;
arecker;1;6784;;;;;;;;;;;;;;;;;;;;;;;;;;;;;
chrisclark;1;6785;;;;;;;;;;;;;;;;;;;;;;;;;;;;;
sumitpathak92;1;6786;;;;;;;;;;;;;;;;;;;;;;;;;;;;;
tam0407;2;6788;6787;;;;;;;;;;;;;;;;;;;;;;;;;;;;
uhayate;1;6789;;;;;;;;;;;;;;;;;;;;;;;;;;;;;
pjstevns;1;6792;;;;;;;;;;;;;;;;;;;;;;;;;;;;;
laddng;1;6812;;;;;;;;;;;;;;;;;;;;;;;;;;;;;
bendemboski;2;7034;6813;;;;;;;;;;;;;;;;;;;;;;;;;;;;
Hevienz;1;6817;;;;;;;;;;;;;;;;;;;;;;;;;;;;;
olivierdalang;1;6818;;;;;;;;;;;;;;;;;;;;;;;;;;;;;
dvska;1;6824;;;;;;;;;;;;;;;;;;;;;;;;;;;;;
e-stepanov;1;6826;;;;;;;;;;;;;;;;;;;;;;;;;;;;;
kissgyorgy;1;6832;;;;;;;;;;;;;;;;;;;;;;;;;;;;;
Lh4cKg;2;6846;6845;;;;;;;;;;;;;;;;;;;;;;;;;;;;
sebdiem;1;6847;;;;;;;;;;;;;;;;;;;;;;;;;;;;;
ad-m;1;6848;;;;;;;;;;;;;;;;;;;;;;;;;;;;;
morenoh149;1;6856;;;;;;;;;;;;;;;;;;;;;;;;;;;;;
freezas;1;6864;;;;;;;;;;;;;;;;;;;;;;;;;;;;;
flupzor;2;8146;6865;;;;;;;;;;;;;;;;;;;;;;;;;;;;
rosco77;1;6868;;;;;;;;;;;;;;;;;;;;;;;;;;;;;
PriyWerry;1;6876;;;;;;;;;;;;;;;;;;;;;;;;;;;;;
joshu23;1;6879;;;;;;;;;;;;;;;;;;;;;;;;;;;;;
ducdetronquito;1;6880;;;;;;;;;;;;;;;;;;;;;;;;;;;;;
dlrice;2;6911;6883;;;;;;;;;;;;;;;;;;;;;;;;;;;;
spectras;1;6889;;;;;;;;;;;;;;;;;;;;;;;;;;;;;
smarlowucf;1;6890;;;;;;;;;;;;;;;;;;;;;;;;;;;;;
kennethyang404;2;6907;6895;;;;;;;;;;;;;;;;;;;;;;;;;;;;
wangwenpei;1;6900;;;;;;;;;;;;;;;;;;;;;;;;;;;;;
hugotacito;1;6901;;;;;;;;;;;;;;;;;;;;;;;;;;;;;
AleksejManaev;1;6903;;;;;;;;;;;;;;;;;;;;;;;;;;;;;
andreyfedoseev;1;6904;;;;;;;;;;;;;;;;;;;;;;;;;;;;;
mrlnx;1;6905;;;;;;;;;;;;;;;;;;;;;;;;;;;;;
r00ye;1;6912;;;;;;;;;;;;;;;;;;;;;;;;;;;;;
marcinn;1;6932;;;;;;;;;;;;;;;;;;;;;;;;;;;;;
rcoup;1;6934;;;;;;;;;;;;;;;;;;;;;;;;;;;;;
csinchok;1;6938;;;;;;;;;;;;;;;;;;;;;;;;;;;;;
stkrp;1;6941;;;;;;;;;;;;;;;;;;;;;;;;;;;;;
kevswanberg;2;6957;6950;;;;;;;;;;;;;;;;;;;;;;;;;;;;
pnosum;2;6952;6951;;;;;;;;;;;;;;;;;;;;;;;;;;;;
FadiAlnabolsi;1;6953;;;;;;;;;;;;;;;;;;;;;;;;;;;;;
harrislapiroff;1;6954;;;;;;;;;;;;;;;;;;;;;;;;;;;;;
cheryllium;1;6956;;;;;;;;;;;;;;;;;;;;;;;;;;;;;
agilgur5;1;6958;;;;;;;;;;;;;;;;;;;;;;;;;;;;;
sgzsh269;1;6964;;;;;;;;;;;;;;;;;;;;;;;;;;;;;
jensneuhaus;1;6965;;;;;;;;;;;;;;;;;;;;;;;;;;;;;
lizlemon;2;7010;6967;;;;;;;;;;;;;;;;;;;;;;;;;;;;
schlerp;1;6971;;;;;;;;;;;;;;;;;;;;;;;;;;;;;
nutztherookie;1;6976;;;;;;;;;;;;;;;;;;;;;;;;;;;;;
alexyer;2;7190;6977;;;;;;;;;;;;;;;;;;;;;;;;;;;;
frishberg;1;6978;;;;;;;;;;;;;;;;;;;;;;;;;;;;;
boblefrag;2;7114;6981;;;;;;;;;;;;;;;;;;;;;;;;;;;;
jordij;1;6986;;;;;;;;;;;;;;;;;;;;;;;;;;;;;
squidsoup;1;6987;;;;;;;;;;;;;;;;;;;;;;;;;;;;;
raonyguimaraes;1;6988;;;;;;;;;;;;;;;;;;;;;;;;;;;;;
tpazderka;1;6989;;;;;;;;;;;;;;;;;;;;;;;;;;;;;
an0o0nym;5;7073;7059;7058;7055;6991;;;;;;;;;;;;;;;;;;;;;;;;;
ancientHacker;1;6996;;;;;;;;;;;;;;;;;;;;;;;;;;;;;
halilkaya;1;6999;;;;;;;;;;;;;;;;;;;;;;;;;;;;;
Tordek;1;7003;;;;;;;;;;;;;;;;;;;;;;;;;;;;;
syurchenko;1;7007;;;;;;;;;;;;;;;;;;;;;;;;;;;;;
brandonchinn178;2;7527;7012;;;;;;;;;;;;;;;;;;;;;;;;;;;;
Feuermurmel;1;7014;;;;;;;;;;;;;;;;;;;;;;;;;;;;;
nauman3128;1;7021;;;;;;;;;;;;;;;;;;;;;;;;;;;;;
sideffect0;1;7027;;;;;;;;;;;;;;;;;;;;;;;;;;;;;
MDziwny;1;7047;;;;;;;;;;;;;;;;;;;;;;;;;;;;;
devbis;1;7050;;;;;;;;;;;;;;;;;;;;;;;;;;;;;
moshekaplan;1;7054;;;;;;;;;;;;;;;;;;;;;;;;;;;;;
SydneyUniLibrary-Jim;2;7077;7069;;;;;;;;;;;;;;;;;;;;;;;;;;;;
mHulb;1;7095;;;;;;;;;;;;;;;;;;;;;;;;;;;;;
socram8888;1;7106;;;;;;;;;;;;;;;;;;;;;;;;;;;;;
leifdenby;1;7110;;;;;;;;;;;;;;;;;;;;;;;;;;;;;
berabhishek;2;7129;7123;;;;;;;;;;;;;;;;;;;;;;;;;;;;
InvalidInterrupt;1;7130;;;;;;;;;;;;;;;;;;;;;;;;;;;;;
prajjwol;1;7135;;;;;;;;;;;;;;;;;;;;;;;;;;;;;
pinguin999;1;7136;;;;;;;;;;;;;;;;;;;;;;;;;;;;;
Cerebro92;1;7146;;;;;;;;;;;;;;;;;;;;;;;;;;;;;
AlJohri;2;7189;7159;;;;;;;;;;;;;;;;;;;;;;;;;;;;
hixi;1;7176;;;;;;;;;;;;;;;;;;;;;;;;;;;;;
mehdipourfar;2;7266;7183;;;;;;;;;;;;;;;;;;;;;;;;;;;;
DustinDobernig;2;7192;7186;;;;;;;;;;;;;;;;;;;;;;;;;;;;
ibuler;1;7202;;;;;;;;;;;;;;;;;;;;;;;;;;;;;
1u4nx;1;7209;;;;;;;;;;;;;;;;;;;;;;;;;;;;;
jrhouston;1;7210;;;;;;;;;;;;;;;;;;;;;;;;;;;;;
ankur0493;1;7211;;;;;;;;;;;;;;;;;;;;;;;;;;;;;
anatolyrr;1;7215;;;;;;;;;;;;;;;;;;;;;;;;;;;;;
gerricom;1;7216;;;;;;;;;;;;;;;;;;;;;;;;;;;;;
thomas-scrace;1;7230;;;;;;;;;;;;;;;;;;;;;;;;;;;;;
jpmelos;1;7231;;;;;;;;;;;;;;;;;;;;;;;;;;;;;
mscott250;4;7548;7424;7238;7233;;;;;;;;;;;;;;;;;;;;;;;;;;
holvianssi;2;7456;7244;;;;;;;;;;;;;;;;;;;;;;;;;;;;
pronan;1;7260;;;;;;;;;;;;;;;;;;;;;;;;;;;;;
mlevental;2;7271;7265;;;;;;;;;;;;;;;;;;;;;;;;;;;;
austin-simmons;1;7270;;;;;;;;;;;;;;;;;;;;;;;;;;;;;
diox;1;7274;;;;;;;;;;;;;;;;;;;;;;;;;;;;;
Ernest0x;1;7277;;;;;;;;;;;;;;;;;;;;;;;;;;;;;
wismill;2;7952;7278;;;;;;;;;;;;;;;;;;;;;;;;;;;;
LegoStormtroopr;1;7280;;;;;;;;;;;;;;;;;;;;;;;;;;;;;
GeyseR;1;7294;;;;;;;;;;;;;;;;;;;;;;;;;;;;;
bilahari;1;7301;;;;;;;;;;;;;;;;;;;;;;;;;;;;;
Lewiscowles1986;2;7316;7314;;;;;;;;;;;;;;;;;;;;;;;;;;;;
voidnologo;1;7343;;;;;;;;;;;;;;;;;;;;;;;;;;;;;
yeago;2;7345;7344;;;;;;;;;;;;;;;;;;;;;;;;;;;;
ffourcot;1;7346;;;;;;;;;;;;;;;;;;;;;;;;;;;;;
dedika007;1;7350;;;;;;;;;;;;;;;;;;;;;;;;;;;;;
ben-prezola;1;7351;;;;;;;;;;;;;;;;;;;;;;;;;;;;;
xgt001;1;7352;;;;;;;;;;;;;;;;;;;;;;;;;;;;;
leandrobrunner;1;7358;;;;;;;;;;;;;;;;;;;;;;;;;;;;;
triaquae;1;7362;;;;;;;;;;;;;;;;;;;;;;;;;;;;;
s0b0lev;1;7363;;;;;;;;;;;;;;;;;;;;;;;;;;;;;
nmhung89;2;7422;7368;;;;;;;;;;;;;;;;;;;;;;;;;;;;
pope1ni;1;7371;;;;;;;;;;;;;;;;;;;;;;;;;;;;;
achidlow;1;7379;;;;;;;;;;;;;;;;;;;;;;;;;;;;;
ryanpineo;1;7387;;;;;;;;;;;;;;;;;;;;;;;;;;;;;
niranjanthilak;1;7395;;;;;;;;;;;;;;;;;;;;;;;;;;;;;
samuller;1;7402;;;;;;;;;;;;;;;;;;;;;;;;;;;;;
julianandrews;1;7405;;;;;;;;;;;;;;;;;;;;;;;;;;;;;
strindhaug;1;7408;;;;;;;;;;;;;;;;;;;;;;;;;;;;;
johnsardine;1;7411;;;;;;;;;;;;;;;;;;;;;;;;;;;;;
Ge0;1;7412;;;;;;;;;;;;;;;;;;;;;;;;;;;;;
0xadada;1;7414;;;;;;;;;;;;;;;;;;;;;;;;;;;;;
bameda;1;7433;;;;;;;;;;;;;;;;;;;;;;;;;;;;;
Metfriet;1;7442;;;;;;;;;;;;;;;;;;;;;;;;;;;;;
jehos;1;7450;;;;;;;;;;;;;;;;;;;;;;;;;;;;;
ihoru;1;7453;;;;;;;;;;;;;;;;;;;;;;;;;;;;;
codepriya;1;7455;;;;;;;;;;;;;;;;;;;;;;;;;;;;;
hovi;1;7461;;;;;;;;;;;;;;;;;;;;;;;;;;;;;
adammalinowski;1;7476;;;;;;;;;;;;;;;;;;;;;;;;;;;;;
mislavcimpersak;1;7484;;;;;;;;;;;;;;;;;;;;;;;;;;;;;
Heisenberg815;2;7622;7487;;;;;;;;;;;;;;;;;;;;;;;;;;;;
mr-bo-jangles;1;7488;;;;;;;;;;;;;;;;;;;;;;;;;;;;;
artursmet;1;7490;;;;;;;;;;;;;;;;;;;;;;;;;;;;;
ntuckovic;1;7491;;;;;;;;;;;;;;;;;;;;;;;;;;;;;
Backscratcher;1;7496;;;;;;;;;;;;;;;;;;;;;;;;;;;;;
stlk;1;7497;;;;;;;;;;;;;;;;;;;;;;;;;;;;;
woutdp;1;7498;;;;;;;;;;;;;;;;;;;;;;;;;;;;;
veldman;1;7502;;;;;;;;;;;;;;;;;;;;;;;;;;;;;
mociepka;1;7503;;;;;;;;;;;;;;;;;;;;;;;;;;;;;
krzysztofzuraw;1;7506;;;;;;;;;;;;;;;;;;;;;;;;;;;;;
olibook;2;7514;7509;;;;;;;;;;;;;;;;;;;;;;;;;;;;
MaartenPI;1;7510;;;;;;;;;;;;;;;;;;;;;;;;;;;;;
troef;1;7512;;;;;;;;;;;;;;;;;;;;;;;;;;;;;
gregmccoy;1;7538;;;;;;;;;;;;;;;;;;;;;;;;;;;;;
PrinzKarneval;1;7549;;;;;;;;;;;;;;;;;;;;;;;;;;;;;
alan-hicks;1;7566;;;;;;;;;;;;;;;;;;;;;;;;;;;;;
VishvajitP;1;7572;;;;;;;;;;;;;;;;;;;;;;;;;;;;;
wgwang;1;7574;;;;;;;;;;;;;;;;;;;;;;;;;;;;;
daavve;1;7593;;;;;;;;;;;;;;;;;;;;;;;;;;;;;
jvanveen;1;7595;;;;;;;;;;;;;;;;;;;;;;;;;;;;;
andymartin-sch;1;7597;;;;;;;;;;;;;;;;;;;;;;;;;;;;;
wlngwang;1;7602;;;;;;;;;;;;;;;;;;;;;;;;;;;;;
smiks;1;7612;;;;;;;;;;;;;;;;;;;;;;;;;;;;;
andreyugit;1;7614;;;;;;;;;;;;;;;;;;;;;;;;;;;;;
weima;1;7618;;;;;;;;;;;;;;;;;;;;;;;;;;;;;
looching;1;7625;;;;;;;;;;;;;;;;;;;;;;;;;;;;;
patjouk;1;7641;;;;;;;;;;;;;;;;;;;;;;;;;;;;;
truthdoug;1;7654;;;;;;;;;;;;;;;;;;;;;;;;;;;;;
alexander-alvarez;1;7655;;;;;;;;;;;;;;;;;;;;;;;;;;;;;
demonshreder;1;7666;;;;;;;;;;;;;;;;;;;;;;;;;;;;;
mermop;1;7679;;;;;;;;;;;;;;;;;;;;;;;;;;;;;
jerojasro;1;7680;;;;;;;;;;;;;;;;;;;;;;;;;;;;;
mrgix;1;7688;;;;;;;;;;;;;;;;;;;;;;;;;;;;;
jleclanche;1;7708;;;;;;;;;;;;;;;;;;;;;;;;;;;;;
salehi;2;7720;7719;;;;;;;;;;;;;;;;;;;;;;;;;;;;
lukesneeringer;1;7736;;;;;;;;;;;;;;;;;;;;;;;;;;;;;
alisye;1;7740;;;;;;;;;;;;;;;;;;;;;;;;;;;;;
asval;1;7761;;;;;;;;;;;;;;;;;;;;;;;;;;;;;
huzaifafaruqui;1;7766;;;;;;;;;;;;;;;;;;;;;;;;;;;;;
alanjds;1;7779;;;;;;;;;;;;;;;;;;;;;;;;;;;;;
mozumder;1;7791;;;;;;;;;;;;;;;;;;;;;;;;;;;;;
SalehHindi;1;7804;;;;;;;;;;;;;;;;;;;;;;;;;;;;;
hardik1997;5;7825;7824;7823;7818;7817;;;;;;;;;;;;;;;;;;;;;;;;;
kongtianyi;1;7852;;;;;;;;;;;;;;;;;;;;;;;;;;;;;
flokli;1;7855;;;;;;;;;;;;;;;;;;;;;;;;;;;;;
allieus;1;7866;;;;;;;;;;;;;;;;;;;;;;;;;;;;;
mfbx9da4;1;7928;;;;;;;;;;;;;;;;;;;;;;;;;;;;;
orf;1;7932;;;;;;;;;;;;;;;;;;;;;;;;;;;;;
NestorTejero;1;7941;;;;;;;;;;;;;;;;;;;;;;;;;;;;;
ryan-copperleaf;1;7957;;;;;;;;;;;;;;;;;;;;;;;;;;;;;
andrewr-rak;1;7974;;;;;;;;;;;;;;;;;;;;;;;;;;;;;
yahzaa;2;7979;7976;;;;;;;;;;;;;;;;;;;;;;;;;;;;
devvk;1;7984;;;;;;;;;;;;;;;;;;;;;;;;;;;;;
yurifari;1;8011;;;;;;;;;;;;;;;;;;;;;;;;;;;;;
nikita1503;1;8012;;;;;;;;;;;;;;;;;;;;;;;;;;;;;
hit023;1;8017;;;;;;;;;;;;;;;;;;;;;;;;;;;;;
OskarPersson;1;8018;;;;;;;;;;;;;;;;;;;;;;;;;;;;;
ChaosOrd;1;8021;;;;;;;;;;;;;;;;;;;;;;;;;;;;;
amarvin;2;8047;8046;;;;;;;;;;;;;;;;;;;;;;;;;;;;
bors-ltd;1;8058;;;;;;;;;;;;;;;;;;;;;;;;;;;;;
dvarrazzo;1;8076;;;;;;;;;;;;;;;;;;;;;;;;;;;;;
RatanShreshtha;1;8080;;;;;;;;;;;;;;;;;;;;;;;;;;;;;
arogachev;1;8085;;;;;;;;;;;;;;;;;;;;;;;;;;;;;
vipin14119;1;8106;;;;;;;;;;;;;;;;;;;;;;;;;;;;;
iddoberger;1;8144;;;;;;;;;;;;;;;;;;;;;;;;;;;;;