thoward;1;127;;;;;;;;;;
devfacet;1;151;;;;;;;;;;
nictuku;1;284;;;;;;;;;;
lfn3;1;352;;;;;;;;;;
btbytes;1;545;;;;;;;;;;
diwakergupta;1;606;;;;;;;;;;
pasky;1;659;;;;;;;;;;
crohr;1;704;;;;;;;;;;
ebastos;1;722;;;;;;;;;;
lwf;1;756;;;;;;;;;;
anthonybishopric;2;991;861;;;;;;;;;
tonyfabeen;1;906;;;;;;;;;;
bgehrich;1;981;;;;;;;;;;
felixbuenemann;1;999;;;;;;;;;;
sjbalaji;1;1014;;;;;;;;;;
justinsb;6;8896;8891;8890;8888;1056;1016;;;;;
ismell;2;1571;1031;;;;;;;;;
gregkh;1;1062;;;;;;;;;;
jkingyens;2;1100;1071;;;;;;;;;
ceralena;1;1152;;;;;;;;;;
zsol;1;1196;;;;;;;;;;
apatil;3;7242;1302;1275;;;;;;;;
steeve;1;1368;;;;;;;;;;
ykumar6;1;1372;;;;;;;;;;
drewcsillag;4;1618;1604;1506;1383;;;;;;;
siliconcow;1;1397;;;;;;;;;;
dhda;1;1465;;;;;;;;;;
moretea;1;1498;;;;;;;;;;
fourdollars;1;1610;;;;;;;;;;
colszowka;1;1707;;;;;;;;;;
lispmeister;1;1718;;;;;;;;;;
supermarin;1;1748;;;;;;;;;;
scottstamp;3;9646;9645;1763;;;;;;;;
dispalt;1;1765;;;;;;;;;;
demon012;1;1767;;;;;;;;;;
ikbrunel;2;1778;1774;;;;;;;;;
daguar;1;1808;;;;;;;;;;
philipbergen;1;1844;;;;;;;;;;
groundwater;1;1873;;;;;;;;;;
lazzarello;1;1910;;;;;;;;;;
rculbertson;1;1924;;;;;;;;;;
cdunklau;1;2017;;;;;;;;;;
colinsurprenant;1;2042;;;;;;;;;;
pastudan;1;2050;;;;;;;;;;
canoon;1;2054;;;;;;;;;;
KushalP;2;2213;2062;;;;;;;;;
amattn;1;2064;;;;;;;;;;
lachie;1;2083;;;;;;;;;;
whiteley;1;2092;;;;;;;;;;
idetik;1;2104;;;;;;;;;;
wagerlabs;2;2337;2266;;;;;;;;;
amckinley;2;2301;2297;;;;;;;;;
adrianlzt;1;2310;;;;;;;;;;
stephenmw;1;2323;;;;;;;;;;
brendandburns;1;2347;;;;;;;;;;
denevell;1;2406;;;;;;;;;;
mahendra;1;2416;;;;;;;;;;
binaryphile;1;2450;;;;;;;;;;
overplumbum;1;2455;;;;;;;;;;
iangcarroll;1;2458;;;;;;;;;;
ido;1;2487;;;;;;;;;;
pkwarren;1;2524;;;;;;;;;;
gusennan;1;2529;;;;;;;;;;
paultag;1;2555;;;;;;;;;;
dillera;1;2572;;;;;;;;;;
philipcristiano;1;2573;;;;;;;;;;
dvoet;2;2687;2600;;;;;;;;;
puffnfresh;1;2608;;;;;;;;;;
alvinlai;1;2634;;;;;;;;;;
nha;1;2639;;;;;;;;;;
rinrinne;1;2832;;;;;;;;;;
jhorey;2;4795;2839;;;;;;;;;
lhazlewood;1;2845;;;;;;;;;;
rmillner;1;2902;;;;;;;;;;
scjudd;1;2905;;;;;;;;;;
huckphin;1;2906;;;;;;;;;;
kasiajanocha;1;2956;;;;;;;;;;
cvlc;1;2974;;;;;;;;;;
chilicat;1;2976;;;;;;;;;;
kevinwallace;2;3055;2979;;;;;;;;;
calebTomlinson;1;3026;;;;;;;;;;
wouterd;1;3042;;;;;;;;;;
iemejia;1;3054;;;;;;;;;;
mmoulton;1;3067;;;;;;;;;;
papanikge;1;3093;;;;;;;;;;
bravely;1;3164;;;;;;;;;;
riywo;1;3204;;;;;;;;;;
dangra;1;3209;;;;;;;;;;
jeffxor;1;3220;;;;;;;;;;
wking;3;9598;6070;3216;;;;;;;;
niklas;1;3235;;;;;;;;;;
rbinsztock;1;3319;;;;;;;;;;
paulczar;2;16610;3332;;;;;;;;;
thomas-holmes;1;3342;;;;;;;;;;
inthecloud247;1;3354;;;;;;;;;;
abierbaum;1;3360;;;;;;;;;;
sdwr98;1;3397;;;;;;;;;;
interlock;1;3452;;;;;;;;;;
jvermillard;2;3890;3505;;;;;;;;;
aalexand;1;3536;;;;;;;;;;
dz0ny;1;3601;;;;;;;;;;
savingschampion;1;3602;;;;;;;;;;
kenshin54;2;6418;3604;;;;;;;;;
amatas;1;3627;;;;;;;;;;
soccermitchy;1;3659;;;;;;;;;;
cheneydeng;4;3733;3732;3731;3719;;;;;;;
boopathi;1;3735;;;;;;;;;;
rasputnik;1;3803;;;;;;;;;;
burningTyger;1;3891;;;;;;;;;;
webmat;1;3917;;;;;;;;;;
dininski;1;3923;;;;;;;;;;
schvin;1;3953;;;;;;;;;;
rumple;2;3962;3961;;;;;;;;;
chadoh;2;3999;3998;;;;;;;;;
kalyanceg;2;4170;4024;;;;;;;;;
tim-mit;1;4047;;;;;;;;;;
robsonpeixoto;1;4139;;;;;;;;;;
reivanen;1;4179;;;;;;;;;;
mitalia;1;4203;;;;;;;;;;
joefiorini;1;4247;;;;;;;;;;
moltar;1;4256;;;;;;;;;;
russroy;1;4286;;;;;;;;;;
thlorenz;1;4305;;;;;;;;;;
danielwegener;1;4344;;;;;;;;;;
ruebenramirez;2;4374;4373;;;;;;;;;
timops;1;4375;;;;;;;;;;
codingfoo;1;4401;;;;;;;;;;
wil;1;4409;;;;;;;;;;
korfuri;1;4414;;;;;;;;;;
jedsmith;1;4434;;;;;;;;;;
olberger;1;4497;;;;;;;;;;
coocood;1;4573;;;;;;;;;;
newgoliath;1;4585;;;;;;;;;;
outrunthewolf;1;4586;;;;;;;;;;
amscanne;1;4626;;;;;;;;;;
jontewks;1;4637;;;;;;;;;;
hwong;1;4732;;;;;;;;;;
paulproteus;1;4735;;;;;;;;;;
kscherer;2;6217;4807;;;;;;;;;
usui-tk;1;4847;;;;;;;;;;
r-cheologist;1;4957;;;;;;;;;;
rodrigoma;1;5043;;;;;;;;;;
bernardopericacho;1;5044;;;;;;;;;;
bjaglin;5;10500;8489;7268;5917;5107;;;;;;
madhatter;1;5141;;;;;;;;;;
perttierkkila;1;5426;;;;;;;;;;
Sirclicksalot;1;5465;;;;;;;;;;
Etsukata;1;5492;;;;;;;;;;
plinnell;1;5527;;;;;;;;;;
sukramlitt;1;5542;;;;;;;;;;
tuhrig;1;5548;;;;;;;;;;
vincentmayers;1;5555;;;;;;;;;;
joshwertheim;1;5586;;;;;;;;;;
samccone;1;5637;;;;;;;;;;
zinic;2;5980;5649;;;;;;;;;
fruitl00p;2;5728;5675;;;;;;;;;
jumanjiman;1;5683;;;;;;;;;;
softboysxp;1;5767;;;;;;;;;;
bopm;1;5796;;;;;;;;;;
ktap;4;8467;8306;5817;5815;;;;;;;
magnetikonline;1;5902;;;;;;;;;;
nosoq;1;5969;;;;;;;;;;
jwalter;1;5986;;;;;;;;;;
fibo;1;5992;;;;;;;;;;
ammmir;1;6014;;;;;;;;;;
imain;4;8826;8348;6243;6061;;;;;;;
rissem;1;6115;;;;;;;;;;
andredublin;1;6151;;;;;;;;;;
alshopov;3;6478;6477;6177;;;;;;;;
brondsem;1;6188;;;;;;;;;;
harshavardhana;1;6190;;;;;;;;;;
dkinzer;1;6236;;;;;;;;;;
agborkowski;1;6266;;;;;;;;;;
jonseymour;2;6327;6271;;;;;;;;;
misfo;1;6310;;;;;;;;;;
ligfx;1;6311;;;;;;;;;;
kumarn33;2;6332;6326;;;;;;;;;
mchiron;1;6336;;;;;;;;;;
rblomberg;1;6344;;;;;;;;;;
richarvey;2;6364;6358;;;;;;;;;
aegrumet;1;6373;;;;;;;;;;
jimmidyson;1;6392;;;;;;;;;;
ashish1099;1;6398;;;;;;;;;;
Sepero;1;6404;;;;;;;;;;
ManuelWeiss;2;6444;6412;;;;;;;;;
piclez;1;6423;;;;;;;;;;
manfredzab;1;6453;;;;;;;;;;
clouddrd;3;6582;6562;6537;;;;;;;;
jloosfelt;1;6584;;;;;;;;;;
eggtree;1;6596;;;;;;;;;;
dhammika;1;6609;;;;;;;;;;
freman;1;6662;;;;;;;;;;
bqbn;1;6691;;;;;;;;;;
Xe;1;6710;;;;;;;;;;
leedm777;1;6739;;;;;;;;;;
TheDevilOnLine;1;6774;;;;;;;;;;
Denrybin;2;6779;6778;;;;;;;;;
phstudy;1;6862;;;;;;;;;;
brutasse;1;6869;;;;;;;;;;
keithbentrup;1;6930;;;;;;;;;;
Keirua;1;6963;;;;;;;;;;
ljk;1;6995;;;;;;;;;;
korya;1;7036;;;;;;;;;;
nubs;1;7076;;;;;;;;;;
zhongyi-altiscale;1;7145;;;;;;;;;;
notnoop;1;7177;;;;;;;;;;
SegFaultx64;1;7197;;;;;;;;;;
capoferro;2;7478;7222;;;;;;;;;
maosmurf;1;7224;;;;;;;;;;
nfnty;2;7254;7240;;;;;;;;;
gaodayue;1;7270;;;;;;;;;;
merlin83;4;8935;8934;7289;7287;;;;;;;
jpanganiban;1;7297;;;;;;;;;;
peterbourgon;1;7323;;;;;;;;;;
ambakshi;1;7408;;;;;;;;;;
jemc;1;7450;;;;;;;;;;
j0nathan-ll0yd;1;7504;;;;;;;;;;
neeravkumar;1;7508;;;;;;;;;;
hgschmie;2;7617;7616;;;;;;;;;
ochapman;1;7624;;;;;;;;;;
dragon788;1;7637;;;;;;;;;;
jesset;2;7646;7645;;;;;;;;;
ewencp;1;7666;;;;;;;;;;
Grynn;1;7703;;;;;;;;;;
sammcj;1;7711;;;;;;;;;;
Bwooce;1;7737;;;;;;;;;;
augustoroman;1;7739;;;;;;;;;;
spilio;1;7760;;;;;;;;;;
eik3;1;7783;;;;;;;;;;
frank-dspeed;1;7849;;;;;;;;;;
mustafaakin;1;7882;;;;;;;;;;
tedyoung;1;7917;;;;;;;;;;
ekristen;2;11891;7937;;;;;;;;;
sjtm;1;7945;;;;;;;;;;
Dufgui;1;8031;;;;;;;;;;
hustcat;3;14800;11988;8082;;;;;;;;
vnagarnaik;1;8099;;;;;;;;;;
SaiedKazemi;2;8185;8184;;;;;;;;;
isanych;3;9477;8314;8312;;;;;;;;
stela5;1;8327;;;;;;;;;;
alaw005;1;8355;;;;;;;;;;
scharf;1;8359;;;;;;;;;;
namhyung;1;8394;;;;;;;;;;
seongyeol37;1;8406;;;;;;;;;;
thesteve0;1;8466;;;;;;;;;;
cbosdo;1;8491;;;;;;;;;;
hickeng;1;8589;;;;;;;;;;
kcampion;2;8655;8596;;;;;;;;;
vladia;1;8600;;;;;;;;;;
roidelapluie;1;8613;;;;;;;;;;
jijojv;1;8616;;;;;;;;;;
adrianolek;1;8633;;;;;;;;;;
baoruxing;1;8698;;;;;;;;;;
xb;2;8731;8729;;;;;;;;;
alexoj;1;8738;;;;;;;;;;
snibug;2;9068;8774;;;;;;;;;
yankay;1;8783;;;;;;;;;;
jdowd;2;8858;8857;;;;;;;;;
ars3n;2;8922;8918;;;;;;;;;
shouya;1;8925;;;;;;;;;;
aweiteka;1;8957;;;;;;;;;;
jdstrand;1;9034;;;;;;;;;;
meirf;1;9053;;;;;;;;;;
j0hnst0n;1;9055;;;;;;;;;;
rboyer;1;9060;;;;;;;;;;
fsniper;1;9096;;;;;;;;;;
larose;1;9119;;;;;;;;;;
simon3z;1;9146;;;;;;;;;;
ThierryAbalea;1;9186;;;;;;;;;;
aholler;1;9196;;;;;;;;;;
joshwilsdon;1;9232;;;;;;;;;;
alex-ethier;1;9264;;;;;;;;;;
humaton;1;9333;;;;;;;;;;
JustAdam;2;9383;9338;;;;;;;;;
mrflip;1;9410;;;;;;;;;;
eloycoto;1;9415;;;;;;;;;;
macdweller;1;9498;;;;;;;;;;
philwhln;1;9568;;;;;;;;;;
jperla;1;9585;;;;;;;;;;
rayqiu;1;9632;;;;;;;;;;
tatsuya6502;2;9664;9663;;;;;;;;;
jankoprowski;1;9670;;;;;;;;;;
IanCal;1;9714;;;;;;;;;;
panticz;2;9724;9723;;;;;;;;;
will-ob;1;9726;;;;;;;;;;
josephkern;2;9761;9744;;;;;;;;;
dove-young;2;9916;9901;;;;;;;;;
sdake;1;9905;;;;;;;;;;
stchris;1;9925;;;;;;;;;;
pritambaral;1;9961;;;;;;;;;;
dasJ;1;10030;;;;;;;;;;
stuartpb;1;10111;;;;;;;;;;
tompson;1;10117;;;;;;;;;;
VictorLowther;1;10126;;;;;;;;;;
hantuo;1;10211;;;;;;;;;;
mlehner616;1;10229;;;;;;;;;;
dagelf;1;10253;;;;;;;;;;
codemac;1;10255;;;;;;;;;;
GennadySpb;1;10267;;;;;;;;;;
ColmHally;1;10339;;;;;;;;;;
omeid;2;11823;10349;;;;;;;;;
gdamjan;1;10386;;;;;;;;;;
duffsterlp;1;10459;;;;;;;;;;
endersonmaia;2;10577;10486;;;;;;;;;
chenbaihu;2;10760;10505;;;;;;;;;
umiddelb;1;10564;;;;;;;;;;
drieskimpe;1;10567;;;;;;;;;;
knaka;2;10631;10628;;;;;;;;;
alfonsodev;2;10638;10636;;;;;;;;;
spf13;2;11387;10688;;;;;;;;;
andreas-h;1;10704;;;;;;;;;;
lgfausak;1;10710;;;;;;;;;;
Mabin1019;1;10733;;;;;;;;;;
daaku;1;10788;;;;;;;;;;
Vudumen;1;10825;;;;;;;;;;
sachin-jayant-joshi;1;10864;;;;;;;;;;
MarkAWard;1;10943;;;;;;;;;;
sellerjd;1;11063;;;;;;;;;;
stigkj;1;11071;;;;;;;;;;
xuxinkun;11;16004;13048;13046;12983;12982;12806;11367;11103;11082;11081;11078
richardcrichardc;2;11104;11102;;;;;;;;;
yeasy;1;11236;;;;;;;;;;
lifeeth;1;11256;;;;;;;;;;
NonerKao;1;11257;;;;;;;;;;
genedna;1;11334;;;;;;;;;;
erhudy;1;11335;;;;;;;;;;
witlessbird;2;12145;11375;;;;;;;;;
howtowhy;1;11409;;;;;;;;;;
colinmorelli;1;11423;;;;;;;;;;
jimmyxian;1;11441;;;;;;;;;;
elvis2002;1;11513;;;;;;;;;;
PaulSec;1;11662;;;;;;;;;;
jasonrichardsmith;1;11673;;;;;;;;;;
brimstone;1;11675;;;;;;;;;;
delojoyent;1;11687;;;;;;;;;;
agtorre;1;11736;;;;;;;;;;
Plantain;1;11742;;;;;;;;;;
ghuntley;1;11743;;;;;;;;;;
robertd;1;11783;;;;;;;;;;
ncraike;1;11808;;;;;;;;;;
mgood;2;11827;11826;;;;;;;;;
mozinrat;2;11857;11856;;;;;;;;;
ky0ncheng;1;11873;;;;;;;;;;
jaycode;2;11926;11925;;;;;;;;;
rmccooey27;1;12001;;;;;;;;;;
devopsko;1;12008;;;;;;;;;;
pdevine;3;13450;13415;12073;;;;;;;;
onorua;1;12134;;;;;;;;;;
ozzeD;1;12152;;;;;;;;;;
hangyan;1;12167;;;;;;;;;;
compwron;1;12243;;;;;;;;;;
Sarkie;1;12299;;;;;;;;;;
gabesullice;1;12429;;;;;;;;;;
diegomarangoni;1;12445;;;;;;;;;;
aetherical;1;12519;;;;;;;;;;
bru7us;2;15782;12622;;;;;;;;;
szqh97;1;12631;;;;;;;;;;
vjurenka;2;12700;12697;;;;;;;;;
ble;2;12727;12722;;;;;;;;;
raychaser;1;12790;;;;;;;;;;
weswigham;1;12834;;;;;;;;;;
suchja;1;12911;;;;;;;;;;
ashwinphatak;1;12919;;;;;;;;;;
p4tin;1;12920;;;;;;;;;;
samm-git;1;12934;;;;;;;;;;
trainchou;1;13012;;;;;;;;;;
ain;1;13053;;;;;;;;;;
daithi-coombes;1;13100;;;;;;;;;;
dooman87;1;13104;;;;;;;;;;
fuxpavel;1;13147;;;;;;;;;;
gabrielhartmann;1;13224;;;;;;;;;;
mijndert;1;13260;;;;;;;;;;
gustavohenrique;1;13361;;;;;;;;;;
XaviOutside;1;13394;;;;;;;;;;
mwuertinger;1;13400;;;;;;;;;;
k3ck3c;1;13405;;;;;;;;;;
nickandrew;2;15242;13434;;;;;;;;;
G-eos;2;14271;13438;;;;;;;;;
aanc;1;13439;;;;;;;;;;
SamSaffron;1;13569;;;;;;;;;;
slok;1;13621;;;;;;;;;;
Liuyanglong;1;13627;;;;;;;;;;
merwok;2;18130;13705;;;;;;;;;
bpradipt;1;13710;;;;;;;;;;
janaurka;1;13739;;;;;;;;;;
mgreystone;1;13829;;;;;;;;;;
cmrust;1;13857;;;;;;;;;;
mudverma;1;13884;;;;;;;;;;
olleolleolle;1;13921;;;;;;;;;;
jderusse;1;13923;;;;;;;;;;
tsuna;1;13930;;;;;;;;;;
alecbenson;4;14874;14446;14013;14011;;;;;;;
hisaharu;2;14075;14066;;;;;;;;;
rootfs;2;15648;14097;;;;;;;;;
wwwtyro;1;14103;;;;;;;;;;
port22;1;14158;;;;;;;;;;
glevand;2;14299;14167;;;;;;;;;
henrysher;2;14202;14177;;;;;;;;;
pharshal;1;14225;;;;;;;;;;
sheavner;1;14273;;;;;;;;;;
Triara;1;14296;;;;;;;;;;
Krijger;1;14493;;;;;;;;;;
bacoboy;1;14513;;;;;;;;;;
gospo;2;14680;14534;;;;;;;;;
heidsoft;1;14549;;;;;;;;;;
ymzong;1;14576;;;;;;;;;;
SpencerBrown;1;14625;;;;;;;;;;
kkirsche;2;15061;14631;;;;;;;;;
Gerasina1981;1;14717;;;;;;;;;;
cintiadr;1;14787;;;;;;;;;;
gabrielgrant;1;14883;;;;;;;;;;
Xethron;1;14910;;;;;;;;;;
avidmich;2;14957;14954;;;;;;;;;
yoanisgil;1;14961;;;;;;;;;;
fernandoacorreia;1;14991;;;;;;;;;;
BrianHicks;1;15043;;;;;;;;;;
boydjd;1;15073;;;;;;;;;;
montgomerytech;1;15088;;;;;;;;;;
bronislav;1;15093;;;;;;;;;;
optimisticanshul;1;15105;;;;;;;;;;
cstroe;2;15140;15131;;;;;;;;;
izaakschroeder;1;15153;;;;;;;;;;
unixrt;1;15162;;;;;;;;;;
lzlarryli;1;15210;;;;;;;;;;
edsfocci;1;15228;;;;;;;;;;
daper;1;15262;;;;;;;;;;
SnakeDoc;1;15375;;;;;;;;;;
slevental;2;15465;15464;;;;;;;;;
thelinuxkid;1;15546;;;;;;;;;;
asdfsx;1;15550;;;;;;;;;;
dancewhale;1;15551;;;;;;;;;;
mohan08p;2;25605;15565;;;;;;;;;
azweb76;1;15591;;;;;;;;;;
mpatlasov;1;15594;;;;;;;;;;
robhaswell;1;15665;;;;;;;;;;
boite;1;15743;;;;;;;;;;
huikang;1;15747;;;;;;;;;;
maclennann;1;15749;;;;;;;;;;
mssola;1;15814;;;;;;;;;;
angch;1;15852;;;;;;;;;;
daviddyball;1;16115;;;;;;;;;;
tt;1;16183;;;;;;;;;;
gzoller;2;16227;16222;;;;;;;;;
dgersting;1;16252;;;;;;;;;;
bowlofeggs;1;16325;;;;;;;;;;
keerthanabs1;1;16379;;;;;;;;;;
iskradelta;1;16394;;;;;;;;;;
matthewvalimaki;1;16399;;;;;;;;;;
majidgolshadi;1;16438;;;;;;;;;;
ygravrand;1;16450;;;;;;;;;;
varshneyjayant;1;16460;;;;;;;;;;
krisdages;1;16537;;;;;;;;;;
vegasbrianc;1;16550;;;;;;;;;;
hacpai;1;16583;;;;;;;;;;
lordzero0000;1;16587;;;;;;;;;;
insanetoto;1;16601;;;;;;;;;;
itsNikolay;1;16612;;;;;;;;;;
KimTaehee;1;16621;;;;;;;;;;
mark-r-m;1;16697;;;;;;;;;;
mathieu-pousse;1;16703;;;;;;;;;;
mattmarich;1;16729;;;;;;;;;;
z-mkorystov;1;16731;;;;;;;;;;
jcbrinfo;1;16753;;;;;;;;;;
dodgerblue;1;16796;;;;;;;;;;
yangdongsheng;2;17395;17014;;;;;;;;;
mxplusb;1;17032;;;;;;;;;;
calid;1;17043;;;;;;;;;;
AaronDMarasco-VSI;1;17068;;;;;;;;;;
MartinNowak;1;17096;;;;;;;;;;
mattelacchiato;2;17110;17109;;;;;;;;;
mirceal;1;17122;;;;;;;;;;
goloroden;1;17156;;;;;;;;;;
shiroyuki;2;17917;17204;;;;;;;;;
mighq;2;17234;17232;;;;;;;;;
jamesodhunt;2;17441;17244;;;;;;;;;
isgaojing;1;17293;;;;;;;;;;
ebuildy;2;17328;17322;;;;;;;;;
nomadeous;1;17330;;;;;;;;;;
thereapsz;1;17361;;;;;;;;;;
zhengguoyong;1;17400;;;;;;;;;;
shaded-enmity;1;17402;;;;;;;;;;
netbrain;1;17414;;;;;;;;;;
StefLinde;1;17440;;;;;;;;;;
darkalia;1;17502;;;;;;;;;;
rwincewicz;1;17505;;;;;;;;;;
nnordrum;1;17655;;;;;;;;;;
csfrancis;1;17674;;;;;;;;;;
jameseggers;1;17686;;;;;;;;;;
dimastopel;1;17687;;;;;;;;;;
dbaigalmaa;1;17740;;;;;;;;;;
yecril71pl;1;17965;;;;;;;;;;
adamtulinius;1;18001;;;;;;;;;;
RickyCook;1;18183;;;;;;;;;;
afeld;1;18273;;;;;;;;;;
jeinwag;1;18277;;;;;;;;;;
bojanstef;1;18299;;;;;;;;;;
j-mracek;1;18311;;;;;;;;;;
edburns;1;18345;;;;;;;;;;
ChristianBoehlke;1;18392;;;;;;;;;;
divya88ssn;1;18511;;;;;;;;;;
aislingnorris;1;18530;;;;;;;;;;
trdenton;1;18546;;;;;;;;;;
laurmurclar;1;18600;;;;;;;;;;
pushiyun;1;18748;;;;;;;;;;
saulshanabrook;1;18817;;;;;;;;;;
summerWT;1;18822;;;;;;;;;;
jasonamyers;1;18850;;;;;;;;;;
anonmily;1;18912;;;;;;;;;;
mengzechao;1;18938;;;;;;;;;;
ItsVeryWindy;1;19020;;;;;;;;;;
andy-zhangtao;2;19172;19161;;;;;;;;;
nigelpoulton;1;19240;;;;;;;;;;
hiroaki-sakurada;1;19258;;;;;;;;;;
vsmaithal;1;19290;;;;;;;;;;
karkhaz;1;19305;;;;;;;;;;
william-leez;3;19363;19360;19334;;;;;;;;
matevarga;1;19384;;;;;;;;;;
jawher;1;19389;;;;;;;;;;
didzis;1;19617;;;;;;;;;;
frankcarey;1;19700;;;;;;;;;;
yitznewton;1;19719;;;;;;;;;;
lukeck;1;19776;;;;;;;;;;
andre-luiz-dos-santos;1;19792;;;;;;;;;;
yucs;2;20318;19798;;;;;;;;;
grooverdan;1;19825;;;;;;;;;;
fsoppelsa;2;20574;19832;;;;;;;;;
usultrared;2;20807;19848;;;;;;;;;
hggao;1;19860;;;;;;;;;;
kubbafox;1;20102;;;;;;;;;;
ng10developer;1;20129;;;;;;;;;;
lami02;1;20146;;;;;;;;;;
AndrewGearhart;1;20172;;;;;;;;;;
lenafaure;1;20186;;;;;;;;;;
mdcnz;1;20226;;;;;;;;;;
jordimassaguerpla;1;20270;;;;;;;;;;
NimaVaziri;1;20291;;;;;;;;;;
davinashreddy;1;20319;;;;;;;;;;
pbaranski;1;20321;;;;;;;;;;
wangshenbi;3;20348;20346;20344;;;;;;;;
liuggio;1;20416;;;;;;;;;;
huangzhendong;3;20498;20472;20422;;;;;;;;
wayne0019;1;20436;;;;;;;;;;
JrCs;1;20558;;;;;;;;;;
mike1729;1;20621;;;;;;;;;;
helios;1;20704;;;;;;;;;;
korzonek;1;20719;;;;;;;;;;
zhangyong-huawei;2;21026;20741;;;;;;;;;
mikelinjie;2;21241;20745;;;;;;;;;
cjellick;1;20747;;;;;;;;;;
babu-shanmugam;1;20816;;;;;;;;;;
rpeleg1970;4;20911;20908;20878;20877;;;;;;;
sandyskies;1;20987;;;;;;;;;;
ObsessiveOrange;1;21020;;;;;;;;;;
nwright-nz;1;21042;;;;;;;;;;
pavanidasari;1;21113;;;;;;;;;;
gigidwan;1;21185;;;;;;;;;;
duyanghao;1;21245;;;;;;;;;;
Pirabarlen-Cheenaramen;1;21291;;;;;;;;;;
kandekar;1;21639;;;;;;;;;;
waltaskew;1;21668;;;;;;;;;;
elyscape;1;21673;;;;;;;;;;
djs55;1;21746;;;;;;;;;;
saeta;1;21754;;;;;;;;;;
afinkenstadt;1;21870;;;;;;;;;;
alyuan;1;21924;;;;;;;;;;
paigr;1;22033;;;;;;;;;;
dimtruck;1;22090;;;;;;;;;;
HammyHavoc;1;22176;;;;;;;;;;
zwqh5418;1;22277;;;;;;;;;;
amitshukla;1;22346;;;;;;;;;;
naughtybear;1;22387;;;;;;;;;;
zhaoshensky;1;22390;;;;;;;;;;
MeromTh;1;22416;;;;;;;;;;
danielwhatmuff;1;22493;;;;;;;;;;
putztzu;1;22583;;;;;;;;;;
Yanfeng-Wang;1;22594;;;;;;;;;;
coldclimate;1;22613;;;;;;;;;;
kvmprashanth;1;22691;;;;;;;;;;
Boolman;1;22695;;;;;;;;;;
gamesbook;1;22748;;;;;;;;;;
ZhangHang-z;1;22754;;;;;;;;;;
satanson;1;22758;;;;;;;;;;
sanmai-NL;1;22808;;;;;;;;;;
RobinGeuze;2;22830;22829;;;;;;;;;
dbaxa;1;22959;;;;;;;;;;
vikaschoudhary16;4;23163;23156;23150;23028;;;;;;;
shinriyo;1;23117;;;;;;;;;;
nwang92;1;23144;;;;;;;;;;
sethp-jive;1;23175;;;;;;;;;;
liucw2012;2;23196;23191;;;;;;;;;
tanji;1;23229;;;;;;;;;;
etamponi;1;23240;;;;;;;;;;
r4um;1;23255;;;;;;;;;;
fortinux;1;23352;;;;;;;;;;
jongiddy;1;23426;;;;;;;;;;
digideskio;1;23607;;;;;;;;;;
Cybertinus;1;23815;;;;;;;;;;
cardil;1;23850;;;;;;;;;;
Purple90;1;23858;;;;;;;;;;
hbrgnr;1;23874;;;;;;;;;;
danielemegna;1;23953;;;;;;;;;;
okvic77;1;24097;;;;;;;;;;
denisvm;1;24193;;;;;;;;;;
dppascual;1;24246;;;;;;;;;;
MaximF;1;24314;;;;;;;;;;
SinghamXiao;3;24621;24619;24359;;;;;;;;
wushiqinlou;1;24439;;;;;;;;;;
iamV12;1;24487;;;;;;;;;;
jinzaizhichi;1;24623;;;;;;;;;;
KJTsanaktsidis;1;24711;;;;;;;;;;
jakon89;2;24731;24719;;;;;;;;;
paulcwarren;1;24938;;;;;;;;;;
akinsWin;1;25127;;;;;;;;;;
DerekTBrown;1;25151;;;;;;;;;;
STRd6;1;25174;;;;;;;;;;
upccup;2;25322;25272;;;;;;;;;
a3020;1;25280;;;;;;;;;;
cognition;1;25344;;;;;;;;;;
schors;1;25411;;;;;;;;;;
Richard-Mathie;1;25414;;;;;;;;;;
technolo-g;1;25419;;;;;;;;;;
kouhin;1;25522;;;;;;;;;;
sqleejan;1;25565;;;;;;;;;;
RavitejaAnantha;1;25589;;;;;;;;;;
jdnurmi;1;25633;;;;;;;;;;
zhaoleidd;1;25754;;;;;;;;;;
enderb-ms;1;25807;;;;;;;;;;
DarshanZer0;1;25916;;;;;;;;;;
sebglon;2;26215;26042;;;;;;;;;
bettyjunod;1;26265;;;;;;;;;;
Revolution1;1;26273;;;;;;;;;;
FengtuWang;1;26305;;;;;;;;;;
michelvocks;2;26393;26321;;;;;;;;;
gerwim;1;26348;;;;;;;;;;
Yogu;1;26350;;;;;;;;;;
cmingxu;1;26366;;;;;;;;;;
yangyuqian;1;26470;;;;;;;;;;
timezstyle;1;26679;;;;;;;;;;
aacebedo;1;26794;;;;;;;;;;
zlzlnet;1;26811;;;;;;;;;;
alex-berger;1;26849;;;;;;;;;;
jonjohnsonjr;1;26936;;;;;;;;;;
ssuvasanth;3;27437;27274;27177;;;;;;;;
jquast;1;27204;;;;;;;;;;
FlorinPetriuc;2;27229;27228;;;;;;;;;
oszi;1;27242;;;;;;;;;;
a4sh3u;1;27282;;;;;;;;;;
povesteam;1;27373;;;;;;;;;;
samrocketman;1;27473;;;;;;;;;;
jamiethermo;1;27480;;;;;;;;;;
DavidObando;1;27509;;;;;;;;;;
rothrock;1;27562;;;;;;;;;;
Jin10Dong;1;27680;;;;;;;;;;
kika123;1;27730;;;;;;;;;;
yours1103;1;27813;;;;;;;;;;
TonyLi123;1;27820;;;;;;;;;;
wallyqs;1;27841;;;;;;;;;;
shivacherukuri;1;27846;;;;;;;;;;
s0-huawei;1;27895;;;;;;;;;;
petrosagg;1;27956;;;;;;;;;;
amitkumarj441;1;28028;;;;;;;;;;
andschwa;1;28249;;;;;;;;;;
shibli786;1;28345;;;;;;;;;;
sudswas;1;28798;;;;;;;;;;
brijs;1;28849;;;;;;;;;;
twang2218;2;30363;28858;;;;;;;;;
hsljih;2;28863;28862;;;;;;;;;
bacaldwell;1;29086;;;;;;;;;;
inspire12;1;29274;;;;;;;;;;
LookingLMH;1;29300;;;;;;;;;;
realityone;1;29406;;;;;;;;;;
CandiceGuo;1;29618;;;;;;;;;;
guohaifang;1;29621;;;;;;;;;;
dongziming;2;29630;29629;;;;;;;;;
mentalMedley;1;29727;;;;;;;;;;
yummypeng;1;29743;;;;;;;;;;
galaxydi;1;29777;;;;;;;;;;
jaczhao;3;29825;29824;29823;;;;;;;;
zweid;2;31280;29834;;;;;;;;;
yyb196;1;29850;;;;;;;;;;
e4jet;1;30109;;;;;;;;;;
sinverso;1;30216;;;;;;;;;;
Jenyce;1;30221;;;;;;;;;;
fortrueme;1;30228;;;;;;;;;;
jessicaannajames;1;30234;;;;;;;;;;
Anneie;1;30235;;;;;;;;;;
waghpooja;1;30299;;;;;;;;;;
huangyanxiong01;2;30664;30367;;;;;;;;;
ashugreat0;1;30470;;;;;;;;;;
mrueg;1;30525;;;;;;;;;;
Nqoba-Steven;1;30552;;;;;;;;;;
wernight;1;30602;;;;;;;;;;
troy0820;1;30743;;;;;;;;;;
danielpanteleit;1;30784;;;;;;;;;;
tonglil;1;30855;;;;;;;;;;
ZhengongCai;1;30863;;;;;;;;;;
keceel;1;30924;;;;;;;;;;
eromoe;1;30968;;;;;;;;;;
AliakseiYak;1;31099;;;;;;;;;;
ionrover2;1;31167;;;;;;;;;;
funkydorian;2;31172;31171;;;;;;;;;
fike;1;31201;;;;;;;;;;
Helen-Xie;1;31210;;;;;;;;;;
scjane;1;31213;;;;;;;;;;
capipo;1;31234;;;;;;;;;;
hbhdwxf;1;31593;;;;;;;;;;
seguridadlimitada;1;31618;;;;;;;;;;