martinbean;2;25;15;;;
lguzzon;2;8659;18;;;
toddself;1;355;;;;
brettahale;1;361;;;;
yazaddaruvala;2;1428;382;;;
tommyh;1;433;;;;
pgherveou;1;508;;;;
weiribao;1;525;;;;
ide;1;536;;;;
youngjay;1;621;;;;
ul;1;689;;;;
justinfreitag;1;743;;;;
MalucoMarinero;1;756;;;;
joeyyang;2;828;802;;;
wereHamster;1;859;;;;
radebrecht;1;868;;;;
brycekahle;1;938;;;;
ehd;1;943;;;;
glenn-murray-bse;1;960;;;;
tomap;1;1052;;;;
shauntrennery;2;1141;1140;;;
percyhanna;1;1221;;;;
insin;1;1233;;;;
actionnick;1;1240;;;;
mereskin;1;1249;;;;
rcs;1;1265;;;;
randylien;1;1271;;;;
thinkloop;1;1290;;;;
niki4810;1;1291;;;;
MarkNijhof;2;1321;1303;;;
ugin;1;1307;;;;
DveMac;2;1347;1339;;;
swannodette;1;1346;;;;
karlmikko;2;1948;1372;;;
sstur;1;1378;;;;
zichun;1;1385;;;;
jkimbo;1;1415;;;;
Raynos;1;1426;;;;
nathansobo;1;1439;;;;
muffs;1;1473;;;;
kramerc;1;1518;;;;
Meettya;1;1526;;;;
jonase;2;1769;1557;;;
eddhannay;2;1594;1561;;;
BetaRabbit;1;1574;;;;
thaggie;1;1600;;;;
popham;1;1613;;;;
simenbrekken;1;1682;;;;
nullobject;1;1702;;;;
jmcriffey;1;1709;;;;
ruanwz;1;1727;;;;
sebmak;1;1754;;;;
merriam;1;1787;;;;
jseppi;1;1859;;;;
zmbush;1;1862;;;;
jmandel;1;1872;;;;
patrickschneider23;1;1889;;;;
evangoer;1;1918;;;;
marianoguerra;1;1932;;;;
wiredmax;1;1963;;;;
simonwhitaker;2;2004;2003;;;
igorklopov;1;2013;;;;
jaketrent;1;2014;;;;
earlonrails;1;2022;;;;
kraf;1;2030;;;;
anatolikurtsevich;1;2031;;;;
thetalecrafter;1;2056;;;;
erikbrannstrom;1;2060;;;;
giantelk;2;4704;2086;;;
mtscout6;1;2092;;;;
deadlyicon;1;2099;;;;
orodio;1;2110;;;;
jonasi;1;2114;;;;
kossnocorp;1;2121;;;;
mtsyganov;3;2169;2133;2131;;
nickmerwin;1;2146;;;;
audreyt;1;2161;;;;
silver83;1;2172;;;;
arasmussen;3;3962;3954;2175;;
rowoot;1;2195;;;;
evanbleiweiss;1;2201;;;;
iepathos;1;2204;;;;
ateich;1;2213;;;;
kureikain;1;2217;;;;
cirocosta;2;2283;2220;;;
pconerly;1;2221;;;;
pvenkatakrishnan;1;2233;;;;
2color;1;2248;;;;
lhausermann;1;2263;;;;
trevorbernard;1;2265;;;;
stephenjudkins;1;2289;;;;
jenshz;1;2353;;;;
plaxdan;1;2355;;;;
krawaller;1;2362;;;;
aackerman;2;2574;2366;;;
Robdel12;1;2369;;;;
TJZenkai;1;2389;;;;
fishbar;1;2422;;;;
warrd;1;2442;;;;
brendangibson;1;2462;;;;
jadmz;1;2472;;;;
RP-3;1;2478;;;;
n1ghtmare;1;2491;;;;
isaiah;1;2495;;;;
appsforartists;1;2511;;;;
msujaws;1;2524;;;;
ChrisBland;1;2526;;;;
rszewczyk;1;2534;;;;
qbaty;1;2562;;;;
wilco42;1;2599;;;;
colindecarlo;1;2606;;;;
nicolasbrugneaux;1;2617;;;;
jleplomet;1;2638;;;;
xincici;1;2641;;;;
sebbean;1;2645;;;;
romanmatiasko;2;2663;2650;;;
tcoopman;1;2683;;;;
carloguli;1;2685;;;;
gentooboontoo;1;2697;;;;
isiahmeadows;1;2702;;;;
pletcher;2;3144;2717;;;
magalhas;1;2720;;;;
ryanzec;1;2755;;;;
h1bomb;1;2876;;;;
asvsfs;2;2879;2878;;;
patcito;1;2888;;;;
andrew-d;1;2893;;;;
ysagal;1;2911;;;;
vinnymac;1;2934;;;;
smonev;1;2947;;;;
ForbesLindesay;1;2975;;;;
brianleroux;1;2980;;;;
rjruizes;1;2989;;;;
charlieschwabacher;1;3002;;;;
tehp;1;3024;;;;
martinstein;1;3041;;;;
phillbaker;1;3072;;;;
timarney;3;7898;3106;3098;;
syrusakbary;1;3101;;;;
dsteinbach;1;3109;;;;
pablinos;1;3116;;;;
wyze;1;3127;;;;
jasom;1;3129;;;;
nhagen;1;3150;;;;
streeter;1;3184;;;;
zemirco;1;3197;;;;
jdeherrera;1;3199;;;;
banderson;1;3211;;;;
AlexKVal;2;3217;3215;;;
stefvhuynh;1;3235;;;;
TrySpace;1;3243;;;;
scttnlsn;1;3273;;;;
tobinibot;1;3307;;;;
bunnyc1986;1;3376;;;;
gareththackeray;1;3403;;;;
danielearwicker;1;3408;;;;
jamel;1;3434;;;;
mheiber;1;3447;;;;
gilbox;1;3454;;;;
listenloop;1;3462;;;;
jlgerber;1;3505;;;;
miaozhirui;3;6565;5565;3523;;
hatched;1;3531;;;;
sumbach;1;3533;;;;
colinmegill;1;3554;;;;
timbur;1;3569;;;;
axross;1;3571;;;;
vtemian;1;3575;;;;
guybenron;1;3591;;;;
vgpena;1;3600;;;;
azproduction;1;3605;;;;
sumnulu;1;3630;;;;
caike;1;3674;;;;
frostney;1;3683;;;;
codesuki;1;3690;;;;
ponychicken;1;3704;;;;
framp;2;3808;3718;;;
nemoDreamer;1;3724;;;;
sejoker;1;3745;;;;
8064373836;1;3753;;;;
taiansu;1;3755;;;;
fliptopbox;1;3756;;;;
meatballhat;1;3759;;;;
byroot;1;3772;;;;
masterfung;2;3924;3778;;;
fdubost;1;3818;;;;
devknoll;2;3822;3819;;;
boopathi;1;3891;;;;
dujuanxian;1;3952;;;;
pwmckenna;1;3974;;;;
hesselink;1;4004;;;;
gdtrice;1;4024;;;;
izogain;3;4049;4048;4047;;
revolunet;1;4061;;;;
jocrau;1;4108;;;;
ekong2;1;4117;;;;
jmarceli;1;4122;;;;
Lucaslimay;2;4186;4181;;;
gyzerok;1;4198;;;;
capaj;1;4225;;;;
restlessdesign;1;4228;;;;
jscheel;1;4253;;;;
rodocite;2;5179;4271;;;
dieppe;1;4303;;;;
drojas;1;4353;;;;
garbles;1;4421;;;;
radarhere;1;4426;;;;
dshm;1;4436;;;;
cristiancavalli;1;4463;;;;
niole;1;4482;;;;
thr0w;2;7226;4504;;;
gfogle;2;5264;4522;;;
manolopm;1;4536;;;;
joaomilho;1;4576;;;;
tgriesser;1;4620;;;;
johngoren;1;4642;;;;
jlas;1;4647;;;;
AlastairTaft;1;4659;;;;
linmic;1;4661;;;;
dvdplm;2;4669;4668;;;
ajdinhedzic;1;4691;;;;
ianb;1;4708;;;;
cassiozen;2;8437;4716;;;
mohitbhatia1994;1;4717;;;;
SpencerCDixon;1;4726;;;;
luis709394;1;4743;;;;
flipactual;1;4768;;;;
8398a7;1;4802;;;;
demohi;1;4815;;;;
phillipalexander;1;4816;;;;
Jyrno42;2;5082;4828;;;
wesbos;1;4849;;;;
cesine;1;4851;;;;
cgreening;1;4880;;;;
dorav;1;4955;;;;
davidmason;2;5022;4968;;;
joe-strummer;1;5009;;;;
eliudiaz;1;5035;;;;
beckiechoi;1;5037;;;;
xelad1;1;5049;;;;
loganhenson;2;5099;5098;;;
kopijunkie;1;5114;;;;
vnovick;1;5145;;;;
line-o;1;5191;;;;
Prowindy;1;5206;;;;
iuriikozuliak;1;5210;;;;
jadekler;1;5220;;;;
urbanvikingr;1;5224;;;;
dgdblank;1;5234;;;;
gontux;1;5239;;;;
59naga;1;5241;;;;
neelance;1;5247;;;;
romainneutron;1;5257;;;;
nottoseethesun;1;5276;;;;
williamle8300;2;5294;5281;;;
lukebayes;1;5283;;;;
iredelmeier;1;5299;;;;
koulmomo;1;5333;;;;
krainboltgreene;1;5357;;;;
bcomnes;1;5374;;;;
darul75;1;5389;;;;
frzng;1;5398;;;;
jdlehman;2;6361;5408;;;
Agrosis;1;5418;;;;
ramiruhayel;1;5437;;;;
svgpath;1;5449;;;;
remojansen;1;5454;;;;
neridonk;1;5470;;;;
rppc;4;5615;5476;5475;5474;
mihaialexe;1;5480;;;;
handoing;1;5488;;;;
ParanormalCoder;2;6792;5498;;;
justanman;1;5514;;;;
hoodwink73;1;5521;;;;
XeeD;2;5530;5528;;;
jansedivy;1;5529;;;;
oguzzkilic;1;5557;;;;
shuaibiyy;1;5569;;;;
3den;1;5574;;;;
tombigel;1;5613;;;;
dompuiu;1;5621;;;;
stefk;1;5628;;;;
mmorearty;1;5629;;;;
jgatjens;1;5633;;;;
wcollar;1;5636;;;;
bouk;1;5642;;;;
booleanhunter;1;5647;;;;
vasanthk;2;5851;5657;;;
hayesgm;2;5680;5666;;;
tgandrews;1;5685;;;;
adnasa;1;5691;;;;
zz42466;1;5722;;;;
meghprkh;1;5727;;;;
dallonf;1;5740;;;;
TimeBandit;1;5758;;;;
kidwm;1;5764;;;;
atilacamurca;1;5774;;;;
Gaumigais;1;5795;;;;
amelierosser;1;5797;;;;
esgy;1;5808;;;;
Eruditious;1;5820;;;;
awinograd;1;5831;;;;
lina;1;5842;;;;
mkaschenko;1;5843;;;;
alunyov;1;5861;;;;
octaviantamasB;1;5866;;;;
benmills;1;5868;;;;
mdolbin;1;5879;;;;
trevordmiller;1;5890;;;;
danielrussellLA;1;5895;;;;
pvorona;1;5905;;;;
RandScullard;2;5973;5915;;;
ericjim;2;5932;5931;;;
evcohen;1;5933;;;;
EcutDavid;1;5962;;;;
CorainChicago;1;5978;;;;
abutterworth;3;5989;5988;5987;;
MoOx;1;5994;;;;
qed2000;1;5996;;;;
sprjr;1;6019;;;;
ObedAmpah;1;6034;;;;
arjunsharma;1;6037;;;;
DominicTobias;1;6058;;;;
roth1002;1;6076;;;;
bportnoy;2;6591;6091;;;
stonebk;1;6104;;;;
holgerl;1;6106;;;;
maxmert;1;6124;;;;
vslinko;2;6136;6135;;;
timwis;2;6138;6137;;;
hellosmithy;1;6149;;;;
jmm;2;6496;6161;;;
WebReflection;1;6225;;;;
azizhk;1;6230;;;;
jayzawrotny;1;6240;;;;
linhphi9x94;1;6259;;;;
infiman;1;6264;;;;
ericmatthys;1;6268;;;;
sunkibaek;1;6269;;;;
oafridi;1;6272;;;;
marcshilling;1;6278;;;;
ajgreenb;1;6300;;;;
bradmsmith;2;6315;6314;;;
PiereDome;1;6317;;;;
Bear-Foot;1;6340;;;;
Sumei1009;4;6509;6508;6404;6345;
pavelkornev;1;6357;;;;
bogdanvlviv;1;6359;;;;
huang9;1;6375;;;;
FintanK;1;6394;;;;
huanqing;1;6403;;;;
bryzaguy;1;6418;;;;
krolow;1;6463;;;;
neol732;1;6473;;;;
omerts;2;6936;6482;;;
rajasegar;1;6502;;;;
jyang22;1;6520;;;;
scottgago;1;6528;;;;
bingdai;1;6531;;;;
elrumordelaluz;1;6532;;;;
andykenward;1;6539;;;;
keyfoxth;1;6542;;;;
ev1stensberg;5;7588;6636;6625;6558;6550
ferryhinardi;1;6580;;;;
playmusic9;1;6592;;;;
kamidox;1;6595;;;;
cluk3;1;6596;;;;
jrowny;1;6710;;;;
hubery-kung;1;6720;;;;
arnav-gudibande;1;6722;;;;
malstoun;1;6744;;;;
MichaelCereda;1;6745;;;;
ezubarev;1;6759;;;;
pvolok;1;6816;;;;
ioctaptceb;2;6818;6817;;;
ankitml;5;6850;6848;6847;6846;6828
gillchristian;1;6835;;;;
raphaelkross;1;6837;;;;
gustavovnicius;1;6856;;;;
kos76;1;6866;;;;
fobbyal;1;6883;;;;
f0rk;1;6893;;;;
kevinbarabash;1;6915;;;;
danielberndt;1;6924;;;;
zarkoselak;1;6925;;;;
bendyorke;1;6934;;;;
cpb;1;6937;;;;
philipshurpik;1;6940;;;;
dennyjun;1;6969;;;;
joeporpeglia;1;6989;;;;
nicholaswyoung;1;6997;;;;
git-richard;1;7011;;;;
ZakariaRidouh;2;7068;7026;;;
garethx;1;7030;;;;
Huntario;1;7050;;;;
bodyno;1;7062;;;;
franny8;1;7069;;;;
felipethome;1;7084;;;;
sthodup1;1;7090;;;;
krishnayelamanchili;1;7116;;;;
tylermcginnis;1;7117;;;;
alexyuly;1;7134;;;;
ibmua;1;7137;;;;
hideokamoto;1;7138;;;;
DDunc;1;7139;;;;
MickyCook;1;7145;;;;
cheesemacfly;1;7150;;;;
nathanmarks;1;7191;;;;
bvella;2;7225;7213;;;
pke;1;7268;;;;
amilajack;1;7286;;;;
llqgit;1;7296;;;;
hunterhawes13;3;7306;7305;7304;;
vamsi;1;7316;;;;
elodszopos;1;7329;;;;
halt-hammerzeit;1;7332;;;;
all3fox;1;7347;;;;
mikeappell;1;7364;;;;
denar50;1;7383;;;;
jin;1;7402;;;;
hepeguo;1;7403;;;;
jshawl;1;7414;;;;
TAGraves;1;7416;;;;
uxtx;1;7419;;;;
shoo7830;1;7420;;;;
just-boris;1;7436;;;;
baer;1;7446;;;;
gor181;1;7471;;;;
jdelbello;1;7517;;;;
captainsafia;1;7537;;;;
rkotze;1;7556;;;;
SalehHindi;1;7577;;;;
swarajban;1;7605;;;;
sgharms;1;7611;;;;
tomkel;1;7682;;;;
mikamikuh;1;7687;;;;
hannesj;1;7699;;;;
bshlgrs;1;7731;;;;
strangemonad;1;7737;;;;
aleclarson;2;7780;7773;;;
Dachaz;1;7793;;;;
clark-thomas;1;7796;;;;
mixed;1;7814;;;;
olegafx;1;7836;;;;
briandeheus;4;7877;7859;7843;7842;
shrynx;1;7879;;;;
Paklausk;1;7899;;;;
DaleSeo;1;7907;;;;
Jiab77;4;7917;7916;7915;7914;
tiemevanveen;1;7946;;;;
llimllib;1;7955;;;;
PeterDaveHello;1;7987;;;;
hozefaj;1;7995;;;;
Ragnaroek;1;8032;;;;
ssonal;1;8044;;;;
tarjei;1;8069;;;;
localheinz;1;8070;;;;
Charlotteis;1;8077;;;;
wrzasa;1;8093;;;;
newyork-anthonyng;1;8101;;;;
dtinth;1;8103;;;;
xinghongfei;1;8105;;;;
gryzzly;1;8106;;;;
schmittr;1;8109;;;;
Llorx;1;8158;;;;
remekoh;1;8159;;;;
jrockwood;1;8188;;;;
BusbyActual;1;8191;;;;
alexburner;1;8201;;;;
bradley-curran;1;8213;;;;
emarukyan;1;8233;;;;
kutsan;1;8237;;;;
sdougbrown;1;8247;;;;
renderf0x;1;8278;;;;
peteychuk;1;8282;;;;
thatmffmmisfit;1;8284;;;;
danielholmes;1;8291;;;;
hedgerh;1;8297;;;;
stinoga;1;8313;;;;
iroshanAV;1;8323;;;;
unel;1;8333;;;;
david-mark;2;8428;8341;;;
Korilakkuma;1;8355;;;;
laumair;1;8432;;;;
ermauliks;1;8433;;;;
hiendv;1;8506;;;;
fredericmarx;1;8524;;;;
matrinox;1;8543;;;;
bwright2810;1;8548;;;;
mathiasbynens;1;8550;;;;
Lord-Haji;1;8555;;;;
sweetkate;1;8564;;;;
AnnFeng;1;8599;;;;
tam-borine;1;8618;;;;
carlos-aguayo;1;8647;;;;
sajadtorkamani;1;8662;;;;
zhangyu911013;1;8700;;;;
beiciye;1;8766;;;;
PascalPixel;1;8768;;;;
jguthrie100;1;8822;;;;
andys8;2;8836;8835;;;
vincentmayers;1;8843;;;;
Gavin-Gong;1;8872;;;;
adetime;1;8917;;;;
szyablitsky;1;8928;;;;
Vasikaran;1;8953;;;;
scyrizales;1;8967;;;;
antics;1;8979;;;;
davidkorff;2;9010;9009;;;
Jayflux;1;9017;;;;
janicduplessis;1;9027;;;;
niubaba63;1;9041;;;;
gibbok;1;9064;;;;
marcinwenger;1;9083;;;;
guylyons;1;9124;;;;
DavidBachmann;1;9130;;;;